Age,Gender,Education Level,Marital Status,Income,Credit Score,Loan Amount,Loan Purpose,Employment Status,Years at Current Job,Payment History,Debt-to-Income Ratio,Assets Value,Number of Dependents,City,State,Country,Previous Defaults,Marital Status Change,Risk Rating,Risk_Level
49,Male,PhD,Divorced,72799.0,688.0,45713.0,Business,Unemployed,19,Poor,0.15431329631270066,120228.0,0.0,Port Elizabeth,AS,Cyprus,2.0,2,Bajo,1
21,Non-binary,Master's,Single,55687.0,600.0,36623.0,Home,Employed,8,Fair,0.36239801732546084,180700.0,3.0,South Scott,OK,Luxembourg,3.0,2,Alto,0
59,Male,Bachelor's,Single,26508.0,622.0,26541.0,Personal,Unemployed,2,Excellent,0.45496438073379486,157319.0,3.0,Robinhaven,PR,Uganda,4.0,2,Alto,0
42,Non-binary,Master's,Single,116212.0,707.0,24771.0,Home,Employed,11,Excellent,0.11413374759829523,212198.0,3.0,Matthewborough,NH,French Guiana,0.0,2,Bajo,1
55,Male,High School,Married,70978.0,706.0,36970.0,Personal,Unemployed,19,Excellent,0.26694090925040004,54041.0,3.0,Christophermouth,MO,Tonga,1.0,0,Bajo,1
56,Non-binary,PhD,Married,21084.0,702.0,22039.0,Personal,Employed,19,Fair,0.23104637400031283,226053.0,2.0,East James,MP,Isle of Man,0.0,2,Alto,0
41,Male,PhD,Married,93133.0,791.0,14052.0,Business,Employed,13,Poor,0.2828500570626953,82774.0,0.0,Lewisland,AZ,South Georgia and the South Sandwich Islands,1.0,0,Bajo,1
48,Non-binary,PhD,Married,46408.0,632.0,48403.0,Personal,Unemployed,16,Excellent,0.1853253064176966,93647.0,3.0,South Jason,KS,Guyana,1.0,0,Medio,2
47,Female,High School,Single,33065.0,783.0,6895.0,Auto,Self-employed,2,Fair,0.11668091553077334,158428.0,3.0,West Sharon,AL,Seychelles,2.0,0,Alto,0
21,Male,Bachelor's,Widowed,73952.0,631.0,49525.0,Auto,Unemployed,3,Excellent,0.1436440906212159,32912.0,0.0,West Denisebury,KY,French Guiana,1.0,2,Medio,2
65,Male,PhD,Widowed,77146.0,796.0,38386.0,Business,Self-employed,17,Fair,0.3231863863545411,262145.0,0.0,Johnsonside,LA,Vietnam,4.0,1,Alto,0
39,Non-binary,PhD,Single,93509.0,703.0,16651.0,Auto,Unemployed,5,Fair,0.5285823483026814,270036.0,0.0,North Joshuaborough,MI,Falkland Islands (Malvinas),0.0,0,Bajo,1
36,Male,Bachelor's,Divorced,29868.0,635.0,12521.0,Auto,Employed,17,Excellent,0.3504541332462523,240325.0,2.0,Wendyshire,ND,Dominica,4.0,0,Alto,0
36,Female,Master's,Married,68776.0,612.0,47707.0,Personal,Unemployed,11,Fair,0.3323967910462594,68491.0,0.0,Port Christopher,NY,Brunei Darussalam,1.0,1,Medio,2
54,Female,Bachelor's,Married,98669.0,720.0,19464.0,Business,Unemployed,2,Poor,0.1679040914919637,26571.0,0.0,Smithview,IA,French Polynesia,1.0,0,Bajo,1
19,Non-binary,Master's,Single,112545.0,712.0,15503.0,Home,Unemployed,7,Poor,0.25217285401685385,194154.0,0.0,Ibarraport,NJ,Zimbabwe,4.0,0,Alto,0
44,Non-binary,PhD,Widowed,51280.0,750.0,22162.0,Home,Employed,11,Excellent,0.5501304950345566,87579.0,3.0,East Danielmouth,AS,Haiti,1.0,2,Bajo,1
65,Male,Master's,Divorced,106526.0,650.0,23161.0,Auto,Employed,19,Poor,0.5448673968438962,98025.0,4.0,Richardbury,ID,Armenia,0.0,0,Medio,2
36,Non-binary,Bachelor's,Widowed,37105.0,720.0,33259.0,Home,Employed,7,Fair,0.41277702763585167,294048.0,2.0,Yvonneland,NY,Brunei Darussalam,3.0,1,Alto,0
39,Female,Master's,Widowed,100015.0,615.0,23114.0,Business,Unemployed,14,Poor,0.48464249052051134,85309.0,0.0,New Meganshire,NV,French Polynesia,3.0,0,Alto,0
50,Female,Master's,Divorced,96293.0,708.0,21552.0,Auto,Employed,3,Excellent,0.12939420972283414,255942.0,4.0,Port Amy,FM,Egypt,0.0,1,Bajo,1
38,Non-binary,Bachelor's,Single,48069.0,670.0,17841.0,Home,Unemployed,17,Excellent,0.15751912714088298,241550.0,2.0,Jacksonmouth,WA,Jordan,0.0,2,Medio,2
35,Female,PhD,Married,72433.0,792.0,5747.0,Business,Self-employed,4,Good,0.3273739345775527,112076.0,0.0,Andreaborough,NC,Thailand,3.0,2,Alto,0
22,Non-binary,Master's,Widowed,65266.0,617.0,34746.0,Home,Unemployed,18,Poor,0.26894428062818065,40215.0,4.0,Taylormouth,ND,Botswana,1.0,1,Medio,2
40,Male,Master's,Widowed,98578.0,663.0,8747.0,Auto,Self-employed,1,Good,0.5146706368606976,37396.0,0.0,Jacobview,WV,Russian Federation,0.0,1,Medio,2
39,Male,High School,Married,90227.0,770.0,18079.0,Business,Employed,3,Poor,0.5187589537006945,163838.0,1.0,South Brianna,GU,Mali,0.0,1,Bajo,1
31,Non-binary,High School,Divorced,107081.0,740.0,18101.0,Business,Employed,5,Poor,0.10879381712622424,25157.0,2.0,Gordonbury,AL,Ukraine,1.0,2,Bajo,1
45,Female,High School,Widowed,82878.0,748.0,17023.0,Auto,Self-employed,19,Poor,0.5849112572624202,192705.0,4.0,Penamouth,NH,Ethiopia,4.0,1,Alto,0
19,Male,High School,Married,35817.0,731.0,44426.0,Home,Unemployed,1,Fair,0.5054597465036814,20626.0,1.0,East Triciatown,WI,Angola,0.0,2,Alto,0
36,Female,High School,Married,65104.0,699.0,44260.0,Home,Employed,2,Excellent,0.3377617250479925,135458.0,4.0,Zacharyhaven,NM,Guatemala,2.0,2,Bajo,1
23,Male,Bachelor's,Single,28906.0,724.0,24532.0,Business,Unemployed,3,Poor,0.500613650535156,96640.0,2.0,Lake Evelynstad,CA,Monaco,0.0,0,Alto,0
22,Male,Master's,Widowed,104766.0,764.0,16117.0,Business,Unemployed,17,Good,0.21152506121479356,156630.0,3.0,New Shannonberg,KY,Gambia,3.0,1,Alto,0
41,Female,Master's,Widowed,79556.0,742.0,5235.0,Home,Employed,5,Excellent,0.32235613895656123,247857.0,0.0,Onealfurt,WA,Romania,4.0,0,Alto,0
57,Male,Master's,Single,116102.0,629.0,31831.0,Home,Employed,16,Excellent,0.5163625127453508,228018.0,4.0,Smithborough,IA,Palestinian Territory,2.0,0,Medio,2
52,Male,High School,Married,32094.0,634.0,17612.0,Home,Self-employed,17,Good,0.5494565438929674,114375.0,2.0,West Robert,IA,Singapore,2.0,0,Alto,0
55,Non-binary,Master's,Widowed,108177.0,735.0,23616.0,Business,Employed,12,Fair,0.33528435621267094,165613.0,2.0,Barneston,CA,Saint Pierre and Miquelon,1.0,2,Bajo,1
41,Female,PhD,Widowed,96591.0,722.0,7260.0,Home,Employed,12,Fair,0.5844948094433683,102681.0,0.0,New Shelby,KS,Lesotho,2.0,2,Bajo,1
67,Male,Master's,Widowed,107366.0,655.0,20154.0,Home,Employed,9,Poor,0.4166178675119605,108345.0,4.0,New Valerie,GA,Monaco,4.0,1,Alto,0
60,Female,PhD,Married,74030.0,711.0,9459.0,Personal,Unemployed,19,Fair,0.16067688801782584,96641.0,2.0,Lake Daniel,PW,Argentina,0.0,2,Bajo,1
39,Male,Master's,Divorced,56116.0,636.0,16578.0,Personal,Employed,12,Excellent,0.3131077322681647,197835.0,1.0,Johnnyberg,NY,South Africa,1.0,0,Medio,2
64,Male,PhD,Single,101855.0,686.0,48584.0,Auto,Self-employed,9,Good,0.5725244059508022,138039.0,3.0,East Keith,MS,El Salvador,3.0,1,Alto,0
39,Non-binary,High School,Widowed,99622.0,720.0,23158.0,Auto,Employed,6,Good,0.4198139284173301,65046.0,4.0,New Ashley,MN,El Salvador,2.0,1,Bajo,1
67,Male,PhD,Divorced,110896.0,689.0,11503.0,Business,Self-employed,9,Excellent,0.10625170343049303,121360.0,0.0,New Russellfurt,HI,Jersey,2.0,0,Bajo,1
28,Female,PhD,Single,64541.0,703.0,20017.0,Auto,Self-employed,1,Good,0.2063119883207453,24856.0,4.0,Lake Keithtown,MO,Suriname,1.0,1,Bajo,1
31,Female,PhD,Widowed,50885.0,669.0,18293.0,Home,Unemployed,7,Poor,0.2585700348588018,99103.0,4.0,Margaretchester,KY,Mayotte,3.0,2,Alto,0
48,Male,Master's,Divorced,107050.0,711.0,14382.0,Business,Self-employed,3,Excellent,0.5021079663602153,142063.0,1.0,New Janet,CT,Samoa,1.0,1,Bajo,1
35,Male,High School,Divorced,114877.0,699.0,46113.0,Business,Unemployed,6,Excellent,0.389906857140349,254153.0,0.0,Port Andreamouth,WV,Luxembourg,1.0,1,Bajo,1
36,Female,Bachelor's,Divorced,44283.0,755.0,42326.0,Personal,Self-employed,7,Poor,0.11613530899467392,228890.0,4.0,Turnerchester,NV,Micronesia,0.0,2,Bajo,1
59,Female,High School,Single,60385.0,743.0,30961.0,Business,Self-employed,19,Excellent,0.3837790169957481,222830.0,4.0,Greenport,WV,Azerbaijan,2.0,0,Bajo,1
43,Female,Bachelor's,Single,29797.0,727.0,10640.0,Business,Self-employed,14,Excellent,0.5093030635544635,89291.0,4.0,Frankport,NE,Austria,3.0,0,Alto,0
39,Non-binary,Bachelor's,Divorced,31137.0,757.0,7326.0,Personal,Unemployed,9,Poor,0.4417942672230454,68848.0,3.0,North Nathantown,MN,Indonesia,1.0,2,Alto,0
62,Female,PhD,Divorced,115923.0,726.0,37406.0,Personal,Self-employed,17,Good,0.2873108782096099,154178.0,1.0,West Elizabethside,MA,Peru,2.0,1,Bajo,1
22,Female,High School,Widowed,69738.0,727.0,15974.0,Auto,Self-employed,10,Good,0.3874834568199873,238717.0,1.0,New Kathryn,OR,Norway,0.0,1,Bajo,1
37,Non-binary,PhD,Divorced,76795.0,645.0,33454.0,Personal,Self-employed,13,Excellent,0.508511241522257,40258.0,4.0,Andreaborough,NV,Bangladesh,3.0,0,Alto,0
27,Non-binary,High School,Widowed,61232.0,643.0,46522.0,Business,Unemployed,6,Fair,0.15109907462869607,285561.0,2.0,Villafurt,RI,Sao Tome and Principe,2.0,0,Medio,2
65,Male,Master's,Single,89126.0,643.0,38741.0,Auto,Employed,0,Excellent,0.13144915884074995,50589.0,1.0,New Julieside,AK,Martinique,4.0,0,Alto,0
66,Non-binary,PhD,Widowed,104677.0,784.0,24588.0,Home,Unemployed,9,Fair,0.30483600218817364,50584.0,4.0,South Karen,NM,Finland,4.0,0,Alto,0
27,Non-binary,Master's,Divorced,80523.0,604.0,13043.0,Auto,Employed,15,Excellent,0.11227024857802945,201865.0,3.0,North Jessicachester,WY,Andorra,4.0,1,Alto,0
37,Female,PhD,Single,20987.0,640.0,8042.0,Home,Employed,12,Fair,0.44281268384484385,55772.0,3.0,Bradleyshire,NE,Falkland Islands (Malvinas),1.0,1,Alto,0
26,Male,High School,Widowed,28583.0,611.0,29949.0,Personal,Employed,19,Excellent,0.20014379312400668,139629.0,3.0,West Ashleyberg,KS,Libyan Arab Jamahiriya,2.0,0,Alto,0
21,Male,Bachelor's,Divorced,39330.0,769.0,27489.0,Home,Self-employed,14,Excellent,0.45461082452773127,284455.0,3.0,Martinezmouth,PA,Costa Rica,0.0,2,Alto,0
52,Non-binary,PhD,Divorced,111594.0,715.0,9174.0,Home,Unemployed,4,Good,0.10081512596719441,137074.0,2.0,Victoriamouth,MN,Western Sahara,2.0,1,Bajo,1
27,Female,High School,Divorced,102789.0,742.0,10729.0,Business,Employed,17,Good,0.2713076074217362,269293.0,0.0,Lauratown,AL,Vanuatu,1.0,0,Bajo,1
47,Non-binary,High School,Married,28673.0,699.0,19540.0,Auto,Unemployed,19,Fair,0.40804067166142766,255563.0,0.0,North Bonnie,MI,Mali,1.0,2,Alto,0
22,Female,Bachelor's,Widowed,35973.0,663.0,19492.0,Auto,Unemployed,2,Good,0.4324942876649389,82006.0,3.0,Hartmanmouth,VI,Suriname,0.0,0,Alto,0
41,Male,Bachelor's,Single,62011.0,747.0,15722.0,Business,Employed,3,Poor,0.17655391501053988,259195.0,2.0,Garrettton,MD,Romania,3.0,0,Alto,0
54,Male,Bachelor's,Married,114486.0,704.0,32353.0,Auto,Self-employed,7,Poor,0.4003182792891047,222630.0,1.0,Jarviston,KY,Saint Pierre and Miquelon,1.0,1,Bajo,1
34,Female,Bachelor's,Single,42064.0,760.0,39482.0,Personal,Employed,0,Excellent,0.20190021949604073,243318.0,0.0,Krystalberg,PA,Lesotho,3.0,2,Alto,0
43,Female,PhD,Widowed,31231.0,712.0,48935.0,Personal,Employed,8,Good,0.10750652035133287,277314.0,2.0,South Kent,CT,Pakistan,3.0,0,Alto,0
47,Male,Bachelor's,Married,85651.0,799.0,17157.0,Auto,Unemployed,2,Fair,0.5419208655938658,200136.0,3.0,Matthewshire,RI,Grenada,3.0,0,Alto,0
45,Male,Bachelor's,Divorced,85839.0,686.0,29177.0,Business,Self-employed,11,Excellent,0.26005521307804924,114053.0,0.0,Port Vickie,LA,New Caledonia,4.0,0,Alto,0
20,Non-binary,Bachelor's,Single,109590.0,625.0,41449.0,Personal,Self-employed,16,Fair,0.519828253285117,114922.0,1.0,Annettemouth,PR,Cape Verde,4.0,2,Alto,0
47,Non-binary,High School,Single,58217.0,658.0,15328.0,Business,Unemployed,11,Poor,0.5254072582178596,169695.0,0.0,East Nicholas,NH,Angola,0.0,0,Medio,2
49,Non-binary,Bachelor's,Married,105916.0,750.0,6324.0,Personal,Unemployed,17,Poor,0.26998445879325284,89195.0,2.0,New Phillip,SD,Peru,1.0,1,Bajo,1
62,Non-binary,Master's,Single,74850.0,650.0,17324.0,Personal,Self-employed,14,Excellent,0.19127667460854467,151244.0,0.0,New Catherineton,OR,Marshall Islands,0.0,2,Medio,2
40,Male,Bachelor's,Single,90179.0,693.0,32825.0,Personal,Self-employed,5,Good,0.5841473446063327,129600.0,3.0,Brownville,IL,Wallis and Futuna,4.0,1,Alto,0
31,Male,High School,Married,34002.0,738.0,23618.0,Home,Unemployed,6,Fair,0.17305568029073234,269695.0,3.0,Davismouth,AL,Peru,2.0,1,Alto,0
48,Male,Master's,Divorced,37540.0,673.0,34317.0,Home,Employed,7,Poor,0.5059027255840258,32715.0,4.0,New Sara,NE,Morocco,4.0,1,Alto,0
55,Non-binary,High School,Divorced,98283.0,650.0,42997.0,Auto,Unemployed,17,Fair,0.48663867885118883,178174.0,4.0,East John,ID,Argentina,0.0,0,Medio,2
65,Male,High School,Single,27826.0,736.0,43125.0,Auto,Employed,18,Good,0.2531614675810945,118770.0,0.0,West David,FL,Iraq,3.0,1,Alto,0
54,Non-binary,Master's,Single,62296.0,744.0,23778.0,Business,Self-employed,1,Excellent,0.20305280667114642,173854.0,0.0,Port Sandra,DE,Bulgaria,1.0,0,Bajo,1
30,Non-binary,Master's,Widowed,114499.0,779.0,40584.0,Auto,Self-employed,6,Fair,0.28405261391884407,76919.0,3.0,New Susan,AR,Mauritius,2.0,1,Bajo,1
19,Female,Bachelor's,Single,83471.0,793.0,8810.0,Personal,Self-employed,14,Excellent,0.5115467956413187,145761.0,4.0,Baileystad,ND,Mauritania,1.0,0,Bajo,1
19,Female,Master's,Divorced,115381.0,727.0,40970.0,Auto,Self-employed,14,Good,0.451811592453071,291530.0,1.0,Hunterside,SC,Namibia,0.0,0,Bajo,1
43,Male,Master's,Divorced,81683.0,693.0,10316.0,Home,Employed,2,Good,0.35131913549524907,28304.0,3.0,Dyerfort,MS,Holy See (Vatican City State),0.0,0,Bajo,1
25,Non-binary,Master's,Single,37330.0,797.0,28892.0,Personal,Unemployed,11,Excellent,0.45114275961176176,247877.0,3.0,Keithberg,IL,Iraq,2.0,1,Alto,0
32,Female,PhD,Single,99688.0,732.0,12429.0,Home,Unemployed,8,Poor,0.43023400317346217,267072.0,0.0,Port Sarahton,MI,North Macedonia,3.0,2,Alto,0
60,Male,PhD,Married,114018.0,636.0,28620.0,Business,Employed,1,Excellent,0.26104426179986373,38980.0,3.0,West Kaylee,CO,Liberia,1.0,1,Medio,2
35,Female,PhD,Single,39629.0,622.0,9537.0,Home,Unemployed,2,Fair,0.5243581890459524,48636.0,1.0,Desireeville,DC,Sao Tome and Principe,4.0,0,Alto,0
66,Female,High School,Single,61291.0,639.0,7908.0,Personal,Unemployed,12,Poor,0.16899969343085122,33810.0,1.0,Port David,WA,Mayotte,3.0,2,Alto,0
46,Female,Master's,Married,34284.0,775.0,26340.0,Personal,Self-employed,14,Fair,0.40035399069359945,64156.0,4.0,New Melissamouth,NV,Wallis and Futuna,0.0,2,Alto,0
28,Non-binary,Bachelor's,Divorced,98311.0,689.0,34763.0,Business,Employed,8,Excellent,0.3886654611622202,216062.0,0.0,West Deanna,TN,India,3.0,2,Alto,0
67,Male,Bachelor's,Widowed,63148.0,660.0,16704.0,Auto,Self-employed,0,Fair,0.3343446208767886,40643.0,0.0,Kimberlychester,TX,Tajikistan,4.0,2,Alto,0
28,Male,Bachelor's,Single,94693.0,718.0,20928.0,Business,Unemployed,5,Fair,0.32384981148655856,257028.0,2.0,Josephstad,MP,Georgia,4.0,2,Alto,0
27,Male,High School,Single,88173.0,746.0,14800.0,Personal,Self-employed,8,Fair,0.5387122455816609,289092.0,0.0,South Susanfurt,KY,Congo,1.0,1,Bajo,1
34,Non-binary,High School,Married,70807.0,745.0,39572.0,Business,Employed,18,Good,0.43397527425466,130451.0,3.0,South Audrey,MP,Saint Lucia,4.0,0,Alto,0
38,Female,High School,Divorced,99314.0,656.0,17158.0,Personal,Self-employed,8,Excellent,0.12388956809754684,162247.0,4.0,Diazview,GU,Yemen,2.0,1,Medio,2
48,Male,Bachelor's,Single,25465.0,671.0,36672.0,Auto,Self-employed,8,Fair,0.2550030567948225,237546.0,4.0,Markville,PA,Romania,1.0,1,Alto,0
40,Female,High School,Widowed,104766.0,688.0,35808.0,Business,Employed,15,Poor,0.32076831592016786,198067.0,1.0,West Scottshire,MS,Falkland Islands (Malvinas),4.0,1,Alto,0
69,Female,Master's,Divorced,118995.0,787.0,14398.0,Auto,Employed,15,Good,0.4882737268660916,148047.0,0.0,Clarkborough,DE,Bermuda,3.0,1,Alto,0
31,Non-binary,High School,Widowed,63322.0,773.0,8074.0,Business,Employed,5,Fair,0.38146709791248035,267802.0,3.0,Port Michaelmouth,ID,Romania,1.0,0,Bajo,1
43,Female,Master's,Single,34821.0,775.0,22889.0,Personal,Unemployed,18,Good,0.1187215803827614,278194.0,0.0,Lake James,MD,Niue,3.0,2,Alto,0
18,Non-binary,High School,Widowed,99671.0,669.0,30460.0,Personal,Unemployed,18,Poor,0.4338122306863922,25531.0,1.0,Jacquelineborough,MP,Greece,1.0,1,Medio,2
56,Male,High School,Widowed,73953.0,710.0,42364.0,Home,Self-employed,1,Good,0.5557708494787811,152625.0,1.0,North Michael,NY,United States Minor Outlying Islands,2.0,2,Bajo,1
53,Female,PhD,Divorced,88669.0,720.0,17468.0,Home,Self-employed,6,Excellent,0.5759772163134455,199129.0,0.0,West Daniel,NE,Japan,4.0,1,Alto,0
33,Non-binary,Bachelor's,Single,46953.0,627.0,23284.0,Business,Self-employed,7,Good,0.23315271834672555,192563.0,3.0,West Michelle,VA,Monaco,0.0,1,Medio,2
41,Female,High School,Married,89852.0,676.0,27422.0,Home,Self-employed,9,Excellent,0.48627341125604495,205004.0,1.0,Loweryland,VT,Tonga,4.0,0,Alto,0
62,Male,PhD,Divorced,87384.0,606.0,7297.0,Business,Self-employed,4,Good,0.45029338745816605,232491.0,3.0,West Melanieton,MH,Taiwan,0.0,0,Medio,2
32,Female,Bachelor's,Married,78360.0,608.0,47644.0,Home,Unemployed,1,Fair,0.11227619245325607,271432.0,3.0,East Veronica,KY,Tajikistan,4.0,0,Alto,0
30,Non-binary,Master's,Married,55059.0,756.0,7413.0,Personal,Employed,5,Good,0.49480177851498375,29295.0,4.0,Walkerborough,WA,Tunisia,0.0,2,Bajo,1
59,Female,Master's,Married,77564.0,612.0,12357.0,Business,Employed,1,Good,0.4533944976000637,111458.0,0.0,Tylerport,DE,Marshall Islands,2.0,1,Medio,2
66,Male,Master's,Divorced,64764.0,600.0,25486.0,Auto,Employed,17,Good,0.4547958986000804,79556.0,1.0,New Latashabury,AZ,Reunion,1.0,0,Medio,2
32,Female,High School,Widowed,118580.0,636.0,13116.0,Home,Self-employed,7,Fair,0.1207131989379209,267284.0,3.0,Savannahfurt,NC,Mauritius,0.0,1,Medio,2
20,Female,High School,Married,41961.0,612.0,30866.0,Auto,Employed,11,Excellent,0.30016055460716495,294593.0,0.0,Port Kentberg,CO,Brunei Darussalam,2.0,1,Medio,2
35,Female,Master's,Divorced,84766.0,622.0,20645.0,Business,Unemployed,6,Fair,0.5075528820009602,77868.0,3.0,Blackwellchester,AR,Cote d'Ivoire,1.0,1,Medio,2
36,Non-binary,Master's,Divorced,44448.0,631.0,30975.0,Auto,Self-employed,18,Good,0.19427993309037142,130657.0,2.0,South Matthewmouth,MP,Bhutan,3.0,1,Alto,0
68,Female,High School,Single,113923.0,601.0,44653.0,Auto,Employed,1,Good,0.270090608883926,263788.0,2.0,New Lindsay,OH,Mayotte,2.0,2,Medio,2
28,Male,Bachelor's,Single,83969.0,671.0,44332.0,Business,Employed,16,Fair,0.45700939045950595,88597.0,0.0,Julieborough,FM,United States of America,2.0,2,Medio,2
66,Non-binary,PhD,Divorced,111109.0,664.0,16734.0,Auto,Unemployed,0,Fair,0.2011801732877351,246188.0,0.0,Port Frank,RI,Grenada,2.0,2,Medio,2
36,Female,PhD,Widowed,52548.0,766.0,8458.0,Auto,Employed,11,Fair,0.24051325230185536,62171.0,1.0,Simsfurt,WI,Falkland Islands (Malvinas),3.0,1,Alto,0
56,Non-binary,High School,Divorced,36600.0,724.0,26718.0,Business,Unemployed,17,Excellent,0.1792159037823923,34116.0,4.0,Henrystad,PR,Libyan Arab Jamahiriya,4.0,0,Alto,0
46,Male,PhD,Married,37986.0,741.0,5217.0,Personal,Unemployed,11,Excellent,0.24326904035619443,24766.0,4.0,North Stephanie,LA,Saint Lucia,2.0,2,Alto,0
27,Female,Bachelor's,Single,55423.0,785.0,10956.0,Personal,Employed,7,Fair,0.336585399635146,73141.0,4.0,Port Lindseyfort,MO,Saint Kitts and Nevis,1.0,1,Bajo,1
68,Non-binary,High School,Widowed,107151.0,754.0,39626.0,Business,Employed,13,Fair,0.30206620135885154,147103.0,1.0,South Aprilbury,TX,Equatorial Guinea,2.0,2,Bajo,1
54,Male,High School,Married,23794.0,754.0,42272.0,Personal,Unemployed,5,Good,0.534887509417937,273159.0,4.0,Mannmouth,MT,Angola,3.0,2,Alto,0
63,Male,Bachelor's,Divorced,117980.0,750.0,34913.0,Auto,Employed,14,Fair,0.31971398976598686,79180.0,4.0,Higginsport,IN,Myanmar,4.0,0,Alto,0
19,Male,PhD,Married,105783.0,649.0,34842.0,Home,Unemployed,14,Excellent,0.17893033032369363,169091.0,4.0,North Lisa,PW,Serbia,3.0,0,Alto,0
66,Male,Bachelor's,Divorced,79893.0,641.0,8341.0,Personal,Employed,5,Excellent,0.18669613995344989,213287.0,4.0,Amberfort,VI,Oman,4.0,0,Alto,0
66,Non-binary,Bachelor's,Divorced,21299.0,621.0,14131.0,Personal,Self-employed,17,Good,0.49520868499738513,272640.0,2.0,Karenborough,AL,Niger,2.0,0,Alto,0
65,Male,Bachelor's,Divorced,82713.0,658.0,15995.0,Home,Employed,2,Excellent,0.3335558835277427,77072.0,2.0,Erinchester,NJ,Andorra,1.0,2,Medio,2
59,Male,High School,Divorced,37373.0,743.0,12455.0,Home,Employed,9,Poor,0.3037330683816044,166261.0,2.0,Lake Kelsey,AL,Chile,1.0,1,Alto,0
47,Male,High School,Divorced,52577.0,625.0,33975.0,Home,Employed,7,Poor,0.25784038325147507,190682.0,2.0,Port Randalltown,VA,Korea,2.0,0,Medio,2
38,Non-binary,Master's,Single,52903.0,736.0,37009.0,Personal,Unemployed,19,Good,0.47293903087801403,291166.0,2.0,West Carla,TX,Portugal,0.0,0,Bajo,1
39,Female,Bachelor's,Widowed,36489.0,609.0,7961.0,Auto,Self-employed,9,Excellent,0.5914164314844833,181869.0,2.0,South Lisa,ID,Mayotte,4.0,2,Alto,0
23,Male,High School,Married,83853.0,712.0,11358.0,Business,Employed,7,Good,0.5871845353205143,166988.0,3.0,Lake Vincent,PR,Luxembourg,2.0,1,Bajo,1
38,Non-binary,PhD,Married,104614.0,648.0,40992.0,Home,Unemployed,2,Fair,0.3213510190971316,166986.0,3.0,New Shawnborough,HI,Guatemala,3.0,1,Alto,0
32,Male,Master's,Married,99211.0,631.0,44886.0,Personal,Unemployed,3,Fair,0.2213203159261484,123213.0,1.0,New Dylan,SD,Rwanda,4.0,1,Alto,0
58,Non-binary,High School,Divorced,82583.0,768.0,30366.0,Home,Self-employed,9,Poor,0.5762556025695863,119096.0,2.0,Lake Andrewmouth,PR,Algeria,4.0,0,Alto,0
18,Male,Master's,Widowed,84162.0,606.0,5015.0,Business,Self-employed,17,Poor,0.3890696709800946,275773.0,1.0,Amandamouth,KS,Cambodia,1.0,2,Medio,2
61,Female,Bachelor's,Single,25702.0,650.0,31654.0,Auto,Employed,15,Excellent,0.16125074516763307,149488.0,0.0,South Jessicafurt,WA,Christmas Island,1.0,2,Alto,0
21,Female,Bachelor's,Single,23582.0,736.0,19309.0,Personal,Unemployed,2,Good,0.46417234912862815,229415.0,4.0,West Jennifer,OK,Romania,3.0,2,Alto,0
27,Male,Master's,Single,114452.0,668.0,36683.0,Auto,Self-employed,2,Poor,0.3826329351968568,191602.0,4.0,Herrerastad,WA,French Guiana,0.0,2,Medio,2
33,Male,Bachelor's,Single,22170.0,686.0,44357.0,Personal,Self-employed,18,Good,0.34118846801030733,87943.0,4.0,South Justinshire,ID,Martinique,0.0,0,Alto,0
56,Non-binary,Master's,Married,35299.0,625.0,24860.0,Home,Employed,7,Poor,0.5744043630197596,229939.0,3.0,Lake Stephanieborough,OR,Oman,0.0,1,Alto,0
57,Female,High School,Divorced,59015.0,774.0,36334.0,Personal,Unemployed,16,Excellent,0.2637248161595017,50529.0,3.0,Walkermouth,PW,Singapore,0.0,2,Bajo,1
37,Non-binary,PhD,Single,74337.0,630.0,17919.0,Auto,Employed,5,Fair,0.5208137639095065,219321.0,4.0,Lindsaymouth,OK,Turkey,0.0,1,Medio,2
23,Non-binary,Bachelor's,Divorced,47684.0,742.0,42901.0,Home,Employed,16,Fair,0.27760870782544855,78032.0,4.0,Brownfurt,IL,Portugal,3.0,2,Alto,0
47,Male,Bachelor's,Married,111352.0,688.0,15044.0,Auto,Self-employed,3,Excellent,0.29015095489486775,283782.0,2.0,Thomaschester,ME,Sierra Leone,2.0,1,Bajo,1
48,Male,PhD,Widowed,106151.0,626.0,34164.0,Auto,Unemployed,10,Good,0.5997095382265867,22135.0,0.0,South Renee,SC,Kenya,2.0,2,Medio,2
24,Male,Bachelor's,Married,94667.0,768.0,26118.0,Home,Self-employed,13,Good,0.42626803212971065,104282.0,1.0,Vanessaton,HI,Papua New Guinea,2.0,0,Bajo,1
49,Female,High School,Divorced,49870.0,625.0,29285.0,Home,Self-employed,7,Poor,0.11020977501514975,187903.0,2.0,Wattsview,CT,Moldova,4.0,0,Alto,0
54,Female,Bachelor's,Married,74240.0,633.0,11854.0,Business,Unemployed,5,Good,0.3515349606334828,76783.0,1.0,Lake Natalie,FM,Poland,4.0,2,Alto,0
39,Female,Bachelor's,Divorced,81517.0,711.0,32838.0,Business,Employed,19,Fair,0.4378704920486223,148754.0,4.0,South Whitneyview,NY,Argentina,3.0,1,Alto,0
23,Non-binary,Bachelor's,Single,34319.0,640.0,35058.0,Home,Unemployed,18,Poor,0.4069658430214761,37907.0,2.0,Rhodesmouth,DE,Saint Vincent and the Grenadines,3.0,1,Alto,0
54,Male,Bachelor's,Single,60753.0,778.0,25200.0,Personal,Unemployed,12,Good,0.27287163026988215,219389.0,2.0,West Anthonyberg,IN,Senegal,3.0,2,Alto,0
35,Non-binary,Master's,Married,56734.0,761.0,46826.0,Personal,Unemployed,15,Excellent,0.3878460978580336,238379.0,1.0,Port Patrickberg,IL,Italy,1.0,0,Bajo,1
21,Female,PhD,Married,58918.0,618.0,22165.0,Home,Employed,0,Good,0.3818043893512856,222403.0,3.0,New Christopherland,IL,Slovakia (Slovak Republic),2.0,2,Medio,2
51,Female,Master's,Widowed,47685.0,718.0,23891.0,Home,Unemployed,0,Poor,0.20120168176334888,112966.0,4.0,Johnton,KY,British Indian Ocean Territory (Chagos Archipelago),2.0,2,Bajo,1
32,Male,High School,Single,118835.0,722.0,11982.0,Business,Unemployed,5,Good,0.37965399043357684,209403.0,1.0,North Amy,WI,French Guiana,2.0,1,Bajo,1
42,Non-binary,PhD,Divorced,37540.0,672.0,6724.0,Auto,Self-employed,16,Poor,0.10668237633574598,217834.0,0.0,Schmidtbury,AL,San Marino,2.0,0,Alto,0
20,Non-binary,Master's,Widowed,103984.0,611.0,5350.0,Personal,Unemployed,4,Good,0.5911376325904818,203201.0,1.0,East Matthew,TX,Turkey,0.0,1,Medio,2
63,Non-binary,High School,Divorced,24435.0,696.0,49852.0,Personal,Unemployed,12,Poor,0.3745821863992246,173878.0,1.0,Hortonstad,WY,Indonesia,1.0,2,Alto,0
67,Non-binary,High School,Married,27131.0,605.0,9171.0,Home,Employed,14,Excellent,0.4926924862640547,274572.0,1.0,Caseville,NH,Tonga,0.0,2,Alto,0
31,Female,Bachelor's,Married,105924.0,738.0,41443.0,Business,Unemployed,15,Fair,0.20820564927516275,243582.0,1.0,Greenefurt,OK,Norfolk Island,3.0,1,Alto,0
68,Female,High School,Widowed,63130.0,705.0,25293.0,Business,Employed,7,Fair,0.19376099906711855,30506.0,2.0,Davemouth,WY,Jersey,1.0,1,Bajo,1
64,Male,Master's,Widowed,49367.0,772.0,12840.0,Auto,Employed,11,Fair,0.46111685673632463,249394.0,0.0,Alexanderview,SC,Trinidad and Tobago,3.0,0,Alto,0
21,Male,Master's,Widowed,80200.0,796.0,47587.0,Home,Employed,17,Good,0.28079972469935754,129205.0,3.0,East Charleshaven,KY,Aruba,1.0,2,Bajo,1
44,Male,Bachelor's,Single,107988.0,761.0,48101.0,Personal,Self-employed,10,Excellent,0.1152347525382624,293530.0,3.0,Frankstad,MN,Wallis and Futuna,2.0,1,Bajo,1
32,Female,Bachelor's,Single,22919.0,662.0,37477.0,Business,Employed,11,Excellent,0.25924578550834754,114916.0,4.0,Oscarside,UT,Afghanistan,3.0,2,Alto,0
69,Female,PhD,Single,89529.0,636.0,11861.0,Business,Self-employed,2,Excellent,0.2784118562284503,214415.0,0.0,South Ashley,RI,Vietnam,2.0,2,Medio,2
18,Male,PhD,Married,80378.0,639.0,31920.0,Business,Employed,11,Good,0.12484854148582583,214743.0,3.0,South Amymouth,IA,Macao,3.0,0,Alto,0
53,Male,Bachelor's,Widowed,115637.0,759.0,38288.0,Personal,Unemployed,18,Good,0.4602930376866039,80877.0,0.0,Bakerview,NE,Antigua and Barbuda,3.0,1,Alto,0
55,Male,PhD,Divorced,52919.0,699.0,47283.0,Home,Employed,14,Good,0.5239994753247804,299435.0,4.0,Johnsonton,RI,Guinea,0.0,0,Bajo,1
33,Male,High School,Widowed,83303.0,712.0,23883.0,Business,Unemployed,4,Poor,0.4107518398036225,117508.0,1.0,Ashleeshire,DC,New Caledonia,4.0,0,Alto,0
28,Female,High School,Single,109624.0,771.0,16036.0,Personal,Self-employed,1,Good,0.15282669244539862,95754.0,2.0,Port Laura,CA,Marshall Islands,3.0,2,Alto,0
67,Male,Bachelor's,Divorced,48223.0,606.0,15318.0,Business,Employed,13,Poor,0.35057894679975,214246.0,4.0,Shawnview,DC,Georgia,1.0,2,Medio,2
45,Female,Master's,Widowed,100821.0,608.0,25392.0,Home,Unemployed,9,Good,0.18602074884702138,186780.0,4.0,Paulside,AZ,Bangladesh,2.0,2,Medio,2
62,Non-binary,PhD,Married,71726.0,658.0,27097.0,Business,Unemployed,12,Excellent,0.5549950483883958,123775.0,0.0,New Alexanderport,KS,Pitcairn Islands,1.0,2,Medio,2
54,Non-binary,PhD,Divorced,111760.0,707.0,36786.0,Auto,Employed,17,Good,0.12664674920619226,52120.0,0.0,Angelaburgh,KS,Luxembourg,4.0,2,Alto,0
51,Male,High School,Married,107171.0,763.0,45955.0,Auto,Self-employed,8,Poor,0.502590674430631,258221.0,1.0,Wendyland,NE,Kuwait,1.0,1,Bajo,1
51,Male,PhD,Married,36756.0,646.0,39884.0,Business,Employed,16,Excellent,0.2445893658367038,68595.0,2.0,New Stephanieville,VT,Sweden,3.0,0,Alto,0
21,Non-binary,PhD,Single,106940.0,721.0,43381.0,Home,Self-employed,13,Excellent,0.4680845080912335,68461.0,1.0,Ruthland,FM,Saint Lucia,0.0,2,Bajo,1
32,Female,PhD,Married,36150.0,614.0,47080.0,Home,Unemployed,3,Fair,0.3834323489806649,280243.0,0.0,Kariville,NJ,Mauritania,4.0,2,Alto,0
45,Male,Master's,Widowed,22751.0,776.0,48368.0,Home,Employed,7,Fair,0.1813196304648779,139323.0,4.0,Lake Heather,CT,Panama,2.0,0,Alto,0
41,Male,PhD,Single,114897.0,724.0,33782.0,Auto,Employed,19,Poor,0.10072734225443977,203813.0,2.0,Lake Joshua,PR,Afghanistan,0.0,2,Bajo,1
25,Male,Master's,Married,102176.0,604.0,28933.0,Personal,Employed,8,Good,0.4680587245746243,140628.0,4.0,Robinport,ME,Oman,1.0,1,Medio,2
68,Non-binary,PhD,Single,94676.0,709.0,27727.0,Personal,Unemployed,7,Excellent,0.37040874039807936,233292.0,1.0,South Kristen,CA,Venezuela,2.0,1,Bajo,1
37,Non-binary,Master's,Married,83474.0,779.0,37611.0,Personal,Unemployed,2,Fair,0.25050263260167416,177110.0,3.0,Rossfurt,AL,Trinidad and Tobago,1.0,1,Bajo,1
52,Female,Bachelor's,Single,110341.0,707.0,32742.0,Personal,Unemployed,9,Excellent,0.48718222616437024,206337.0,3.0,West Josephfurt,DC,Bolivia,2.0,1,Bajo,1
48,Female,High School,Married,72563.0,756.0,15115.0,Business,Employed,12,Poor,0.4523473204605719,135455.0,3.0,Colemanville,NC,Benin,1.0,1,Bajo,1
22,Male,Bachelor's,Widowed,117552.0,669.0,34394.0,Home,Unemployed,18,Fair,0.39245951482242125,227939.0,1.0,Newmanville,WY,Guernsey,0.0,1,Medio,2
40,Non-binary,Bachelor's,Divorced,23194.0,644.0,18194.0,Business,Unemployed,2,Poor,0.31849676362763213,230545.0,4.0,New Kimberlyland,WA,Netherlands Antilles,3.0,1,Alto,0
19,Female,Master's,Single,110139.0,747.0,13655.0,Personal,Employed,11,Fair,0.13246235880175347,154531.0,3.0,West Kathleen,MH,Cambodia,3.0,2,Alto,0
40,Non-binary,High School,Single,79439.0,748.0,41826.0,Business,Self-employed,13,Fair,0.4059708242970139,49315.0,1.0,Williamsshire,VA,Saint Vincent and the Grenadines,2.0,2,Bajo,1
55,Female,Bachelor's,Divorced,105662.0,730.0,32440.0,Auto,Unemployed,17,Good,0.5479852850970258,243369.0,2.0,East Cynthia,HI,Lesotho,3.0,2,Alto,0
43,Male,Bachelor's,Single,111118.0,654.0,46199.0,Home,Unemployed,1,Fair,0.48164474878182406,274277.0,3.0,Campbellview,NC,Singapore,4.0,2,Alto,0
19,Non-binary,High School,Divorced,86231.0,677.0,39315.0,Personal,Self-employed,6,Poor,0.5241042076000005,21265.0,4.0,Edwardborough,WI,French Guiana,1.0,1,Medio,2
64,Male,PhD,Married,27014.0,780.0,36704.0,Home,Unemployed,18,Fair,0.21880181892270248,181585.0,3.0,New Donaldside,SC,Saudi Arabia,4.0,1,Alto,0
31,Non-binary,High School,Married,46269.0,616.0,35767.0,Business,Self-employed,7,Poor,0.10493191768994439,272146.0,0.0,South Courtneyview,MS,Tajikistan,0.0,0,Medio,2
63,Female,Master's,Widowed,44667.0,796.0,24173.0,Business,Self-employed,17,Good,0.5177142680722427,28982.0,4.0,West Richard,CO,Marshall Islands,4.0,0,Alto,0
58,Male,Bachelor's,Divorced,26668.0,783.0,10147.0,Auto,Unemployed,0,Fair,0.3152589839121941,38083.0,1.0,New Heatherland,DE,Samoa,2.0,1,Alto,0
54,Male,PhD,Divorced,41725.0,777.0,31532.0,Home,Unemployed,1,Good,0.32958198739452194,257918.0,0.0,New Heatherburgh,NC,Chad,3.0,0,Alto,0
41,Male,Master's,Single,117813.0,615.0,32854.0,Auto,Unemployed,13,Fair,0.2666676361450484,268628.0,1.0,East Shari,CO,Italy,2.0,0,Medio,2
46,Female,High School,Widowed,37441.0,642.0,48806.0,Personal,Self-employed,7,Poor,0.24553429797057227,140676.0,3.0,Ericshire,CO,Lebanon,4.0,2,Alto,0
52,Female,Bachelor's,Married,63815.0,663.0,12089.0,Personal,Unemployed,18,Fair,0.4119879621519077,157076.0,1.0,Johnsonbury,CT,Saint Barthelemy,1.0,1,Medio,2
52,Non-binary,PhD,Widowed,28117.0,777.0,43848.0,Personal,Employed,0,Fair,0.2065502066955501,180411.0,2.0,North Maxwell,NJ,Japan,4.0,1,Alto,0
32,Non-binary,High School,Divorced,96844.0,639.0,35997.0,Auto,Unemployed,10,Excellent,0.14901485801645545,212676.0,1.0,East Teresaton,CA,Bolivia,2.0,0,Medio,2
35,Male,PhD,Married,49055.0,786.0,21916.0,Business,Employed,5,Excellent,0.2391322397483117,81355.0,1.0,West Denisemouth,ND,Mayotte,1.0,0,Bajo,1
32,Non-binary,High School,Widowed,44832.0,786.0,26318.0,Auto,Employed,10,Good,0.11603744746601466,233532.0,0.0,North Derekbury,NV,Nauru,1.0,1,Bajo,1
61,Female,PhD,Divorced,85984.0,742.0,9671.0,Business,Unemployed,11,Excellent,0.27440544893560515,238152.0,1.0,Brownstad,MI,Cayman Islands,3.0,0,Alto,0
44,Non-binary,PhD,Single,32985.0,794.0,32122.0,Business,Employed,2,Good,0.2479625808340611,131045.0,0.0,New Andrewville,AL,Cote d'Ivoire,0.0,2,Alto,0
56,Non-binary,Master's,Single,109074.0,644.0,44069.0,Business,Employed,7,Excellent,0.35841159613759843,230971.0,3.0,Mcmillanton,VI,Seychelles,3.0,0,Alto,0
64,Male,High School,Divorced,24321.0,789.0,43084.0,Home,Employed,8,Good,0.460094868463914,214252.0,3.0,South Bradley,CA,Vanuatu,4.0,1,Alto,0
60,Male,Bachelor's,Divorced,109792.0,763.0,28526.0,Business,Self-employed,3,Excellent,0.23144792207606799,58359.0,1.0,Baileyberg,OK,Saint Kitts and Nevis,1.0,2,Bajo,1
59,Non-binary,Master's,Widowed,112097.0,711.0,32211.0,Home,Employed,18,Good,0.5961921412646949,88870.0,2.0,North Melissa,NJ,Mozambique,4.0,1,Alto,0
47,Non-binary,PhD,Divorced,115384.0,654.0,6345.0,Auto,Self-employed,16,Good,0.1998016501328789,93331.0,0.0,Gutierrezborough,NJ,Costa Rica,2.0,1,Medio,2
21,Female,Bachelor's,Divorced,37412.0,721.0,31293.0,Personal,Employed,7,Poor,0.5066434514612858,46275.0,2.0,North Morgan,KS,Cyprus,4.0,2,Alto,0
54,Female,High School,Divorced,62837.0,728.0,34794.0,Business,Unemployed,10,Excellent,0.1196910616366085,263985.0,1.0,North Kathryn,MO,Burkina Faso,0.0,2,Bajo,1
20,Male,High School,Single,56992.0,694.0,26150.0,Auto,Employed,10,Excellent,0.45245703416576977,211905.0,2.0,Wallaceview,HI,United States Minor Outlying Islands,3.0,2,Alto,0
53,Non-binary,High School,Single,104008.0,679.0,32669.0,Business,Employed,1,Excellent,0.23133618703013173,289770.0,1.0,Joshuafurt,MO,El Salvador,3.0,1,Alto,0
50,Female,PhD,Divorced,55515.0,717.0,14867.0,Personal,Unemployed,7,Poor,0.48665126047245744,132123.0,2.0,Wheelerfort,MA,Puerto Rico,1.0,2,Bajo,1
25,Non-binary,PhD,Divorced,71473.0,765.0,14855.0,Home,Employed,1,Good,0.29091162737962084,291268.0,0.0,Gordonburgh,MI,Micronesia,4.0,0,Alto,0
28,Female,High School,Divorced,115018.0,789.0,23529.0,Personal,Employed,11,Good,0.47710076430395043,290952.0,3.0,Crystalfort,DE,Kazakhstan,3.0,1,Alto,0
54,Female,Bachelor's,Divorced,23837.0,692.0,5389.0,Business,Employed,13,Good,0.5424038573046214,175164.0,2.0,New Joseph,VA,Guam,1.0,0,Alto,0
50,Male,Bachelor's,Married,65097.0,695.0,9075.0,Home,Employed,15,Excellent,0.2107136095921288,261860.0,0.0,Collinsfort,NV,North Macedonia,1.0,1,Bajo,1
24,Male,PhD,Divorced,67907.0,732.0,8049.0,Auto,Employed,12,Poor,0.14750697846393293,74216.0,0.0,Saraview,MO,Puerto Rico,2.0,2,Bajo,1
26,Female,PhD,Single,44838.0,656.0,19495.0,Business,Unemployed,12,Excellent,0.12779099365161325,73852.0,2.0,Smithhaven,NE,Panama,2.0,2,Medio,2
26,Non-binary,High School,Single,111288.0,798.0,19256.0,Home,Self-employed,15,Poor,0.39715730215568534,194627.0,3.0,New Vanessa,FL,Georgia,1.0,0,Bajo,1
43,Female,PhD,Single,27699.0,656.0,29192.0,Personal,Employed,8,Fair,0.4467108362542822,123524.0,4.0,Katherinechester,AR,Congo,3.0,2,Alto,0
63,Male,PhD,Single,77429.0,759.0,44021.0,Home,Employed,5,Excellent,0.5997805407500693,184873.0,0.0,Danielburgh,MA,Paraguay,2.0,2,Bajo,1
67,Female,High School,Married,28660.0,654.0,20223.0,Business,Employed,2,Good,0.1924842970623821,260549.0,2.0,Rogersmouth,WI,Saint Pierre and Miquelon,2.0,1,Alto,0
39,Female,High School,Single,111564.0,687.0,41620.0,Personal,Unemployed,10,Fair,0.5792068909764604,127321.0,1.0,Savannahshire,NC,Australia,0.0,0,Bajo,1
46,Female,Master's,Widowed,39779.0,697.0,25633.0,Business,Self-employed,1,Poor,0.13309007747504228,178046.0,0.0,North Joshua,NJ,United Arab Emirates,1.0,2,Alto,0
49,Male,High School,Divorced,116204.0,601.0,36592.0,Personal,Employed,19,Good,0.3616807147078883,204610.0,3.0,Phelpsberg,GU,Martinique,4.0,2,Alto,0
52,Non-binary,Bachelor's,Divorced,57672.0,780.0,31363.0,Personal,Self-employed,0,Good,0.41493575778204705,189350.0,1.0,New Caitlin,MA,Nauru,0.0,0,Bajo,1
52,Male,Master's,Married,91441.0,798.0,15391.0,Auto,Self-employed,13,Poor,0.26912863799808295,78039.0,2.0,West Paul,MT,Antigua and Barbuda,2.0,0,Bajo,1
42,Male,Master's,Widowed,40860.0,642.0,7714.0,Home,Self-employed,17,Poor,0.25451607077561145,85955.0,0.0,Lake Matthew,MN,Gibraltar,4.0,0,Alto,0
33,Female,PhD,Widowed,55584.0,691.0,36824.0,Auto,Employed,15,Excellent,0.3714203821137475,238132.0,0.0,New Gina,NV,Honduras,2.0,1,Bajo,1
35,Male,Bachelor's,Married,81850.0,711.0,25151.0,Business,Employed,11,Good,0.3797948491353238,227693.0,1.0,South Timview,WV,Nigeria,3.0,1,Alto,0
32,Non-binary,Master's,Single,93851.0,667.0,22738.0,Personal,Self-employed,15,Excellent,0.3952938682684536,245739.0,3.0,Port Sarah,GA,Nigeria,2.0,2,Medio,2
52,Female,Master's,Single,94292.0,684.0,11596.0,Personal,Employed,6,Good,0.22872352275822513,176006.0,0.0,North Sherry,MH,Nicaragua,4.0,2,Alto,0
20,Female,High School,Divorced,46485.0,714.0,13389.0,Personal,Self-employed,12,Excellent,0.2178574833466693,27421.0,3.0,New Matthewborough,SD,Martinique,0.0,0,Bajo,1
38,Non-binary,Master's,Divorced,57822.0,714.0,6533.0,Home,Employed,4,Fair,0.2948718815197545,121972.0,4.0,Lake Gregoryburgh,CO,Peru,4.0,1,Alto,0
19,Female,High School,Single,76878.0,689.0,5412.0,Business,Self-employed,17,Fair,0.5460731749389298,203418.0,1.0,Nelsonview,TX,Belize,4.0,0,Alto,0
18,Male,Bachelor's,Divorced,63578.0,681.0,26888.0,Business,Employed,12,Fair,0.10171080242950517,49558.0,2.0,North Shannonmouth,IA,Venezuela,4.0,0,Alto,0
46,Non-binary,Bachelor's,Divorced,75059.0,712.0,43731.0,Auto,Unemployed,10,Good,0.30383354607304547,151900.0,0.0,Davisberg,NE,Falkland Islands (Malvinas),2.0,0,Bajo,1
62,Female,PhD,Single,75900.0,651.0,49978.0,Personal,Self-employed,3,Good,0.2643013453373674,24777.0,0.0,Mannside,AR,Latvia,2.0,0,Medio,2
18,Male,Master's,Widowed,27312.0,777.0,26528.0,Home,Self-employed,5,Excellent,0.21617348489118102,264157.0,3.0,East Benjamin,NC,Palau,1.0,0,Alto,0
39,Male,Bachelor's,Married,28078.0,646.0,34286.0,Business,Self-employed,1,Good,0.21332966357234442,234021.0,4.0,Mcclainfurt,DC,Saint Barthelemy,3.0,2,Alto,0
30,Female,High School,Divorced,41169.0,724.0,40579.0,Home,Self-employed,18,Poor,0.44328749001441925,279796.0,3.0,East Tanyamouth,MH,Greece,2.0,1,Bajo,1
40,Male,PhD,Single,26503.0,645.0,23379.0,Personal,Unemployed,2,Poor,0.5601306695387132,211168.0,2.0,Leeburgh,NC,Yemen,4.0,2,Alto,0
55,Male,PhD,Widowed,62139.0,646.0,18866.0,Personal,Self-employed,6,Good,0.15796983506072856,89608.0,0.0,Smithchester,NH,Palestinian Territory,0.0,1,Medio,2
57,Female,Bachelor's,Divorced,85883.0,754.0,25813.0,Personal,Self-employed,11,Fair,0.3980265901603919,205979.0,2.0,Jamiebury,WA,Dominican Republic,4.0,1,Alto,0
38,Non-binary,Bachelor's,Widowed,26858.0,783.0,11363.0,Business,Self-employed,2,Fair,0.33907005465136164,163920.0,3.0,Odonnellchester,MN,Isle of Man,3.0,1,Alto,0
22,Female,Bachelor's,Single,58345.0,732.0,35331.0,Personal,Self-employed,13,Fair,0.44903450965692315,120601.0,3.0,Robertsburgh,NM,Timor-Leste,0.0,0,Bajo,1
31,Female,High School,Widowed,107986.0,777.0,33519.0,Personal,Employed,8,Good,0.4508018593984675,170578.0,3.0,West Candice,DC,Montserrat,2.0,1,Bajo,1
64,Non-binary,Bachelor's,Married,56232.0,616.0,13412.0,Home,Employed,19,Good,0.5038079375073906,120505.0,3.0,East Courtneychester,UT,French Guiana,1.0,0,Medio,2
28,Male,High School,Divorced,47881.0,680.0,29640.0,Business,Unemployed,12,Good,0.18476318438004694,242194.0,3.0,Lake Edwin,NC,Fiji,0.0,0,Bajo,1
56,Male,Bachelor's,Married,27377.0,764.0,25336.0,Personal,Employed,8,Excellent,0.5412193874793232,194672.0,1.0,Rogerhaven,MD,Guam,1.0,1,Alto,0
58,Female,High School,Single,85252.0,642.0,42477.0,Auto,Employed,18,Fair,0.4637083958272784,53692.0,0.0,Vargashaven,FM,Sweden,0.0,1,Medio,2
47,Male,Bachelor's,Married,107091.0,795.0,47001.0,Business,Self-employed,7,Excellent,0.30827286167258383,279238.0,4.0,Stevenburgh,OH,Malawi,4.0,1,Alto,0
64,Non-binary,High School,Widowed,97395.0,734.0,21023.0,Auto,Unemployed,13,Excellent,0.5708009696903157,42195.0,4.0,Mccoychester,FL,Comoros,4.0,1,Alto,0
30,Female,Master's,Single,98766.0,750.0,34011.0,Home,Unemployed,5,Fair,0.3831565157936968,204683.0,3.0,Ashleyfort,PR,Jamaica,3.0,1,Alto,0
54,Female,High School,Widowed,107581.0,666.0,44189.0,Business,Employed,18,Good,0.10097585666881384,243126.0,1.0,Amandatown,TX,Panama,4.0,1,Alto,0
41,Male,PhD,Divorced,81491.0,760.0,40031.0,Auto,Employed,2,Excellent,0.2667652423104555,116340.0,2.0,West Jesse,AK,Croatia,1.0,0,Bajo,1
39,Female,Master's,Divorced,89285.0,678.0,25265.0,Business,Employed,5,Excellent,0.19453686121819333,205832.0,4.0,South Reneemouth,KY,Bulgaria,0.0,0,Medio,2
21,Female,Master's,Single,45345.0,612.0,37568.0,Auto,Unemployed,5,Excellent,0.5433258725408296,91910.0,0.0,Deborahbury,ND,Russian Federation,2.0,0,Medio,2
53,Non-binary,Master's,Divorced,98755.0,714.0,25805.0,Business,Self-employed,15,Good,0.5072242182356482,46742.0,4.0,Port Jamesfurt,TX,Hong Kong,0.0,2,Bajo,1
26,Female,Master's,Single,51478.0,768.0,8763.0,Personal,Unemployed,2,Excellent,0.21016178679974304,276121.0,2.0,New Gregoryland,KY,Western Sahara,1.0,2,Bajo,1
56,Female,Master's,Married,115777.0,672.0,14572.0,Business,Self-employed,0,Poor,0.44720702238012544,197080.0,2.0,South Ambershire,CA,Yemen,4.0,0,Alto,0
52,Female,Master's,Single,89205.0,677.0,43184.0,Home,Unemployed,4,Good,0.2900299065338906,176816.0,0.0,Lake Justinfort,GA,Bermuda,1.0,2,Medio,2
53,Non-binary,Bachelor's,Divorced,86686.0,745.0,25179.0,Business,Unemployed,0,Fair,0.41998485039184197,296629.0,4.0,Wilsonshire,CO,Malta,0.0,1,Bajo,1
52,Non-binary,PhD,Married,71150.0,750.0,7117.0,Business,Employed,14,Excellent,0.3889358813371182,80599.0,0.0,Mullenville,WY,Germany,2.0,1,Bajo,1
32,Male,High School,Married,65874.0,661.0,16475.0,Personal,Self-employed,19,Excellent,0.4754105682962574,291519.0,0.0,East Charlesborough,MA,Mongolia,3.0,1,Alto,0
21,Female,High School,Single,80750.0,753.0,40310.0,Home,Self-employed,6,Poor,0.32608540927211693,201804.0,1.0,Lake Linda,NM,Kazakhstan,1.0,0,Bajo,1
49,Male,Bachelor's,Single,22016.0,724.0,31617.0,Personal,Self-employed,6,Excellent,0.3462210911799105,295496.0,0.0,Michaelshire,VI,Jersey,0.0,2,Alto,0
43,Male,Bachelor's,Widowed,107748.0,681.0,47928.0,Business,Self-employed,10,Poor,0.38180715706066615,143735.0,4.0,Lake Diane,DE,Northern Mariana Islands,0.0,0,Bajo,1
40,Male,Master's,Single,63774.0,790.0,34778.0,Auto,Unemployed,3,Fair,0.47431590510161137,223709.0,4.0,Andrewfort,MT,Cocos (Keeling) Islands,0.0,1,Bajo,1
18,Male,High School,Married,118550.0,753.0,17210.0,Auto,Employed,0,Good,0.1721926803992759,258358.0,3.0,West Kevinborough,TX,Tajikistan,1.0,1,Bajo,1
28,Female,High School,Divorced,21528.0,602.0,19837.0,Auto,Unemployed,10,Good,0.32226281955346214,93626.0,1.0,Port Alisonberg,IA,Venezuela,1.0,1,Alto,0
69,Female,Bachelor's,Single,78769.0,696.0,42025.0,Home,Self-employed,16,Poor,0.3855954867666934,233249.0,4.0,Garciaton,MI,Turks and Caicos Islands,2.0,2,Bajo,1
62,Female,PhD,Single,108921.0,667.0,10516.0,Auto,Self-employed,15,Fair,0.35112704920543725,255160.0,1.0,Lopezhaven,WV,Gambia,1.0,2,Medio,2
19,Non-binary,Master's,Divorced,27045.0,637.0,41576.0,Home,Self-employed,9,Excellent,0.5431249152631057,111807.0,4.0,South Brandonville,UT,Saint Kitts and Nevis,3.0,1,Alto,0
38,Female,Master's,Single,70281.0,641.0,22585.0,Auto,Self-employed,5,Excellent,0.21213784401168603,79609.0,1.0,Kellychester,OK,Liberia,0.0,1,Medio,2
43,Non-binary,Bachelor's,Widowed,48554.0,714.0,38533.0,Business,Employed,4,Excellent,0.14287344653215653,147409.0,2.0,Port Adamland,VA,Tanzania,3.0,2,Alto,0
49,Female,High School,Married,45651.0,772.0,46555.0,Business,Self-employed,10,Fair,0.328010094660516,252580.0,3.0,South Connorborough,TX,Peru,3.0,2,Alto,0
26,Non-binary,High School,Divorced,113676.0,647.0,36898.0,Auto,Employed,16,Fair,0.2840457040594009,276782.0,3.0,Baileyshire,WI,Albania,0.0,0,Medio,2
51,Non-binary,PhD,Divorced,100631.0,692.0,41294.0,Home,Unemployed,10,Poor,0.5026916006809917,274344.0,3.0,Matthewville,AR,Saint Kitts and Nevis,0.0,0,Bajo,1
54,Male,PhD,Married,39450.0,609.0,37945.0,Business,Self-employed,19,Poor,0.5547916359839038,161000.0,0.0,Andreafurt,PW,Bouvet Island (Bouvetoya),1.0,2,Alto,0
56,Female,Bachelor's,Single,91435.0,621.0,18449.0,Auto,Unemployed,7,Good,0.11437601184510152,223183.0,2.0,Josephton,NC,Bulgaria,3.0,1,Alto,0
68,Male,High School,Married,35935.0,743.0,27776.0,Personal,Employed,8,Fair,0.5968795091662352,59195.0,1.0,Rodriguezstad,LA,Bhutan,0.0,0,Alto,0
19,Male,High School,Married,72445.0,658.0,20020.0,Auto,Employed,7,Poor,0.3317551661167205,264709.0,4.0,Nielsenmouth,NH,China,1.0,0,Medio,2
56,Female,PhD,Divorced,105553.0,631.0,42123.0,Business,Employed,11,Poor,0.4431779409906864,280850.0,0.0,Kathleenborough,MI,Turkmenistan,4.0,1,Alto,0
62,Male,PhD,Married,91880.0,761.0,35372.0,Personal,Self-employed,0,Fair,0.4175614207858144,76724.0,0.0,Lake Susanport,TX,Norfolk Island,1.0,1,Bajo,1
35,Female,Bachelor's,Widowed,29262.0,780.0,48910.0,Home,Employed,4,Good,0.4634147805681663,292561.0,1.0,Lake Marcus,PW,San Marino,2.0,1,Alto,0
39,Female,Master's,Single,28496.0,776.0,36065.0,Home,Employed,9,Fair,0.11231295541702044,114730.0,0.0,South Frank,MP,Micronesia,4.0,1,Alto,0
54,Male,PhD,Widowed,69060.0,759.0,26208.0,Home,Unemployed,15,Excellent,0.23338853604315082,35169.0,4.0,Evansmouth,MO,Niger,0.0,0,Bajo,1
38,Male,Bachelor's,Divorced,106755.0,769.0,20398.0,Home,Employed,10,Fair,0.35188981558780874,208920.0,0.0,Thompsonmouth,MH,Cayman Islands,0.0,1,Bajo,1
54,Female,Master's,Divorced,104846.0,661.0,10489.0,Auto,Self-employed,10,Fair,0.16831232757238015,90173.0,0.0,Cherylshire,AL,Fiji,4.0,2,Alto,0
54,Non-binary,PhD,Single,97193.0,643.0,7792.0,Business,Self-employed,14,Excellent,0.3823515006999725,223439.0,3.0,South Amberbury,HI,Tokelau,4.0,2,Alto,0
62,Female,PhD,Divorced,105172.0,740.0,41574.0,Personal,Employed,19,Poor,0.5928513212294454,95611.0,3.0,Foleymouth,MT,Jordan,2.0,1,Bajo,1
36,Non-binary,High School,Single,70840.0,722.0,41018.0,Personal,Self-employed,10,Fair,0.570986032185097,71521.0,4.0,Port Cynthiastad,DC,Uruguay,1.0,1,Bajo,1
27,Female,Bachelor's,Widowed,70697.0,721.0,22622.0,Personal,Unemployed,6,Excellent,0.2522027573038834,132445.0,2.0,Alexandraside,MH,Bahamas,0.0,1,Bajo,1
23,Male,High School,Married,70604.0,615.0,23134.0,Home,Employed,3,Good,0.3812724815109998,40636.0,2.0,Port Jillian,UT,Micronesia,0.0,0,Medio,2
50,Male,Bachelor's,Single,32651.0,617.0,8910.0,Personal,Self-employed,2,Good,0.48794566118254024,62243.0,2.0,North James,OH,Qatar,4.0,1,Alto,0
62,Male,High School,Widowed,40615.0,731.0,5540.0,Auto,Employed,12,Fair,0.5127238362532087,184809.0,3.0,Jillton,VA,Palestinian Territory,4.0,1,Alto,0
58,Non-binary,High School,Single,73079.0,625.0,45869.0,Personal,Unemployed,6,Excellent,0.5194320386196787,111498.0,1.0,Johnsonmouth,VA,Uruguay,4.0,0,Alto,0
32,Non-binary,High School,Married,113621.0,684.0,29988.0,Personal,Employed,4,Fair,0.2078764498616568,110022.0,3.0,Morganland,NY,Yemen,1.0,2,Bajo,1
21,Male,Bachelor's,Married,40547.0,730.0,48524.0,Business,Self-employed,15,Good,0.4442511247381208,195974.0,3.0,Lake Phillipport,MH,Algeria,1.0,2,Bajo,1
30,Non-binary,High School,Widowed,24629.0,647.0,11045.0,Business,Employed,7,Excellent,0.10968164829740559,264339.0,3.0,Jonesstad,NH,Central African Republic,3.0,0,Alto,0
18,Male,Bachelor's,Widowed,25605.0,751.0,14785.0,Auto,Unemployed,17,Fair,0.33994669003424505,285745.0,3.0,Samanthastad,MI,Congo,1.0,1,Alto,0
40,Male,PhD,Widowed,24789.0,693.0,33765.0,Home,Employed,1,Good,0.11542324763226777,223747.0,3.0,West Lindafort,ND,Croatia,4.0,2,Alto,0
53,Non-binary,PhD,Married,43116.0,707.0,29988.0,Business,Self-employed,2,Good,0.33457225102523425,266375.0,2.0,East Carriefort,VI,Iraq,3.0,0,Alto,0
33,Female,Master's,Widowed,93404.0,769.0,45080.0,Business,Employed,7,Good,0.2533835580700403,160719.0,4.0,South Christopher,MP,Syrian Arab Republic,1.0,2,Bajo,1
18,Non-binary,Bachelor's,Married,36756.0,608.0,13957.0,Personal,Unemployed,0,Fair,0.15481403667787233,245075.0,4.0,Port Jessica,FL,Tanzania,2.0,1,Alto,0
60,Female,High School,Married,118818.0,657.0,26277.0,Business,Self-employed,9,Excellent,0.2402219787018995,20179.0,1.0,Clarkton,MN,Moldova,0.0,0,Medio,2
60,Male,Master's,Single,94861.0,787.0,11094.0,Home,Self-employed,2,Excellent,0.23567774808218447,104524.0,2.0,New Brandonport,SC,Seychelles,4.0,1,Alto,0
58,Male,Bachelor's,Widowed,24210.0,681.0,14227.0,Business,Unemployed,2,Fair,0.5949745422149031,249329.0,0.0,Brettland,MD,Saint Pierre and Miquelon,1.0,1,Alto,0
39,Non-binary,High School,Single,78841.0,665.0,30012.0,Business,Unemployed,10,Fair,0.5040036341882964,223191.0,3.0,South Emilybury,OK,Greece,0.0,0,Medio,2
18,Female,Bachelor's,Single,117270.0,639.0,12351.0,Business,Self-employed,1,Poor,0.1654573496046464,186272.0,4.0,Donaldville,HI,Egypt,3.0,2,Alto,0
39,Non-binary,Bachelor's,Married,78168.0,700.0,20173.0,Home,Self-employed,5,Excellent,0.411779759808926,67339.0,1.0,West James,NE,Saint Barthelemy,0.0,1,Bajo,1
40,Female,Master's,Divorced,41323.0,627.0,45691.0,Personal,Unemployed,17,Good,0.3259152271325608,272492.0,3.0,Lake John,NV,Christmas Island,3.0,1,Alto,0
60,Non-binary,Bachelor's,Divorced,88197.0,651.0,12371.0,Personal,Employed,9,Poor,0.1734592340693686,212217.0,2.0,Lake Heatherstad,OR,Slovakia (Slovak Republic),4.0,2,Alto,0
26,Female,Master's,Widowed,103481.0,747.0,28878.0,Home,Self-employed,2,Good,0.3456983286650549,40295.0,2.0,East Kimberly,NH,Lesotho,4.0,1,Alto,0
40,Female,PhD,Divorced,72513.0,714.0,6759.0,Personal,Unemployed,14,Good,0.265186192302036,196620.0,3.0,Haysfort,SC,Saint Martin,4.0,0,Alto,0
43,Non-binary,Bachelor's,Married,118162.0,684.0,20698.0,Personal,Unemployed,2,Poor,0.31934390242748123,283288.0,3.0,Christopherhaven,FM,Slovenia,2.0,1,Bajo,1
20,Female,Master's,Single,76188.0,689.0,17041.0,Home,Self-employed,4,Good,0.41930049105475975,267248.0,1.0,West Logantown,KY,Guernsey,4.0,0,Alto,0
32,Female,High School,Widowed,97982.0,600.0,18354.0,Home,Employed,15,Good,0.46317841656825653,212475.0,2.0,Lake Megan,LA,Gibraltar,4.0,1,Alto,0
64,Non-binary,Bachelor's,Single,86612.0,627.0,30674.0,Personal,Employed,7,Good,0.36485729150599044,58414.0,0.0,Lake Patrickburgh,RI,Barbados,1.0,0,Medio,2
21,Male,PhD,Divorced,75723.0,785.0,45014.0,Personal,Employed,13,Excellent,0.5850269283851041,179370.0,4.0,West Lindsayview,ME,Denmark,4.0,1,Alto,0
45,Non-binary,High School,Married,100298.0,727.0,13498.0,Home,Employed,6,Excellent,0.2879799940255068,233180.0,1.0,New Sharon,WV,Guyana,1.0,1,Bajo,1
26,Non-binary,Bachelor's,Married,62980.0,748.0,45182.0,Home,Employed,0,Fair,0.46791314769655046,67054.0,2.0,West Zacharyside,WI,Armenia,4.0,0,Alto,0
69,Non-binary,Master's,Widowed,92847.0,780.0,11282.0,Auto,Employed,11,Fair,0.1910028309228319,169153.0,3.0,Port Karen,GA,Singapore,2.0,1,Bajo,1
32,Female,Master's,Single,78144.0,740.0,11493.0,Business,Unemployed,13,Excellent,0.5568000030337642,275191.0,4.0,Josephland,MP,Indonesia,2.0,0,Bajo,1
67,Female,PhD,Divorced,73730.0,771.0,15128.0,Home,Self-employed,6,Good,0.46427454385582945,182617.0,0.0,Meganmouth,MP,Norway,0.0,1,Bajo,1
51,Female,PhD,Divorced,119489.0,641.0,11679.0,Home,Self-employed,10,Fair,0.5432662727491212,125194.0,1.0,North Jennifer,PR,New Zealand,0.0,0,Medio,2
53,Male,High School,Divorced,101550.0,676.0,5275.0,Personal,Unemployed,2,Fair,0.454924415128395,52688.0,4.0,South Janet,MN,Antigua and Barbuda,4.0,1,Alto,0
23,Non-binary,High School,Divorced,57880.0,643.0,27043.0,Home,Self-employed,2,Good,0.340488107472835,291559.0,4.0,East Ashley,MT,Aruba,2.0,1,Medio,2
45,Male,Master's,Widowed,44182.0,796.0,45062.0,Home,Unemployed,1,Poor,0.21738419187822436,37523.0,2.0,West Amanda,MI,Japan,1.0,0,Bajo,1
58,Female,Bachelor's,Divorced,30832.0,748.0,7377.0,Home,Unemployed,8,Fair,0.12523844727858893,44084.0,1.0,Coreyshire,OK,Bolivia,2.0,2,Alto,0
29,Female,Bachelor's,Divorced,110033.0,614.0,10919.0,Home,Employed,6,Good,0.5455566025756976,263840.0,4.0,North Erika,VA,Belize,3.0,0,Alto,0
22,Non-binary,PhD,Married,106426.0,607.0,29083.0,Business,Employed,5,Fair,0.17567672340516086,81136.0,3.0,South Nathan,AZ,Tajikistan,2.0,2,Medio,2
42,Female,High School,Single,119047.0,639.0,35706.0,Personal,Self-employed,16,Excellent,0.16293728612882594,53147.0,1.0,Jasonstad,AZ,United States Minor Outlying Islands,0.0,0,Medio,2
40,Female,PhD,Single,37297.0,649.0,39698.0,Business,Unemployed,11,Excellent,0.12894156575809038,193702.0,2.0,Copelandbury,GA,Saudi Arabia,0.0,1,Alto,0
36,Female,PhD,Married,78995.0,705.0,47750.0,Business,Employed,10,Excellent,0.553490156850541,90187.0,1.0,North Oscarland,CA,Albania,1.0,2,Bajo,1
61,Female,High School,Married,72646.0,666.0,40630.0,Auto,Employed,15,Poor,0.1708560341699424,138167.0,0.0,Port Dillonmouth,VT,Antarctica (the territory South of 60 deg S),2.0,2,Medio,2
28,Male,PhD,Divorced,115220.0,793.0,19661.0,Home,Unemployed,6,Excellent,0.15175935903520235,44541.0,1.0,New Rickey,NC,New Zealand,0.0,2,Bajo,1
32,Non-binary,High School,Divorced,48702.0,792.0,49275.0,Auto,Unemployed,7,Poor,0.5598433631003379,143193.0,3.0,South Eric,MI,Georgia,1.0,2,Bajo,1
64,Female,Master's,Widowed,49870.0,761.0,33253.0,Auto,Unemployed,10,Poor,0.20638917472166526,135060.0,2.0,Carolburgh,VA,Mayotte,0.0,2,Bajo,1
52,Female,Bachelor's,Widowed,27344.0,730.0,26524.0,Personal,Employed,1,Excellent,0.5639837675799448,246472.0,0.0,New Michael,MP,Austria,2.0,1,Alto,0
29,Male,PhD,Single,116921.0,747.0,36076.0,Personal,Self-employed,7,Excellent,0.5718120318092675,74883.0,3.0,Debrachester,NJ,Papua New Guinea,3.0,2,Alto,0
42,Female,Bachelor's,Married,49400.0,797.0,9291.0,Business,Employed,4,Poor,0.49262807986171264,125412.0,2.0,South Elizabethton,HI,Germany,3.0,0,Alto,0
25,Non-binary,Master's,Widowed,94651.0,646.0,16784.0,Home,Employed,18,Good,0.49126900145248276,125349.0,3.0,South Samuel,GU,Togo,3.0,0,Alto,0
25,Male,High School,Widowed,107725.0,683.0,18177.0,Auto,Unemployed,12,Good,0.36441952574852854,36736.0,1.0,Roseton,OR,Zimbabwe,2.0,0,Bajo,1
26,Female,Bachelor's,Widowed,108393.0,692.0,35868.0,Business,Unemployed,9,Excellent,0.5207499942782661,188050.0,3.0,South Stephenstad,WA,Dominican Republic,0.0,0,Bajo,1
64,Female,PhD,Single,33149.0,625.0,35135.0,Business,Employed,0,Fair,0.5180971085770005,74956.0,3.0,Johnathanport,MI,Brunei Darussalam,2.0,1,Alto,0
68,Male,Bachelor's,Widowed,103682.0,788.0,14290.0,Personal,Employed,12,Excellent,0.1736446833832386,38473.0,0.0,Gregorychester,NV,Saint Lucia,3.0,0,Alto,0
38,Non-binary,Bachelor's,Widowed,94453.0,621.0,18510.0,Personal,Employed,15,Good,0.3407838521308785,52098.0,2.0,New Antonio,ID,Slovakia (Slovak Republic),4.0,2,Alto,0
64,Female,High School,Divorced,25285.0,634.0,7153.0,Business,Self-employed,3,Fair,0.27466796881544187,95639.0,2.0,Nicholsonport,RI,United States Virgin Islands,3.0,1,Alto,0
34,Non-binary,Master's,Divorced,102864.0,736.0,33353.0,Personal,Employed,0,Excellent,0.1876643533928092,98944.0,3.0,North Lindaport,CO,Austria,4.0,1,Alto,0
41,Non-binary,High School,Divorced,46000.0,679.0,31176.0,Home,Unemployed,4,Good,0.5851129595156634,293135.0,2.0,North Kelly,ME,Tonga,3.0,1,Alto,0
31,Non-binary,High School,Divorced,110037.0,613.0,45201.0,Business,Self-employed,17,Poor,0.5451887743841011,120003.0,1.0,New Joshuatown,VA,Congo,2.0,0,Medio,2
32,Male,Master's,Widowed,106677.0,642.0,41559.0,Auto,Unemployed,13,Poor,0.3473189299852477,293904.0,2.0,Nicholaschester,NM,Korea,4.0,0,Alto,0
55,Non-binary,Master's,Divorced,108264.0,702.0,10524.0,Home,Self-employed,5,Excellent,0.32711532842667035,162234.0,3.0,North Kristinaborough,WV,Sao Tome and Principe,4.0,1,Alto,0
31,Male,Bachelor's,Married,87592.0,766.0,22949.0,Home,Self-employed,5,Fair,0.39695026835765357,105171.0,2.0,Danieltown,MS,Costa Rica,2.0,2,Bajo,1
30,Male,High School,Widowed,81810.0,765.0,23004.0,Personal,Self-employed,10,Poor,0.3144131971826315,170142.0,1.0,South Janet,WA,Belarus,2.0,0,Bajo,1
20,Non-binary,High School,Widowed,46855.0,779.0,34062.0,Auto,Unemployed,6,Poor,0.31712246099532937,264367.0,2.0,South Amandaside,MI,Micronesia,4.0,2,Alto,0
45,Non-binary,Master's,Married,69515.0,712.0,28752.0,Home,Employed,6,Good,0.2658657903123621,101761.0,3.0,Timothyport,OH,Mali,2.0,2,Bajo,1
19,Male,Bachelor's,Married,103230.0,704.0,16382.0,Home,Unemployed,17,Fair,0.37405727160644986,214556.0,4.0,Winterschester,HI,Serbia,2.0,0,Bajo,1
24,Female,Master's,Single,82137.0,790.0,34428.0,Business,Unemployed,12,Fair,0.4161053967183913,296457.0,2.0,Lewismouth,VA,Saint Kitts and Nevis,4.0,1,Alto,0
45,Female,PhD,Widowed,30677.0,764.0,16809.0,Business,Self-employed,6,Good,0.1845234916848966,205069.0,3.0,Ashleyberg,NV,Seychelles,3.0,2,Alto,0
21,Male,Bachelor's,Widowed,89001.0,642.0,17219.0,Home,Unemployed,0,Poor,0.4386347136877614,281300.0,4.0,Eatonmouth,SC,Saudi Arabia,0.0,0,Medio,2
18,Male,High School,Divorced,41788.0,656.0,41755.0,Home,Employed,17,Poor,0.2574316877026943,161590.0,0.0,West Danielland,MA,Kyrgyz Republic,1.0,2,Medio,2
26,Female,High School,Widowed,116080.0,602.0,46499.0,Auto,Self-employed,17,Excellent,0.5985682591421905,159781.0,3.0,South Angela,MD,Oman,0.0,1,Medio,2
64,Male,PhD,Married,75685.0,723.0,20100.0,Auto,Unemployed,15,Excellent,0.5669086301095456,228942.0,1.0,Lake Hannahborough,FL,Belgium,0.0,0,Bajo,1
43,Non-binary,Bachelor's,Single,51351.0,692.0,24605.0,Personal,Unemployed,16,Fair,0.2735154349987243,90834.0,2.0,Mariabury,IN,Eritrea,0.0,2,Bajo,1
20,Non-binary,Bachelor's,Widowed,72129.0,734.0,35641.0,Personal,Employed,13,Poor,0.44023143992317726,183331.0,3.0,New Melissa,FM,Montserrat,3.0,0,Alto,0
23,Female,PhD,Divorced,95886.0,657.0,31065.0,Business,Self-employed,14,Excellent,0.48127207541990147,171038.0,2.0,Deanburgh,ME,Pitcairn Islands,3.0,0,Alto,0
52,Male,PhD,Divorced,105510.0,759.0,6432.0,Home,Unemployed,10,Poor,0.36177215076154157,165467.0,4.0,Jimmyton,AZ,France,0.0,1,Bajo,1
57,Male,High School,Married,111110.0,611.0,39318.0,Home,Self-employed,4,Fair,0.4792344473494312,142743.0,4.0,Ortizview,KS,Tonga,3.0,1,Alto,0
33,Male,Master's,Widowed,83472.0,774.0,32268.0,Home,Employed,18,Good,0.26961642257802654,63784.0,3.0,North Robin,FM,Cote d'Ivoire,0.0,0,Bajo,1
31,Female,High School,Divorced,83305.0,619.0,8453.0,Auto,Self-employed,16,Fair,0.18649858458361382,128305.0,3.0,Royville,IA,Tokelau,2.0,1,Medio,2
28,Non-binary,High School,Divorced,110982.0,657.0,41085.0,Auto,Self-employed,19,Fair,0.3299139645798361,101905.0,4.0,Danielshire,MO,Colombia,1.0,1,Medio,2
60,Male,High School,Divorced,29151.0,643.0,13960.0,Auto,Employed,12,Excellent,0.45520799969102776,296370.0,0.0,West Christopherchester,GA,Saudi Arabia,4.0,0,Alto,0
39,Non-binary,Bachelor's,Married,43438.0,635.0,38202.0,Auto,Employed,0,Fair,0.3529719454310071,75027.0,1.0,Lake Jeanettechester,OK,Saint Barthelemy,3.0,0,Alto,0
42,Female,Bachelor's,Single,103220.0,781.0,47726.0,Personal,Unemployed,14,Poor,0.4105345993605273,231498.0,3.0,Bishopfurt,DE,Seychelles,0.0,2,Bajo,1
65,Non-binary,Master's,Single,117127.0,723.0,10765.0,Home,Unemployed,7,Fair,0.518187649315845,267514.0,4.0,Lake Janice,FM,Faroe Islands,4.0,0,Alto,0
39,Female,High School,Married,105455.0,701.0,39395.0,Business,Unemployed,0,Poor,0.32342395819105707,168154.0,3.0,Blakeport,NH,Korea,2.0,0,Bajo,1
57,Female,PhD,Divorced,52174.0,740.0,43639.0,Personal,Self-employed,19,Fair,0.2476185432680125,295230.0,4.0,West Rachel,IN,United States of America,0.0,2,Bajo,1
43,Female,Master's,Married,33580.0,729.0,46142.0,Home,Employed,17,Excellent,0.2707382775204906,171226.0,2.0,Tonyborough,AR,Uruguay,0.0,0,Alto,0
67,Female,High School,Single,98473.0,609.0,10826.0,Home,Employed,12,Poor,0.1891357731629151,146692.0,1.0,North Toddport,CT,Gibraltar,3.0,1,Alto,0
49,Non-binary,Master's,Divorced,57964.0,784.0,32939.0,Personal,Self-employed,13,Excellent,0.13872707220151828,271637.0,4.0,Lake Scott,OR,Djibouti,3.0,2,Alto,0
50,Male,Master's,Single,47597.0,629.0,26227.0,Personal,Employed,11,Poor,0.5665301680565797,48419.0,0.0,Glassfort,CA,South Africa,0.0,2,Medio,2
25,Female,High School,Single,79919.0,641.0,39321.0,Business,Employed,2,Good,0.4328931117193837,175204.0,4.0,Lopezmouth,NV,Bouvet Island (Bouvetoya),2.0,0,Medio,2
46,Male,High School,Single,27818.0,784.0,12621.0,Home,Employed,8,Good,0.4176584603819855,250537.0,1.0,East Cynthiahaven,DE,Angola,1.0,0,Alto,0
51,Female,High School,Married,87471.0,727.0,46306.0,Personal,Self-employed,0,Excellent,0.3740279580792658,243131.0,0.0,North Kyleburgh,GA,United States Minor Outlying Islands,3.0,2,Alto,0
58,Non-binary,High School,Married,71389.0,629.0,36521.0,Business,Employed,0,Excellent,0.23099923186687302,59460.0,4.0,West Karenborough,AR,Jersey,2.0,1,Medio,2
38,Male,PhD,Single,36254.0,764.0,34850.0,Personal,Unemployed,17,Poor,0.1028557765901523,267034.0,3.0,Lake Jennifer,SC,Burundi,3.0,0,Alto,0
21,Non-binary,Bachelor's,Single,67673.0,756.0,45423.0,Auto,Employed,8,Fair,0.4867323501349,140600.0,1.0,Harveyshire,PR,United States Virgin Islands,4.0,0,Alto,0
55,Non-binary,Master's,Married,68634.0,616.0,14931.0,Personal,Employed,14,Excellent,0.1504561830171713,50888.0,4.0,Dawnmouth,AL,Chile,1.0,0,Medio,2
59,Non-binary,Bachelor's,Widowed,73235.0,641.0,24990.0,Business,Employed,14,Excellent,0.15513933668146415,208265.0,3.0,Port Deniseside,VA,Eritrea,3.0,2,Alto,0
34,Female,High School,Divorced,60711.0,794.0,49036.0,Personal,Employed,2,Excellent,0.20777804563920918,40929.0,0.0,Jamesburgh,AR,French Polynesia,1.0,1,Bajo,1
69,Male,Master's,Widowed,73506.0,641.0,17180.0,Auto,Self-employed,17,Fair,0.49000974296657485,112356.0,2.0,Stanleyfort,ME,Palau,2.0,0,Medio,2
59,Non-binary,Bachelor's,Widowed,119770.0,610.0,31312.0,Home,Self-employed,2,Excellent,0.3363436818204004,254292.0,3.0,North Jeremy,OK,Bahamas,4.0,0,Alto,0
50,Male,High School,Married,65733.0,710.0,23688.0,Auto,Employed,8,Good,0.3983102693127525,168262.0,4.0,Shaunmouth,WI,Estonia,2.0,0,Bajo,1
28,Male,Master's,Married,55521.0,705.0,11093.0,Business,Self-employed,6,Good,0.2269054495131874,262567.0,3.0,Adamsmouth,FL,Armenia,2.0,2,Bajo,1
60,Male,High School,Widowed,81284.0,606.0,13511.0,Personal,Self-employed,17,Poor,0.2653446931441663,257427.0,1.0,Janiceview,MO,Barbados,3.0,1,Alto,0
42,Non-binary,PhD,Married,51139.0,721.0,9237.0,Business,Self-employed,11,Good,0.19056767994915322,92048.0,2.0,Brownshire,IA,Bulgaria,0.0,2,Bajo,1
24,Male,PhD,Widowed,42118.0,745.0,36080.0,Home,Self-employed,2,Fair,0.17427183965154494,61514.0,0.0,New Gregorymouth,TX,Uzbekistan,2.0,1,Bajo,1
27,Non-binary,High School,Divorced,44281.0,655.0,48338.0,Business,Unemployed,0,Poor,0.10222398904941463,156514.0,1.0,New Angelaton,ND,Tuvalu,3.0,2,Alto,0
38,Female,Master's,Widowed,105470.0,655.0,29558.0,Business,Employed,5,Excellent,0.21103253949956904,299540.0,4.0,East Cody,IA,Colombia,4.0,1,Alto,0
20,Female,Master's,Married,80598.0,780.0,6800.0,Auto,Employed,10,Fair,0.5281328860184028,62849.0,3.0,Lake Richard,CO,Cambodia,3.0,1,Alto,0
62,Female,Bachelor's,Single,86247.0,655.0,38399.0,Home,Unemployed,8,Fair,0.5530085474420271,34909.0,3.0,Williamsshire,DC,Japan,3.0,0,Alto,0
55,Female,Bachelor's,Widowed,20057.0,620.0,36104.0,Home,Self-employed,17,Good,0.2513740342255355,239693.0,3.0,Michaelport,UT,Guam,2.0,1,Alto,0
54,Non-binary,PhD,Widowed,58038.0,613.0,43805.0,Auto,Unemployed,0,Excellent,0.3297008463635307,255228.0,3.0,Chadfort,AZ,Pakistan,2.0,0,Medio,2
68,Non-binary,Master's,Divorced,94332.0,757.0,24279.0,Business,Unemployed,5,Poor,0.4885620792094236,138185.0,4.0,East Juliebury,OR,Ecuador,0.0,1,Bajo,1
36,Female,Bachelor's,Married,82645.0,789.0,7434.0,Home,Self-employed,3,Excellent,0.268418396183415,118671.0,3.0,Ruizstad,ND,Netherlands,1.0,1,Bajo,1
22,Male,Bachelor's,Married,70396.0,698.0,49006.0,Business,Unemployed,4,Excellent,0.31077051473549255,48579.0,4.0,New Timothyville,MT,Zambia,4.0,1,Alto,0
29,Male,PhD,Married,112040.0,700.0,42849.0,Home,Unemployed,7,Fair,0.4862728734304198,158374.0,3.0,Aaronview,IA,Korea,2.0,1,Bajo,1
33,Female,High School,Single,23760.0,736.0,25229.0,Home,Employed,4,Poor,0.5835221664404984,218321.0,0.0,Lake Stacey,WA,Kiribati,1.0,1,Alto,0
41,Female,Master's,Married,74232.0,674.0,23283.0,Auto,Unemployed,9,Good,0.5025263937725376,182391.0,1.0,South Matthew,FL,Palestinian Territory,1.0,2,Medio,2
47,Non-binary,Bachelor's,Divorced,54512.0,725.0,41491.0,Auto,Unemployed,12,Fair,0.5473734548571663,178871.0,4.0,Lake George,VI,Lao People's Democratic Republic,2.0,2,Bajo,1
44,Female,Master's,Single,92048.0,724.0,8098.0,Business,Self-employed,15,Fair,0.1357220767502653,202812.0,2.0,South Janetport,MI,Denmark,1.0,2,Bajo,1
46,Female,High School,Divorced,91255.0,768.0,6770.0,Personal,Self-employed,14,Fair,0.5454198038999397,31422.0,2.0,Lopezstad,MT,Cayman Islands,4.0,2,Alto,0
40,Male,Bachelor's,Divorced,103137.0,674.0,33892.0,Personal,Self-employed,17,Excellent,0.11005908934365857,71719.0,2.0,New Latoya,MI,Puerto Rico,4.0,1,Alto,0
53,Female,PhD,Widowed,103710.0,732.0,40212.0,Personal,Self-employed,15,Fair,0.20895253944466244,48849.0,3.0,North Dave,NC,Mozambique,0.0,1,Bajo,1
18,Non-binary,Bachelor's,Married,73140.0,621.0,29726.0,Business,Unemployed,5,Fair,0.3763911109004887,86124.0,2.0,Fowlerport,GU,Central African Republic,2.0,1,Medio,2
59,Non-binary,High School,Divorced,35847.0,771.0,17607.0,Home,Employed,0,Fair,0.24539755449093079,118020.0,3.0,Port Tylerbury,SC,Sierra Leone,1.0,0,Alto,0
60,Female,Bachelor's,Divorced,77929.0,688.0,42239.0,Business,Unemployed,12,Excellent,0.43260259124527667,143218.0,4.0,New Davidport,MI,New Zealand,2.0,2,Bajo,1
60,Female,High School,Single,106813.0,734.0,5299.0,Auto,Unemployed,10,Good,0.4482950743971287,142458.0,3.0,Port Brianland,PR,Suriname,2.0,0,Bajo,1
35,Female,Bachelor's,Divorced,84512.0,653.0,39708.0,Personal,Self-employed,16,Excellent,0.37596207094669665,38333.0,1.0,Mccoytown,MP,Western Sahara,1.0,0,Medio,2
39,Male,Bachelor's,Married,27464.0,720.0,33721.0,Business,Unemployed,16,Fair,0.5734427509680576,115977.0,3.0,Craneton,WI,Uzbekistan,3.0,0,Alto,0
56,Female,PhD,Divorced,54121.0,717.0,40278.0,Home,Self-employed,17,Good,0.38824258381224075,158292.0,1.0,Lake Anthonyfurt,SC,Congo,1.0,1,Bajo,1
38,Non-binary,Bachelor's,Single,30052.0,788.0,32003.0,Home,Self-employed,3,Fair,0.5681873508911168,216472.0,0.0,Hornefort,ID,British Virgin Islands,2.0,0,Alto,0
64,Female,High School,Divorced,109616.0,676.0,12385.0,Personal,Self-employed,12,Excellent,0.4798125694315387,178465.0,3.0,Port Noahside,VT,Indonesia,3.0,1,Alto,0
61,Male,PhD,Single,88305.0,776.0,38182.0,Personal,Unemployed,6,Good,0.42487063145625925,233276.0,1.0,West Thomaston,WV,Nauru,4.0,2,Alto,0
27,Female,Master's,Single,102418.0,796.0,29091.0,Auto,Employed,4,Poor,0.18858449721927248,155939.0,0.0,South Bobby,FL,Syrian Arab Republic,4.0,0,Alto,0
42,Female,PhD,Widowed,73533.0,604.0,43940.0,Personal,Self-employed,11,Fair,0.17972418783526137,48664.0,3.0,New Jeremymouth,LA,Thailand,1.0,2,Medio,2
29,Non-binary,Master's,Married,28367.0,632.0,36262.0,Home,Unemployed,12,Good,0.41755851141513345,27649.0,0.0,Christopherside,CO,Romania,2.0,2,Alto,0
53,Female,PhD,Single,90875.0,712.0,45981.0,Business,Employed,6,Poor,0.4042066930430662,190957.0,4.0,New Luis,VI,Algeria,0.0,1,Bajo,1
49,Male,PhD,Widowed,52264.0,785.0,16347.0,Business,Self-employed,13,Excellent,0.19054394834721175,71833.0,4.0,Lisamouth,DC,Montserrat,4.0,0,Alto,0
47,Female,Master's,Divorced,52899.0,659.0,40878.0,Business,Unemployed,4,Poor,0.11225138394881398,55538.0,3.0,Daltonburgh,WV,United States Minor Outlying Islands,0.0,0,Medio,2
23,Female,PhD,Divorced,87827.0,736.0,23020.0,Home,Employed,3,Excellent,0.5435760781740485,268052.0,2.0,Martinezfurt,WY,Netherlands,4.0,0,Alto,0
20,Non-binary,High School,Widowed,80188.0,790.0,18171.0,Home,Unemployed,18,Excellent,0.5196433391272652,267766.0,4.0,South Georgehaven,MP,Sudan,3.0,2,Alto,0
45,Male,Master's,Single,45634.0,658.0,40893.0,Auto,Unemployed,8,Fair,0.3692890828315152,141477.0,0.0,West Kelly,NV,Bulgaria,2.0,2,Medio,2
56,Male,Master's,Widowed,98243.0,680.0,36289.0,Auto,Employed,10,Poor,0.4110543161419239,65437.0,0.0,Perezmouth,TX,Micronesia,2.0,0,Bajo,1
31,Non-binary,High School,Single,64293.0,731.0,30491.0,Home,Self-employed,1,Fair,0.1987478623481427,289128.0,4.0,Davisstad,IN,Latvia,2.0,0,Bajo,1
43,Non-binary,Master's,Single,49473.0,616.0,34324.0,Home,Unemployed,16,Poor,0.16937124779728988,76552.0,0.0,Harrisonmouth,NY,American Samoa,1.0,0,Medio,2
61,Female,High School,Single,74941.0,694.0,49180.0,Home,Self-employed,8,Poor,0.46603863486400343,220759.0,2.0,Freemanfort,AS,Tonga,4.0,2,Alto,0
66,Non-binary,Master's,Single,110404.0,773.0,12169.0,Home,Self-employed,6,Poor,0.19691909363942947,178774.0,1.0,New Rebecca,NJ,Niue,2.0,2,Bajo,1
59,Non-binary,High School,Widowed,76614.0,660.0,31369.0,Home,Self-employed,8,Excellent,0.45614679325413854,156578.0,3.0,Pittmanburgh,FM,Myanmar,1.0,0,Medio,2
29,Female,High School,Widowed,75822.0,777.0,14013.0,Personal,Unemployed,16,Poor,0.5633682633808741,208818.0,0.0,Kellimouth,VT,Singapore,3.0,0,Alto,0
69,Male,Bachelor's,Single,93551.0,679.0,45218.0,Auto,Self-employed,13,Poor,0.21171259432806197,90454.0,3.0,East Laura,SD,Anguilla,3.0,0,Alto,0
56,Non-binary,Master's,Divorced,90410.0,736.0,13946.0,Personal,Self-employed,9,Fair,0.32561026121151226,251037.0,2.0,Dunnstad,SD,Anguilla,0.0,0,Bajo,1
53,Male,PhD,Single,21073.0,624.0,48927.0,Auto,Self-employed,17,Poor,0.1957595992067553,295156.0,1.0,Randymouth,WA,Heard Island and McDonald Islands,2.0,2,Alto,0
52,Non-binary,High School,Single,83925.0,730.0,39535.0,Business,Self-employed,17,Good,0.41208466057703064,99736.0,2.0,Thomasbury,AS,Austria,0.0,0,Bajo,1
26,Male,Bachelor's,Divorced,77841.0,727.0,23289.0,Home,Employed,4,Good,0.36569296060781564,245207.0,0.0,Kaylaborough,IN,Congo,3.0,0,Alto,0
33,Male,Bachelor's,Divorced,106287.0,720.0,46599.0,Personal,Unemployed,3,Poor,0.5501118405769696,87798.0,3.0,Jacobfort,VA,France,0.0,1,Bajo,1
61,Non-binary,Bachelor's,Single,96022.0,657.0,11217.0,Home,Employed,2,Excellent,0.5869189074402007,147087.0,3.0,South Darlene,KY,Congo,3.0,0,Alto,0
59,Male,PhD,Widowed,49160.0,675.0,46470.0,Personal,Unemployed,13,Poor,0.10226931119439589,129168.0,0.0,Wilsonfort,ND,Saint Martin,1.0,1,Medio,2
25,Male,High School,Widowed,112724.0,665.0,32967.0,Home,Unemployed,3,Poor,0.2636976347581277,288405.0,0.0,South Michael,PA,Hong Kong,4.0,2,Alto,0
64,Female,High School,Single,61120.0,607.0,27816.0,Personal,Employed,2,Fair,0.47469888893850576,228310.0,4.0,Fullermouth,OR,Timor-Leste,4.0,0,Alto,0
35,Male,Master's,Married,100263.0,614.0,32278.0,Personal,Self-employed,11,Excellent,0.4008766515300948,143203.0,3.0,Heathershire,KY,Vietnam,0.0,2,Medio,2
64,Female,Bachelor's,Single,80563.0,780.0,33424.0,Personal,Unemployed,6,Fair,0.14257735907721533,231622.0,1.0,South Cynthiashire,FM,Liberia,2.0,0,Bajo,1
42,Male,PhD,Married,82979.0,772.0,22896.0,Home,Employed,5,Excellent,0.1939396171364677,212469.0,0.0,Chrismouth,OR,Albania,3.0,0,Alto,0
56,Female,Master's,Single,21267.0,678.0,36064.0,Personal,Self-employed,17,Excellent,0.5220157746509527,184844.0,3.0,East Kaitlyn,IN,Christmas Island,3.0,0,Alto,0
59,Female,High School,Divorced,104658.0,762.0,9120.0,Auto,Employed,2,Excellent,0.41905046987805794,292741.0,2.0,New Bradley,PR,Liberia,4.0,0,Alto,0
39,Male,High School,Widowed,96955.0,726.0,40171.0,Auto,Employed,0,Good,0.4725205892308262,214558.0,1.0,Port Christinamouth,PA,Luxembourg,4.0,1,Alto,0
24,Male,Bachelor's,Single,107973.0,790.0,38758.0,Auto,Unemployed,4,Good,0.46628091231439595,248929.0,2.0,Martinborough,ME,Bangladesh,0.0,0,Bajo,1
23,Female,Bachelor's,Single,51509.0,654.0,31579.0,Auto,Employed,1,Good,0.16767240805198233,89921.0,0.0,Yateshaven,CO,Western Sahara,4.0,2,Alto,0
19,Male,PhD,Widowed,110546.0,764.0,38743.0,Business,Self-employed,11,Good,0.5333414819532227,163518.0,4.0,Jamesstad,DC,Burkina Faso,1.0,0,Bajo,1
25,Male,Master's,Divorced,60194.0,735.0,17850.0,Personal,Self-employed,17,Good,0.24498652247476269,162232.0,0.0,South Gregory,OH,Suriname,1.0,0,Bajo,1
62,Male,Master's,Divorced,86126.0,614.0,32243.0,Personal,Employed,18,Poor,0.26063305125269287,129150.0,4.0,Powellstad,MI,Bosnia and Herzegovina,3.0,2,Alto,0
32,Male,Bachelor's,Married,67249.0,608.0,41939.0,Personal,Unemployed,12,Fair,0.1651020136375768,120868.0,1.0,New Shawn,SC,Bangladesh,4.0,1,Alto,0
19,Male,High School,Widowed,23404.0,623.0,47752.0,Auto,Unemployed,3,Poor,0.24960853798745872,206358.0,1.0,Johnnyberg,MN,Indonesia,0.0,1,Alto,0
25,Female,Master's,Married,60667.0,632.0,25786.0,Personal,Self-employed,11,Poor,0.14960496383045543,30718.0,0.0,Bridgesborough,CT,Ukraine,0.0,1,Medio,2
27,Female,Bachelor's,Single,99158.0,797.0,19775.0,Auto,Unemployed,6,Good,0.20815739573776884,293033.0,0.0,Port Mary,FM,Moldova,0.0,2,Bajo,1
32,Female,Bachelor's,Married,29402.0,617.0,8931.0,Auto,Self-employed,0,Fair,0.5056549224757722,218891.0,0.0,Shawnmouth,IA,Costa Rica,0.0,1,Alto,0
45,Female,High School,Married,51712.0,785.0,41709.0,Business,Employed,4,Excellent,0.3756164115390831,44832.0,4.0,Port Jacqueline,IN,Costa Rica,1.0,2,Bajo,1
58,Non-binary,High School,Widowed,57429.0,628.0,26857.0,Business,Unemployed,13,Good,0.4541409794325296,291934.0,0.0,West Crystal,VT,Honduras,1.0,1,Medio,2
49,Female,Master's,Widowed,43390.0,632.0,28746.0,Personal,Employed,2,Excellent,0.19624604251819325,268272.0,0.0,New Derek,PW,Mexico,4.0,1,Alto,0
55,Female,Master's,Widowed,47041.0,725.0,10072.0,Auto,Employed,19,Fair,0.421310350261195,126134.0,1.0,Jamesview,WV,Svalbard & Jan Mayen Islands,3.0,1,Alto,0
52,Male,Bachelor's,Divorced,21711.0,612.0,38059.0,Auto,Employed,1,Fair,0.17177713807552378,28918.0,2.0,North Bethanychester,AS,Bahrain,0.0,0,Alto,0
33,Female,High School,Married,34118.0,754.0,12090.0,Business,Employed,1,Poor,0.17970184722800844,126246.0,3.0,Dianaburgh,PR,Swaziland,1.0,2,Alto,0
41,Male,Bachelor's,Divorced,56907.0,725.0,18324.0,Auto,Unemployed,14,Good,0.445291313154093,60679.0,3.0,North Robintown,OK,Sweden,2.0,0,Bajo,1
39,Non-binary,PhD,Divorced,70541.0,755.0,22422.0,Auto,Self-employed,1,Fair,0.24528386262517418,34883.0,1.0,Lewisport,PR,Papua New Guinea,2.0,0,Bajo,1
19,Male,High School,Divorced,81791.0,784.0,23211.0,Business,Unemployed,4,Fair,0.21993143410044566,270787.0,4.0,New Andrew,KS,Papua New Guinea,0.0,0,Bajo,1
19,Male,Bachelor's,Widowed,72035.0,764.0,49228.0,Home,Unemployed,18,Fair,0.3587245690582407,223917.0,4.0,Port Sandra,VA,Lesotho,3.0,0,Alto,0
62,Female,PhD,Divorced,116129.0,743.0,16426.0,Auto,Employed,11,Fair,0.3033741645999777,226135.0,2.0,Deanberg,AZ,Bhutan,2.0,1,Bajo,1
42,Non-binary,Bachelor's,Divorced,110036.0,683.0,31506.0,Auto,Self-employed,18,Good,0.20419140407288613,203696.0,1.0,New Jason,AL,Guernsey,2.0,2,Bajo,1
21,Non-binary,PhD,Single,112783.0,717.0,42150.0,Business,Self-employed,3,Poor,0.5984529082897346,149881.0,1.0,East Gregory,GU,Mauritius,1.0,0,Bajo,1
31,Non-binary,High School,Widowed,60194.0,605.0,37223.0,Personal,Self-employed,6,Poor,0.5960792719685791,64670.0,1.0,Jacobburgh,MT,El Salvador,0.0,0,Medio,2
51,Female,High School,Divorced,47289.0,710.0,9627.0,Home,Self-employed,12,Excellent,0.5202102292261314,103509.0,1.0,Johnhaven,OR,Slovenia,0.0,1,Bajo,1
57,Female,Master's,Divorced,94319.0,736.0,11463.0,Business,Unemployed,1,Fair,0.2530756099109813,128731.0,2.0,Nathanshire,VT,Tunisia,3.0,0,Alto,0
26,Male,Bachelor's,Married,107802.0,677.0,31543.0,Home,Self-employed,7,Good,0.4977809080852059,32709.0,3.0,West Linda,UT,Nigeria,2.0,1,Medio,2
25,Male,PhD,Widowed,39564.0,610.0,44606.0,Auto,Employed,16,Fair,0.5706788298841129,276370.0,0.0,Kathyshire,NJ,Bahrain,1.0,0,Alto,0
43,Male,Bachelor's,Divorced,94248.0,742.0,19202.0,Business,Employed,19,Poor,0.47691591820065915,213838.0,4.0,Sharpland,LA,Nauru,0.0,0,Bajo,1
56,Non-binary,PhD,Divorced,88345.0,784.0,16841.0,Personal,Self-employed,1,Good,0.20691906453185724,246057.0,3.0,Taylorburgh,NJ,Croatia,4.0,1,Alto,0
38,Male,High School,Single,42797.0,684.0,40775.0,Auto,Unemployed,3,Poor,0.3253500306877424,82290.0,2.0,Mccormickville,MP,Greece,2.0,1,Bajo,1
62,Female,Master's,Single,78900.0,603.0,12020.0,Personal,Unemployed,11,Fair,0.15359545085825135,143561.0,3.0,Maryburgh,DE,Lithuania,4.0,2,Alto,0
56,Female,High School,Married,64514.0,724.0,27346.0,Personal,Self-employed,14,Poor,0.28885220763529873,257013.0,1.0,Harrischester,MT,Niger,3.0,2,Alto,0
35,Non-binary,PhD,Single,93567.0,727.0,31399.0,Business,Unemployed,1,Excellent,0.42564192219649233,133862.0,3.0,East Brandon,OR,Maldives,0.0,1,Bajo,1
66,Non-binary,Master's,Divorced,29953.0,746.0,40008.0,Auto,Employed,18,Good,0.5559416631280629,41076.0,1.0,Port Nataliebury,AR,Chile,4.0,2,Alto,0
30,Non-binary,Master's,Widowed,68533.0,668.0,46860.0,Business,Unemployed,4,Fair,0.5864842216759655,56327.0,1.0,South Allisontown,NJ,Ireland,2.0,1,Medio,2
41,Male,Master's,Widowed,90009.0,618.0,23839.0,Business,Employed,13,Excellent,0.29186314987347173,47481.0,3.0,Lake Ashley,OK,Luxembourg,3.0,1,Alto,0
46,Female,Bachelor's,Widowed,62625.0,721.0,34012.0,Auto,Employed,6,Fair,0.5822859804955013,217229.0,3.0,Lake Frank,AS,Spain,2.0,0,Bajo,1
66,Non-binary,High School,Single,24787.0,651.0,12353.0,Home,Self-employed,10,Fair,0.4468397638463669,127291.0,4.0,Kellychester,HI,Gibraltar,1.0,2,Alto,0
62,Non-binary,High School,Married,35032.0,774.0,15146.0,Personal,Self-employed,18,Poor,0.3432470654886286,210222.0,1.0,North Kayla,MI,Cyprus,1.0,1,Alto,0
27,Non-binary,High School,Single,39416.0,797.0,20981.0,Personal,Employed,13,Good,0.4397873434823967,217062.0,3.0,Thomashaven,MO,Togo,2.0,2,Alto,0
40,Male,High School,Divorced,28584.0,670.0,45944.0,Personal,Employed,19,Poor,0.4658866655382926,28582.0,4.0,Lake Nicholas,NC,Mauritania,0.0,2,Alto,0
21,Non-binary,PhD,Widowed,52160.0,768.0,32692.0,Auto,Employed,1,Good,0.5320162729792105,162610.0,0.0,Pricechester,CT,Haiti,1.0,0,Bajo,1
47,Non-binary,PhD,Married,32907.0,607.0,11126.0,Home,Self-employed,12,Fair,0.20589302582832383,263399.0,0.0,Chavezmouth,PA,Cuba,4.0,1,Alto,0
38,Male,PhD,Married,118597.0,787.0,15890.0,Business,Self-employed,4,Poor,0.3857385591195416,228889.0,4.0,New Donald,ME,Norfolk Island,4.0,2,Alto,0
54,Non-binary,Master's,Widowed,36167.0,732.0,14537.0,Business,Employed,3,Poor,0.3906262307528017,114242.0,4.0,Teresaview,WA,Switzerland,0.0,0,Alto,0
62,Non-binary,PhD,Widowed,60799.0,653.0,16653.0,Home,Employed,14,Excellent,0.22941336560814754,141013.0,0.0,Holmeshaven,AS,New Caledonia,2.0,1,Medio,2
66,Female,PhD,Widowed,102098.0,774.0,23868.0,Personal,Self-employed,14,Poor,0.3994753732115256,138041.0,4.0,Port Vincentland,PR,Kenya,4.0,2,Alto,0
67,Non-binary,Master's,Widowed,28382.0,611.0,5303.0,Personal,Unemployed,9,Fair,0.5254471749246249,105398.0,1.0,Joannton,WY,Niger,1.0,1,Alto,0
40,Non-binary,High School,Married,26472.0,636.0,16001.0,Personal,Unemployed,5,Poor,0.29085564949046105,251097.0,4.0,West Thomasmouth,LA,Falkland Islands (Malvinas),2.0,1,Alto,0
47,Male,High School,Widowed,65650.0,611.0,44507.0,Business,Self-employed,18,Good,0.11554159378612347,20233.0,4.0,East Jason,PW,Spain,3.0,1,Alto,0
61,Male,Master's,Widowed,35941.0,788.0,49358.0,Personal,Employed,6,Poor,0.31718513473032695,218344.0,0.0,Jillianchester,SD,Gibraltar,0.0,2,Alto,0
21,Male,Bachelor's,Divorced,50750.0,725.0,38337.0,Personal,Self-employed,4,Poor,0.4775157865044577,153666.0,2.0,North Loristad,MS,New Caledonia,4.0,1,Alto,0
29,Male,Master's,Single,50105.0,646.0,43215.0,Business,Employed,9,Excellent,0.5102579948940672,135453.0,2.0,East Mary,IN,Liberia,4.0,2,Alto,0
54,Female,Master's,Widowed,56417.0,646.0,30638.0,Personal,Unemployed,17,Excellent,0.12634147605237875,79219.0,4.0,Charlesville,UT,Croatia,2.0,2,Medio,2
20,Female,Master's,Widowed,43453.0,620.0,32213.0,Auto,Self-employed,11,Poor,0.5108499768871944,29064.0,4.0,Wilkersonmouth,WI,Slovenia,1.0,0,Medio,2
64,Non-binary,High School,Single,29895.0,672.0,31811.0,Business,Unemployed,10,Fair,0.5753192480929834,33934.0,2.0,Vasquezside,GA,Jordan,2.0,2,Alto,0
27,Male,PhD,Married,65952.0,757.0,28720.0,Home,Unemployed,9,Poor,0.36531844517226786,171099.0,2.0,Johnville,TX,Sudan,0.0,1,Bajo,1
57,Male,Bachelor's,Single,68484.0,665.0,25502.0,Personal,Self-employed,17,Fair,0.5866844004349505,92037.0,3.0,North Jessica,AZ,Brunei Darussalam,1.0,2,Medio,2
57,Male,PhD,Divorced,56365.0,724.0,47706.0,Home,Employed,12,Poor,0.5475366375017713,231500.0,1.0,Brownland,MD,Cayman Islands,1.0,1,Bajo,1
64,Female,High School,Married,105669.0,672.0,25679.0,Home,Unemployed,12,Fair,0.5497157430477356,128139.0,1.0,Davidland,WV,Philippines,2.0,2,Medio,2
45,Male,Bachelor's,Divorced,46836.0,728.0,16427.0,Home,Unemployed,12,Excellent,0.2850186654236099,90809.0,0.0,Crawfordberg,PA,Tajikistan,3.0,0,Alto,0
35,Non-binary,High School,Widowed,58233.0,678.0,7467.0,Home,Self-employed,8,Fair,0.24758698651621644,212170.0,0.0,East Scott,DE,United States Minor Outlying Islands,4.0,0,Alto,0
40,Non-binary,PhD,Widowed,32039.0,697.0,17736.0,Auto,Unemployed,19,Excellent,0.3125495657155324,261013.0,2.0,North Ryan,CA,Isle of Man,2.0,1,Alto,0
24,Non-binary,Master's,Divorced,62240.0,686.0,16557.0,Home,Self-employed,5,Good,0.48994064723427944,161501.0,2.0,Mathewschester,CA,Denmark,2.0,0,Bajo,1
51,Non-binary,Bachelor's,Married,69336.0,623.0,16718.0,Personal,Employed,19,Good,0.5444434850709665,191206.0,0.0,West Glen,IL,Latvia,4.0,2,Alto,0
50,Female,Master's,Divorced,100140.0,688.0,33197.0,Auto,Self-employed,11,Good,0.11264997470748148,74904.0,2.0,Sheilashire,OR,United States Virgin Islands,1.0,1,Bajo,1
34,Male,Master's,Single,42150.0,624.0,48728.0,Personal,Unemployed,15,Poor,0.41461439449477444,262621.0,0.0,South Amberport,NM,Russian Federation,0.0,1,Medio,2
64,Female,Master's,Single,80399.0,604.0,26266.0,Home,Self-employed,11,Good,0.26433347010315633,180138.0,4.0,Port Elizabeth,SC,Zambia,1.0,0,Medio,2
62,Non-binary,PhD,Widowed,47524.0,733.0,25006.0,Business,Self-employed,8,Fair,0.34062737055756065,266852.0,0.0,Johnsonburgh,DE,Brunei Darussalam,4.0,0,Alto,0
46,Female,Bachelor's,Widowed,93202.0,693.0,24009.0,Personal,Employed,5,Good,0.275895512041644,271115.0,2.0,Joshuatown,WV,Pakistan,1.0,1,Bajo,1
49,Male,High School,Widowed,20048.0,695.0,23531.0,Home,Unemployed,12,Fair,0.15197870349013573,200287.0,0.0,West Crystal,KY,Holy See (Vatican City State),4.0,1,Alto,0
22,Female,PhD,Single,54819.0,647.0,21502.0,Personal,Employed,9,Good,0.5737458491836117,171995.0,4.0,Brentville,LA,Bulgaria,1.0,2,Medio,2
30,Non-binary,PhD,Married,25166.0,642.0,13812.0,Business,Unemployed,9,Poor,0.4494179814622862,165744.0,2.0,East Jesusland,GA,Yemen,1.0,0,Alto,0
40,Non-binary,Master's,Divorced,108941.0,648.0,31656.0,Business,Self-employed,10,Good,0.4712963715557673,162950.0,4.0,Dianahaven,ME,Cambodia,2.0,0,Medio,2
45,Female,PhD,Married,80587.0,767.0,32737.0,Business,Self-employed,2,Excellent,0.3417142071447722,38887.0,1.0,Connermouth,MH,Puerto Rico,2.0,0,Bajo,1
62,Male,Bachelor's,Divorced,29622.0,653.0,19443.0,Home,Self-employed,18,Poor,0.33874208900072456,137067.0,2.0,Russellburgh,AL,Egypt,0.0,2,Alto,0
58,Non-binary,Master's,Widowed,82072.0,767.0,32164.0,Home,Unemployed,10,Excellent,0.13127805801370337,259608.0,2.0,Rebeccaview,PW,Greenland,1.0,2,Bajo,1
30,Male,Master's,Widowed,119129.0,718.0,25879.0,Personal,Employed,3,Good,0.5851855006949138,24311.0,4.0,New Whitneyville,WV,Antigua and Barbuda,0.0,1,Bajo,1
62,Non-binary,Bachelor's,Divorced,101459.0,798.0,14764.0,Auto,Employed,9,Fair,0.5851308419602278,36980.0,0.0,Philipberg,ID,Tuvalu,3.0,2,Alto,0
43,Male,PhD,Married,26114.0,742.0,17020.0,Personal,Self-employed,12,Fair,0.44460350224560496,47928.0,4.0,South Reginaldchester,KS,Saudi Arabia,1.0,0,Alto,0
61,Non-binary,Bachelor's,Single,81679.0,682.0,40637.0,Business,Employed,5,Excellent,0.3455334497795678,89371.0,2.0,Jonathanberg,GU,Afghanistan,4.0,2,Alto,0
60,Female,PhD,Widowed,63794.0,616.0,26557.0,Auto,Employed,6,Fair,0.5445922058105593,130287.0,0.0,Popemouth,AS,Tokelau,3.0,1,Alto,0
37,Female,High School,Divorced,50215.0,775.0,19538.0,Personal,Self-employed,1,Excellent,0.19767949866336157,245353.0,1.0,Clarkeland,LA,Israel,1.0,1,Bajo,1
21,Non-binary,PhD,Single,97903.0,612.0,32258.0,Business,Self-employed,8,Poor,0.1833592614827048,36597.0,3.0,Kimberlyburgh,MP,Andorra,3.0,2,Alto,0
57,Male,Master's,Single,104860.0,624.0,37383.0,Business,Self-employed,1,Good,0.5303242377341852,294817.0,0.0,Port Jose,MN,Antarctica (the territory South of 60 deg S),4.0,2,Alto,0
69,Non-binary,Master's,Widowed,23140.0,689.0,20402.0,Auto,Employed,15,Fair,0.4234710734941969,139670.0,3.0,Birdshire,WV,Comoros,3.0,0,Alto,0
63,Female,High School,Widowed,72771.0,753.0,7199.0,Home,Unemployed,6,Fair,0.5540965764639034,131209.0,2.0,Jonesberg,WV,Haiti,1.0,1,Bajo,1
35,Female,High School,Married,64378.0,734.0,36076.0,Home,Self-employed,10,Good,0.3460864831950926,212999.0,0.0,Phelpshaven,AL,Czech Republic,0.0,1,Bajo,1
34,Male,Master's,Single,41320.0,643.0,5887.0,Home,Unemployed,16,Poor,0.27268876628743544,221383.0,2.0,Willisland,KY,Central African Republic,0.0,0,Medio,2
57,Male,Bachelor's,Widowed,44914.0,744.0,15436.0,Business,Employed,12,Good,0.19614605496462992,178569.0,4.0,Lisaville,PR,Turks and Caicos Islands,0.0,0,Bajo,1
65,Non-binary,High School,Divorced,53514.0,658.0,20960.0,Auto,Unemployed,16,Excellent,0.166200043788056,269094.0,3.0,Josephburgh,GU,British Indian Ocean Territory (Chagos Archipelago),3.0,1,Alto,0
24,Male,Bachelor's,Divorced,79220.0,667.0,22787.0,Business,Employed,19,Poor,0.4643052613561097,36768.0,2.0,Arellanotown,NE,Reunion,0.0,1,Medio,2
50,Non-binary,PhD,Married,119423.0,664.0,5783.0,Business,Unemployed,17,Excellent,0.37567610529942974,93529.0,4.0,West Jonathan,MH,Bhutan,1.0,1,Medio,2
35,Female,Master's,Divorced,61271.0,621.0,24896.0,Home,Unemployed,5,Poor,0.5606868160593509,169296.0,0.0,Stephensshire,TX,Somalia,4.0,2,Alto,0
23,Female,Master's,Divorced,75891.0,770.0,18363.0,Business,Unemployed,11,Good,0.5214418840820335,180056.0,1.0,Donaldsonfort,NC,Cuba,3.0,0,Alto,0
55,Female,Bachelor's,Single,78175.0,780.0,5389.0,Personal,Self-employed,7,Excellent,0.26236227656429945,217543.0,1.0,Dianastad,NE,Western Sahara,3.0,0,Alto,0
30,Non-binary,Bachelor's,Widowed,28103.0,611.0,7720.0,Business,Employed,1,Good,0.2915287962435631,243621.0,1.0,East Maryburgh,GU,Niue,0.0,0,Alto,0
37,Male,Bachelor's,Divorced,71786.0,656.0,24319.0,Home,Employed,13,Fair,0.38075208389495363,146070.0,3.0,East Lisaville,DE,Eritrea,4.0,1,Alto,0
50,Non-binary,Master's,Single,67838.0,656.0,36472.0,Personal,Employed,9,Poor,0.5353251069629885,275737.0,2.0,West Shelly,CO,Georgia,1.0,2,Medio,2
65,Female,PhD,Married,88203.0,643.0,40445.0,Personal,Self-employed,13,Excellent,0.4688902253449826,181013.0,3.0,Jeffersonville,TX,Australia,4.0,0,Alto,0
64,Non-binary,PhD,Single,117685.0,653.0,49771.0,Auto,Self-employed,12,Fair,0.24812998240735276,92474.0,1.0,Port Laurenport,OH,Hungary,1.0,0,Medio,2
63,Female,PhD,Widowed,94005.0,768.0,14529.0,Home,Employed,17,Poor,0.3127166570145238,289791.0,0.0,Leeville,MO,Turks and Caicos Islands,2.0,2,Bajo,1
62,Non-binary,Master's,Divorced,112604.0,652.0,9141.0,Business,Employed,16,Poor,0.42068542571888445,200431.0,1.0,West Valerieburgh,TX,Macao,1.0,2,Medio,2
24,Non-binary,Master's,Single,119322.0,651.0,30312.0,Auto,Self-employed,6,Fair,0.38448685819765804,48448.0,0.0,Adamburgh,MN,Dominica,4.0,1,Alto,0
42,Non-binary,Bachelor's,Widowed,40724.0,632.0,34258.0,Auto,Unemployed,17,Excellent,0.3660423897337348,37206.0,4.0,South Brittany,KY,Mozambique,2.0,0,Medio,2
66,Non-binary,High School,Divorced,22118.0,699.0,28111.0,Business,Unemployed,4,Good,0.1386340360233773,38278.0,0.0,Lake Kathleen,NC,Qatar,2.0,1,Alto,0
64,Female,Master's,Divorced,89142.0,755.0,24622.0,Auto,Unemployed,8,Excellent,0.11631125680052065,49324.0,1.0,Port Jacqueline,PR,Korea,1.0,0,Bajo,1
51,Non-binary,Master's,Divorced,117807.0,766.0,27715.0,Home,Employed,1,Fair,0.5553703795827993,97405.0,4.0,East Michael,SD,Israel,2.0,1,Bajo,1
32,Female,Master's,Married,92317.0,694.0,46921.0,Personal,Self-employed,9,Good,0.3359894672299121,188983.0,2.0,South Rickychester,NV,Cameroon,1.0,1,Bajo,1
31,Female,PhD,Divorced,73177.0,731.0,25543.0,Business,Employed,16,Good,0.5775171373467759,274825.0,1.0,New Michael,WA,Malawi,2.0,1,Bajo,1
46,Male,PhD,Divorced,107594.0,731.0,43398.0,Auto,Unemployed,12,Fair,0.526399051501228,90889.0,3.0,Mirandaburgh,MO,Japan,1.0,1,Bajo,1
43,Male,High School,Single,65775.0,647.0,34398.0,Business,Unemployed,8,Excellent,0.33908279112641915,254459.0,4.0,North Amber,TX,Peru,0.0,2,Medio,2
62,Non-binary,Bachelor's,Widowed,90739.0,611.0,10644.0,Personal,Self-employed,7,Fair,0.5343400665661886,56958.0,0.0,Bairdhaven,SD,Trinidad and Tobago,2.0,1,Medio,2
21,Female,High School,Divorced,101909.0,716.0,27028.0,Auto,Employed,8,Fair,0.18079695916370106,105337.0,3.0,Leeton,GA,Tajikistan,0.0,1,Bajo,1
40,Male,PhD,Divorced,83545.0,669.0,37091.0,Personal,Employed,4,Fair,0.43234771341208134,105009.0,2.0,Alexanderport,DE,Cyprus,0.0,1,Medio,2
39,Female,High School,Divorced,89434.0,713.0,40742.0,Personal,Self-employed,1,Fair,0.2610429544227497,274580.0,0.0,Smithfort,KS,Mali,3.0,0,Alto,0
35,Male,High School,Single,22921.0,668.0,32915.0,Business,Unemployed,11,Good,0.3987964801128764,194387.0,4.0,Lake Jenniferbury,RI,United States Virgin Islands,1.0,1,Alto,0
24,Male,Bachelor's,Married,87262.0,785.0,16876.0,Personal,Unemployed,4,Poor,0.574746619695054,94771.0,4.0,Port Christineshire,MP,North Macedonia,4.0,2,Alto,0
62,Female,PhD,Widowed,65134.0,688.0,33014.0,Personal,Employed,6,Good,0.49300944221272924,128020.0,2.0,New Tyler,GU,Jordan,4.0,0,Alto,0
40,Male,PhD,Single,78097.0,663.0,26963.0,Home,Unemployed,6,Good,0.12990871256894496,256749.0,2.0,Alexandriaville,AS,Philippines,2.0,2,Medio,2
67,Female,Master's,Married,20792.0,636.0,29432.0,Auto,Self-employed,8,Good,0.34948055415950785,288064.0,2.0,Davidmouth,VI,Mayotte,1.0,1,Alto,0
28,Male,Bachelor's,Single,67059.0,761.0,16569.0,Personal,Unemployed,9,Poor,0.3000024372113951,149175.0,3.0,South Micheleside,SD,Saint Pierre and Miquelon,2.0,0,Bajo,1
47,Male,PhD,Single,25022.0,785.0,11905.0,Auto,Employed,0,Excellent,0.5659167609682668,276196.0,3.0,Jacobtown,OK,Montenegro,2.0,2,Alto,0
54,Female,Bachelor's,Divorced,22108.0,608.0,26009.0,Auto,Unemployed,4,Excellent,0.5488021404685303,65873.0,3.0,Welchborough,NC,Antarctica (the territory South of 60 deg S),2.0,2,Alto,0
52,Non-binary,Bachelor's,Single,94266.0,690.0,41006.0,Auto,Employed,14,Good,0.10894119541942068,140014.0,2.0,East Emilyside,GA,Bosnia and Herzegovina,3.0,0,Alto,0
62,Female,High School,Widowed,77326.0,601.0,6704.0,Auto,Self-employed,9,Fair,0.10699904642191418,201209.0,2.0,Lake Evelynborough,AR,Guam,2.0,0,Medio,2
53,Female,Bachelor's,Divorced,74774.0,677.0,20920.0,Auto,Unemployed,19,Excellent,0.43826523937952855,126521.0,1.0,Royport,MT,Jamaica,3.0,2,Alto,0
45,Female,Bachelor's,Divorced,107160.0,652.0,44757.0,Home,Employed,11,Good,0.12090522519843852,83345.0,4.0,Lake Johnmouth,NH,Switzerland,3.0,0,Alto,0
35,Non-binary,Bachelor's,Single,52746.0,724.0,45344.0,Business,Unemployed,19,Poor,0.4110000766564754,208129.0,1.0,Nicholasville,SC,Afghanistan,0.0,2,Bajo,1
58,Female,Master's,Widowed,98229.0,603.0,39253.0,Business,Employed,14,Good,0.5611875932130924,225389.0,1.0,South Brianberg,MA,Swaziland,4.0,2,Alto,0
54,Female,High School,Divorced,118144.0,606.0,22024.0,Auto,Unemployed,13,Fair,0.46518928842324103,167564.0,3.0,East Ryanville,SC,Niger,0.0,1,Medio,2
58,Non-binary,High School,Married,78543.0,678.0,36343.0,Business,Unemployed,9,Poor,0.11429649459303373,103672.0,0.0,Chelseaport,MN,Mozambique,1.0,0,Medio,2
69,Non-binary,Master's,Single,101560.0,652.0,6999.0,Business,Unemployed,1,Good,0.5026823517968522,235461.0,1.0,Mendezville,FL,Turks and Caicos Islands,0.0,0,Medio,2
34,Non-binary,Master's,Divorced,87759.0,698.0,46918.0,Home,Unemployed,17,Excellent,0.4653606842548381,224509.0,2.0,New Brandy,AR,Saudi Arabia,3.0,0,Alto,0
51,Female,Master's,Single,62381.0,619.0,34113.0,Personal,Employed,15,Poor,0.5991182219487541,231228.0,1.0,Antoniochester,ME,Angola,2.0,2,Medio,2
18,Male,Master's,Single,62290.0,651.0,42621.0,Business,Employed,10,Excellent,0.2745041277796423,54169.0,4.0,East Kimberlyton,NC,Brunei Darussalam,1.0,1,Medio,2
21,Male,High School,Married,48223.0,602.0,39377.0,Business,Unemployed,8,Excellent,0.18032709442984038,44326.0,2.0,Davistown,IL,Guinea,3.0,2,Alto,0
23,Male,High School,Single,23642.0,621.0,39657.0,Auto,Self-employed,19,Poor,0.42847459192806747,29916.0,1.0,Rachelborough,TN,Australia,1.0,0,Alto,0
60,Female,Bachelor's,Divorced,36603.0,786.0,45743.0,Business,Unemployed,14,Good,0.13953420022692972,150966.0,4.0,Natashachester,VA,Nigeria,3.0,1,Alto,0
55,Male,Master's,Divorced,84509.0,744.0,31510.0,Auto,Self-employed,2,Good,0.3008008409492534,27836.0,4.0,East Annhaven,PR,Tunisia,2.0,1,Bajo,1
60,Non-binary,Bachelor's,Divorced,29718.0,651.0,22776.0,Home,Self-employed,4,Good,0.1429958216744576,48721.0,3.0,Nicholasborough,NJ,Dominica,4.0,0,Alto,0
37,Non-binary,PhD,Divorced,102910.0,673.0,29877.0,Business,Self-employed,18,Good,0.499804969132546,282094.0,4.0,East Brianville,ME,Nepal,3.0,0,Alto,0
27,Male,Bachelor's,Single,31073.0,696.0,20178.0,Auto,Self-employed,5,Poor,0.21108529946369256,126314.0,0.0,Connorland,NC,Czech Republic,4.0,2,Alto,0
68,Non-binary,High School,Divorced,89073.0,614.0,33960.0,Home,Unemployed,7,Good,0.28642912327870906,62617.0,1.0,Marshshire,MD,Thailand,0.0,1,Medio,2
58,Male,Bachelor's,Divorced,21780.0,796.0,41489.0,Home,Self-employed,11,Excellent,0.2025784073128046,109152.0,2.0,Lake Moniquehaven,WY,Vanuatu,1.0,2,Alto,0
34,Non-binary,High School,Single,37910.0,674.0,39045.0,Home,Self-employed,4,Fair,0.20498063567909056,271942.0,2.0,Davidtown,MT,Equatorial Guinea,0.0,0,Alto,0
68,Female,High School,Divorced,99386.0,652.0,15715.0,Auto,Unemployed,0,Poor,0.2978336249513075,164621.0,0.0,North Ryanchester,ID,Zimbabwe,0.0,1,Medio,2
43,Female,Bachelor's,Married,101991.0,673.0,31802.0,Business,Unemployed,8,Good,0.2450269395995794,64744.0,4.0,Juanmouth,MO,Vanuatu,0.0,0,Medio,2
39,Non-binary,PhD,Married,87136.0,692.0,17919.0,Personal,Unemployed,3,Good,0.4485576051719877,70971.0,1.0,Adamside,AS,Grenada,0.0,1,Bajo,1
36,Non-binary,Master's,Divorced,85526.0,702.0,49505.0,Auto,Self-employed,19,Excellent,0.2743846153096068,214384.0,3.0,West Laurenfurt,OH,Jamaica,3.0,1,Alto,0
52,Female,High School,Married,108131.0,744.0,44498.0,Business,Unemployed,10,Fair,0.10924795371526977,272850.0,3.0,West Amymouth,VI,Italy,1.0,0,Bajo,1
21,Non-binary,High School,Single,44809.0,749.0,35429.0,Home,Self-employed,15,Poor,0.32415235302795387,25797.0,0.0,Beasleystad,RI,Honduras,2.0,1,Bajo,1
54,Female,PhD,Divorced,68302.0,645.0,33085.0,Auto,Self-employed,5,Good,0.39770753588714924,237056.0,3.0,Blakeside,MN,Kenya,3.0,2,Alto,0
52,Non-binary,High School,Widowed,38354.0,674.0,17215.0,Home,Self-employed,17,Fair,0.5519016684243327,270021.0,2.0,South Dawn,KY,Gibraltar,1.0,1,Alto,0
65,Non-binary,Master's,Married,76143.0,649.0,19838.0,Business,Unemployed,6,Fair,0.2585375954979774,276064.0,2.0,Romanburgh,AR,Qatar,3.0,1,Alto,0
47,Female,PhD,Widowed,27946.0,754.0,29496.0,Home,Self-employed,6,Fair,0.16457122158540036,211518.0,0.0,West Carolynbury,RI,Wallis and Futuna,3.0,2,Alto,0
53,Non-binary,High School,Widowed,98137.0,793.0,46214.0,Auto,Employed,13,Excellent,0.5135805202401517,216945.0,2.0,Katherinechester,AL,French Southern Territories,2.0,1,Bajo,1
69,Non-binary,Master's,Widowed,110893.0,740.0,18025.0,Business,Employed,3,Poor,0.24069929456022673,65156.0,4.0,Grayport,OH,Antigua and Barbuda,4.0,2,Alto,0
51,Male,High School,Widowed,82845.0,773.0,32528.0,Home,Self-employed,14,Good,0.43303360229407484,78967.0,0.0,East Codybury,CO,Ecuador,2.0,1,Bajo,1
19,Non-binary,PhD,Married,113120.0,749.0,25843.0,Personal,Unemployed,8,Poor,0.451858039677524,82059.0,0.0,South Tonyatown,AK,Bahrain,1.0,1,Bajo,1
33,Non-binary,PhD,Single,37015.0,607.0,21616.0,Personal,Employed,15,Fair,0.5640157905008933,209198.0,3.0,Joshuachester,CT,Sweden,4.0,1,Alto,0
50,Female,High School,Married,28977.0,758.0,7988.0,Business,Employed,7,Poor,0.2982333877382355,29446.0,1.0,East Mitchellborough,GU,Ecuador,2.0,2,Alto,0
45,Female,PhD,Divorced,119053.0,764.0,16710.0,Personal,Employed,0,Fair,0.35663027724248175,287493.0,4.0,Kristinemouth,IA,Korea,2.0,2,Bajo,1
33,Female,High School,Divorced,111426.0,744.0,37270.0,Home,Unemployed,12,Good,0.48422227119250705,171219.0,0.0,Monicaland,NH,Korea,0.0,1,Bajo,1
59,Non-binary,PhD,Widowed,82294.0,726.0,49821.0,Personal,Unemployed,19,Good,0.5929240435815467,262733.0,1.0,Nicholashaven,AR,Martinique,3.0,1,Alto,0
64,Non-binary,High School,Married,36025.0,711.0,8581.0,Home,Self-employed,5,Excellent,0.2612307017133634,62486.0,3.0,New Michaelberg,VA,Vanuatu,4.0,1,Alto,0
67,Non-binary,High School,Married,108198.0,725.0,17381.0,Personal,Self-employed,15,Excellent,0.47009537807489155,271393.0,4.0,Bradleyview,LA,Gambia,0.0,1,Bajo,1
61,Female,PhD,Single,82415.0,621.0,46594.0,Auto,Self-employed,17,Fair,0.12948510016630385,236625.0,3.0,Alexton,UT,Korea,2.0,1,Medio,2
51,Female,Master's,Single,111380.0,717.0,12990.0,Personal,Employed,19,Poor,0.46609214163629453,145208.0,0.0,West Michael,SC,Cote d'Ivoire,4.0,0,Alto,0
62,Non-binary,PhD,Single,111981.0,676.0,46547.0,Personal,Employed,7,Fair,0.25997845578016954,297689.0,4.0,Port Robertchester,OH,Kazakhstan,1.0,0,Medio,2
64,Female,High School,Married,63118.0,650.0,26448.0,Personal,Self-employed,13,Good,0.41458735764260624,94215.0,2.0,Adamville,WA,Burkina Faso,0.0,2,Medio,2
34,Male,Bachelor's,Widowed,50496.0,653.0,11140.0,Business,Employed,10,Poor,0.497661208808152,119198.0,3.0,North Marvinmouth,KY,Algeria,1.0,0,Medio,2
60,Non-binary,High School,Divorced,61249.0,704.0,15114.0,Business,Employed,1,Excellent,0.3737347492137102,207834.0,3.0,North John,WI,Marshall Islands,1.0,2,Bajo,1
27,Non-binary,PhD,Married,105256.0,684.0,21620.0,Business,Unemployed,14,Poor,0.3622735120563678,45029.0,3.0,Lake Lisa,AZ,Christmas Island,4.0,1,Alto,0
19,Female,PhD,Married,23857.0,789.0,21278.0,Auto,Self-employed,6,Poor,0.4466751070751618,203942.0,4.0,Thompsonfort,MI,Malta,1.0,0,Alto,0
29,Non-binary,High School,Widowed,105895.0,616.0,7067.0,Business,Self-employed,5,Poor,0.4808499724329802,56302.0,3.0,Tiffanytown,RI,Slovenia,1.0,2,Medio,2
38,Female,PhD,Single,50066.0,756.0,16917.0,Personal,Self-employed,10,Excellent,0.16037919025042444,175769.0,0.0,East Eric,MD,British Virgin Islands,2.0,2,Bajo,1
52,Male,High School,Married,33829.0,686.0,19232.0,Personal,Unemployed,17,Excellent,0.5095557324207302,93482.0,4.0,Michelefort,MA,Wallis and Futuna,1.0,1,Alto,0
34,Non-binary,Master's,Divorced,47677.0,781.0,25432.0,Auto,Employed,0,Fair,0.40666029453137575,173621.0,4.0,Port Jeremy,NM,Guernsey,3.0,0,Alto,0
20,Male,Bachelor's,Widowed,70216.0,624.0,40432.0,Home,Self-employed,16,Excellent,0.10182646282596772,189739.0,4.0,Schneidertown,HI,Holy See (Vatican City State),0.0,0,Medio,2
64,Male,PhD,Widowed,65958.0,754.0,23724.0,Personal,Unemployed,18,Poor,0.5414011842370219,148785.0,4.0,Laurieport,NV,Qatar,2.0,2,Bajo,1
52,Non-binary,High School,Married,26121.0,722.0,23946.0,Personal,Self-employed,10,Good,0.517685033981019,280403.0,0.0,East Desireebury,NV,Guadeloupe,4.0,1,Alto,0
52,Female,Master's,Divorced,92036.0,665.0,37262.0,Business,Unemployed,18,Poor,0.5414765016263847,188714.0,0.0,Danielleton,NM,New Zealand,4.0,0,Alto,0
43,Female,Master's,Single,89903.0,742.0,19031.0,Auto,Unemployed,4,Poor,0.4205801943521942,54504.0,1.0,Richardbury,IA,India,3.0,2,Alto,0
43,Female,PhD,Married,60000.0,687.0,26375.0,Home,Self-employed,17,Poor,0.45282660583060397,191637.0,0.0,Kaylaville,AZ,Isle of Man,3.0,0,Alto,0
65,Non-binary,Bachelor's,Divorced,114463.0,701.0,31465.0,Business,Self-employed,14,Good,0.33277374962591155,89697.0,4.0,Jeffberg,PW,Azerbaijan,3.0,0,Alto,0
40,Non-binary,Master's,Divorced,67427.0,653.0,11099.0,Auto,Self-employed,3,Good,0.4905468927108124,51351.0,3.0,New Timothybury,NM,Taiwan,1.0,2,Medio,2
40,Male,PhD,Divorced,43814.0,695.0,10582.0,Auto,Employed,7,Good,0.5135089705860539,220696.0,1.0,Holtbury,TX,Montserrat,2.0,0,Bajo,1
44,Male,PhD,Widowed,119667.0,641.0,6183.0,Auto,Unemployed,1,Fair,0.30001320474458737,226410.0,4.0,Kimmouth,SD,Costa Rica,4.0,1,Alto,0
68,Non-binary,Bachelor's,Widowed,94258.0,620.0,29538.0,Personal,Unemployed,18,Excellent,0.3493539029214895,204082.0,3.0,Harrellberg,IL,Thailand,0.0,0,Medio,2
21,Female,High School,Married,26678.0,749.0,6915.0,Personal,Self-employed,8,Good,0.38708346318900677,150721.0,1.0,Davidborough,CT,New Caledonia,4.0,2,Alto,0
40,Male,High School,Divorced,117481.0,699.0,35825.0,Auto,Employed,13,Excellent,0.2894247011294776,70526.0,0.0,Herringhaven,AZ,Guatemala,3.0,2,Alto,0
23,Non-binary,High School,Married,94745.0,604.0,16261.0,Auto,Unemployed,16,Fair,0.2426607063491026,48819.0,3.0,Prestonstad,MD,Tajikistan,1.0,2,Medio,2
69,Male,Bachelor's,Single,49063.0,736.0,21781.0,Auto,Employed,17,Good,0.17852715156618762,35243.0,3.0,Chaneyburgh,CO,Turkmenistan,3.0,2,Alto,0
21,Male,PhD,Single,54261.0,704.0,47627.0,Business,Self-employed,14,Good,0.3242281946629175,105150.0,2.0,Sanchezview,NY,Korea,1.0,2,Bajo,1
45,Male,Master's,Married,30304.0,628.0,9753.0,Personal,Employed,5,Good,0.345034855293871,168168.0,4.0,Jacobsonton,AR,Ecuador,2.0,2,Alto,0
36,Non-binary,PhD,Divorced,62077.0,673.0,5207.0,Auto,Self-employed,6,Poor,0.14603841310806645,228707.0,1.0,Nicholasberg,HI,Somalia,1.0,1,Medio,2
36,Female,High School,Widowed,77645.0,721.0,27299.0,Auto,Unemployed,1,Excellent,0.5696274271354386,280654.0,3.0,South Luiston,IA,Dominica,0.0,1,Bajo,1
34,Non-binary,PhD,Divorced,66475.0,710.0,8185.0,Auto,Self-employed,16,Good,0.10235558090267469,71678.0,1.0,Trevorland,AR,Switzerland,4.0,0,Alto,0
54,Female,High School,Single,41331.0,720.0,33149.0,Auto,Unemployed,10,Good,0.38855098532077303,274918.0,2.0,East Timothyland,MI,Lithuania,3.0,1,Alto,0
22,Female,Master's,Widowed,59128.0,619.0,45890.0,Personal,Unemployed,7,Fair,0.3500792827984044,202041.0,2.0,Christinabury,NV,Eritrea,4.0,2,Alto,0
48,Female,Master's,Widowed,70400.0,713.0,27318.0,Business,Unemployed,12,Poor,0.21899367222896013,262786.0,2.0,South Cynthiachester,PA,French Southern Territories,2.0,0,Bajo,1
27,Non-binary,High School,Widowed,32920.0,733.0,46199.0,Business,Self-employed,18,Good,0.49705197301760007,65204.0,1.0,Leechester,CO,Svalbard & Jan Mayen Islands,1.0,1,Alto,0
57,Male,High School,Widowed,85552.0,678.0,48738.0,Auto,Employed,3,Poor,0.4864093862323633,96099.0,0.0,Sharpfurt,AS,Netherlands,2.0,2,Medio,2
23,Non-binary,High School,Divorced,84442.0,708.0,39218.0,Business,Unemployed,4,Good,0.33982698114906496,227002.0,1.0,Jennifermouth,FL,Tonga,0.0,2,Bajo,1
68,Non-binary,PhD,Widowed,43386.0,670.0,32578.0,Business,Self-employed,15,Good,0.44763962521190803,85530.0,4.0,New Nancy,NM,Zambia,4.0,0,Alto,0
26,Male,Bachelor's,Widowed,81895.0,772.0,26953.0,Personal,Self-employed,18,Poor,0.21022879156775046,112523.0,1.0,New Cheyenneton,FM,United States Minor Outlying Islands,1.0,0,Bajo,1
58,Male,Master's,Divorced,42836.0,636.0,23615.0,Home,Unemployed,6,Good,0.4509198397972388,247672.0,3.0,Timothyfurt,ID,British Indian Ocean Territory (Chagos Archipelago),4.0,0,Alto,0
67,Non-binary,PhD,Single,40742.0,736.0,12831.0,Personal,Unemployed,16,Fair,0.1189162256185303,44130.0,4.0,East Veronicamouth,NY,United States Minor Outlying Islands,1.0,2,Bajo,1
49,Male,Bachelor's,Single,27899.0,693.0,19835.0,Auto,Unemployed,0,Fair,0.203943374455844,133200.0,0.0,New Ryan,WY,Jordan,0.0,1,Alto,0
47,Non-binary,Bachelor's,Divorced,92869.0,690.0,43038.0,Business,Self-employed,4,Good,0.3798880318390573,49858.0,3.0,Port Jeffreyshire,AK,Paraguay,3.0,0,Alto,0
48,Non-binary,High School,Widowed,27591.0,772.0,46001.0,Auto,Self-employed,17,Good,0.21524435985022797,103922.0,0.0,Shannonhaven,FM,Venezuela,0.0,2,Alto,0
52,Male,PhD,Widowed,109627.0,698.0,29660.0,Business,Self-employed,4,Poor,0.28012511633641124,63982.0,1.0,Jameston,AR,Bolivia,0.0,1,Bajo,1
42,Non-binary,High School,Married,39887.0,788.0,27528.0,Auto,Unemployed,16,Poor,0.19297378563361225,127435.0,0.0,Grahamburgh,NE,Somalia,0.0,0,Alto,0
27,Male,PhD,Widowed,98179.0,616.0,19138.0,Home,Employed,2,Poor,0.49803356241147034,89284.0,3.0,Bentleyborough,MA,Tanzania,2.0,1,Medio,2
29,Male,PhD,Divorced,49652.0,730.0,27812.0,Home,Unemployed,18,Poor,0.31142350461467483,87153.0,4.0,Parkerport,NY,Ireland,1.0,1,Bajo,1
18,Male,Master's,Widowed,46930.0,724.0,41036.0,Personal,Employed,0,Excellent,0.11630026716219669,254285.0,4.0,Markborough,NC,Germany,2.0,0,Bajo,1
38,Female,Bachelor's,Divorced,47675.0,779.0,9892.0,Auto,Employed,9,Excellent,0.5499425208746987,249442.0,0.0,Port Stephanie,WI,Oman,0.0,1,Bajo,1
60,Male,Bachelor's,Married,103213.0,638.0,15895.0,Auto,Unemployed,9,Good,0.42442419626735606,107322.0,2.0,West Amandafort,VI,Bolivia,4.0,2,Alto,0
67,Female,PhD,Divorced,105701.0,737.0,42506.0,Business,Employed,17,Fair,0.202549950817037,288062.0,1.0,Port Davidfort,PR,Puerto Rico,1.0,1,Bajo,1
27,Male,PhD,Widowed,92084.0,603.0,28481.0,Auto,Self-employed,16,Fair,0.514303351120677,236953.0,0.0,Christopherchester,NM,Cayman Islands,1.0,0,Medio,2
38,Male,Bachelor's,Single,63856.0,620.0,12503.0,Home,Unemployed,10,Poor,0.102618518315119,127586.0,0.0,North Jayberg,SC,Fiji,3.0,0,Alto,0
62,Female,High School,Single,72195.0,606.0,45477.0,Personal,Employed,18,Poor,0.21503387464531962,70114.0,2.0,Port Ethanfort,CA,Finland,1.0,1,Medio,2
22,Non-binary,High School,Divorced,62916.0,765.0,37888.0,Auto,Employed,11,Fair,0.37981704526602844,88134.0,0.0,New Michael,PA,Falkland Islands (Malvinas),3.0,2,Alto,0
51,Non-binary,PhD,Widowed,21268.0,722.0,26761.0,Personal,Employed,0,Good,0.5405509375481584,186485.0,4.0,Joycemouth,OK,Djibouti,0.0,2,Alto,0
43,Female,High School,Divorced,32069.0,675.0,15985.0,Business,Unemployed,1,Good,0.45986818949801556,177407.0,1.0,Port Davidville,AZ,Guadeloupe,3.0,0,Alto,0
25,Non-binary,High School,Married,58795.0,654.0,20706.0,Auto,Self-employed,15,Fair,0.4269235586504636,100455.0,1.0,New Patrick,AZ,Guadeloupe,4.0,2,Alto,0
36,Non-binary,PhD,Married,111472.0,761.0,21973.0,Home,Unemployed,13,Fair,0.4518113560292516,238478.0,4.0,North Samantha,OR,Romania,1.0,0,Bajo,1
40,Male,High School,Widowed,71142.0,777.0,14303.0,Business,Employed,14,Excellent,0.20651514437637877,254216.0,4.0,South Darrellport,PR,Burundi,4.0,2,Alto,0
35,Female,Master's,Single,95033.0,734.0,16206.0,Personal,Unemployed,18,Fair,0.2969482571552332,200482.0,1.0,East Franciston,TN,Zambia,0.0,0,Bajo,1
60,Female,Bachelor's,Single,90559.0,704.0,32781.0,Personal,Self-employed,13,Excellent,0.5722545278693496,27609.0,2.0,Hardinshire,PA,Honduras,4.0,1,Alto,0
28,Male,High School,Widowed,50755.0,771.0,20765.0,Business,Unemployed,17,Fair,0.4639177675937215,217241.0,2.0,Cainburgh,GU,Libyan Arab Jamahiriya,3.0,0,Alto,0
66,Female,Bachelor's,Married,98681.0,748.0,32620.0,Home,Unemployed,8,Fair,0.4557280362240188,210498.0,0.0,Lake Deborahside,GA,Sweden,4.0,2,Alto,0
33,Female,Master's,Single,71782.0,629.0,36109.0,Home,Self-employed,2,Fair,0.1960380470483106,167331.0,2.0,Lake Tony,AK,Somalia,0.0,2,Medio,2
57,Female,Bachelor's,Married,52976.0,744.0,16224.0,Home,Employed,1,Poor,0.2200490571903305,92158.0,1.0,Port Reneebury,MD,Palestinian Territory,2.0,2,Bajo,1
33,Female,Master's,Married,72716.0,623.0,41726.0,Business,Self-employed,3,Good,0.5314019591362202,218186.0,1.0,Kathleenborough,CA,Cape Verde,2.0,2,Medio,2
51,Male,High School,Divorced,104977.0,602.0,16830.0,Business,Unemployed,8,Poor,0.45107931953783487,239965.0,2.0,Port Joanne,NJ,Paraguay,0.0,1,Medio,2
58,Female,Master's,Single,100875.0,781.0,23390.0,Home,Employed,5,Fair,0.348750274465078,191899.0,2.0,Lake Susanbury,NH,Equatorial Guinea,3.0,1,Alto,0
41,Male,Master's,Single,20744.0,773.0,15683.0,Personal,Unemployed,18,Excellent,0.30674569196753665,29370.0,2.0,Port Emilyton,MD,Tonga,4.0,1,Alto,0
62,Male,PhD,Widowed,50482.0,608.0,36953.0,Auto,Unemployed,16,Poor,0.4588536630191713,214017.0,3.0,West Ashley,VI,Indonesia,1.0,0,Medio,2
45,Female,Bachelor's,Married,96968.0,692.0,41273.0,Personal,Self-employed,3,Good,0.37389380301024755,103094.0,2.0,Sloanland,AR,Niger,0.0,2,Bajo,1
48,Female,Bachelor's,Widowed,63677.0,682.0,18217.0,Business,Unemployed,12,Excellent,0.2992338152419689,208309.0,2.0,New Taylorburgh,CT,Reunion,1.0,0,Bajo,1
52,Male,High School,Single,109336.0,772.0,20556.0,Auto,Self-employed,10,Excellent,0.46010270070041615,193255.0,4.0,Lake Cathy,SC,British Indian Ocean Territory (Chagos Archipelago),0.0,2,Bajo,1
69,Non-binary,Bachelor's,Single,66586.0,787.0,22285.0,Business,Unemployed,7,Poor,0.24982956761104722,23910.0,2.0,Conradland,MD,Rwanda,4.0,2,Alto,0
54,Female,PhD,Single,82919.0,753.0,46475.0,Business,Employed,7,Good,0.46793893364940475,266094.0,0.0,Shaneberg,UT,Guadeloupe,4.0,2,Alto,0
33,Non-binary,High School,Single,96019.0,648.0,46573.0,Auto,Employed,16,Fair,0.28186227352553184,247968.0,3.0,Harrisland,MA,Saint Helena,1.0,0,Medio,2
25,Female,High School,Single,38616.0,652.0,20433.0,Personal,Unemployed,5,Poor,0.3755653958145918,86710.0,2.0,Lake Heathertown,KS,Lithuania,1.0,1,Alto,0
31,Female,High School,Single,28800.0,750.0,33544.0,Personal,Self-employed,0,Poor,0.431199133730761,183243.0,3.0,Schroederhaven,NH,Marshall Islands,0.0,1,Alto,0
43,Male,Bachelor's,Married,56744.0,717.0,10628.0,Business,Employed,2,Good,0.4485587592361927,213447.0,2.0,Lake James,PW,Comoros,3.0,0,Alto,0
46,Male,PhD,Divorced,50353.0,681.0,14250.0,Auto,Employed,0,Excellent,0.38092178097814455,104860.0,1.0,East Travisborough,WV,Croatia,3.0,1,Alto,0
32,Non-binary,Master's,Widowed,85836.0,775.0,19312.0,Personal,Self-employed,17,Fair,0.3479247585664089,257342.0,2.0,Williamville,FL,Sao Tome and Principe,4.0,1,Alto,0
53,Non-binary,PhD,Widowed,73744.0,718.0,16908.0,Auto,Unemployed,11,Good,0.4456599144101948,68814.0,4.0,Port Heather,MD,Algeria,4.0,1,Alto,0
27,Non-binary,PhD,Married,78958.0,618.0,21062.0,Business,Employed,12,Good,0.12513008162419828,82729.0,2.0,Williamsport,WI,Marshall Islands,0.0,0,Medio,2
49,Male,Bachelor's,Divorced,98885.0,756.0,21120.0,Home,Unemployed,9,Good,0.4246274838747802,219149.0,4.0,West Selenaberg,MO,Albania,4.0,1,Alto,0
19,Male,PhD,Single,23311.0,759.0,38518.0,Home,Self-employed,13,Poor,0.3703385706238932,70281.0,0.0,Timothymouth,MT,Poland,1.0,2,Alto,0
19,Non-binary,High School,Divorced,107221.0,686.0,32574.0,Auto,Unemployed,8,Good,0.2642760327287431,92930.0,2.0,North Zachary,AZ,Algeria,0.0,1,Bajo,1
39,Non-binary,Master's,Married,58459.0,680.0,21482.0,Personal,Unemployed,9,Fair,0.2418168541573432,215696.0,4.0,Rogersberg,NV,Saint Vincent and the Grenadines,3.0,1,Alto,0
42,Non-binary,High School,Married,117932.0,707.0,31254.0,Personal,Unemployed,6,Excellent,0.3184761556642791,295888.0,4.0,Garrettburgh,MO,Ethiopia,2.0,2,Bajo,1
34,Female,PhD,Married,45499.0,742.0,44082.0,Home,Unemployed,2,Good,0.4349454442031513,218626.0,3.0,South Candice,AK,Tajikistan,4.0,1,Alto,0
53,Non-binary,High School,Married,26589.0,626.0,49934.0,Auto,Employed,11,Fair,0.19440489727238394,165073.0,1.0,Port Amandashire,NE,Russian Federation,2.0,1,Alto,0
62,Male,Bachelor's,Divorced,34947.0,788.0,20034.0,Auto,Self-employed,16,Good,0.5241195391648238,188504.0,1.0,Marvinview,KS,Ukraine,4.0,0,Alto,0
42,Male,High School,Single,95439.0,602.0,48360.0,Business,Unemployed,8,Poor,0.40368875324245523,226623.0,4.0,Elizabethview,VI,Suriname,0.0,2,Medio,2
61,Male,Bachelor's,Divorced,38631.0,642.0,41968.0,Business,Self-employed,2,Good,0.162319021327524,150512.0,1.0,Anthonystad,OR,Mali,3.0,2,Alto,0
42,Female,High School,Single,114266.0,656.0,8781.0,Personal,Employed,16,Excellent,0.12848671344991366,226364.0,2.0,Theresahaven,IA,Serbia,0.0,1,Medio,2
29,Non-binary,Bachelor's,Single,70659.0,672.0,47256.0,Personal,Employed,17,Excellent,0.2969997027664243,130345.0,2.0,Hahnfort,CT,Korea,1.0,0,Medio,2
25,Non-binary,Bachelor's,Married,83253.0,715.0,15601.0,Auto,Employed,15,Poor,0.3446439828920759,289823.0,2.0,Kevintown,OR,Brunei Darussalam,0.0,0,Bajo,1
56,Non-binary,High School,Single,86156.0,762.0,16020.0,Personal,Unemployed,12,Excellent,0.23959497085280365,185188.0,1.0,South Gabriela,NY,Liechtenstein,0.0,2,Bajo,1
62,Male,PhD,Married,62642.0,794.0,35281.0,Personal,Unemployed,4,Excellent,0.25125130363068604,45849.0,1.0,Moorehaven,AZ,Bhutan,1.0,2,Bajo,1
29,Male,High School,Divorced,23684.0,650.0,25058.0,Personal,Unemployed,2,Poor,0.5024189152388837,264964.0,0.0,Brownshire,SC,Iran,1.0,1,Alto,0
38,Male,Bachelor's,Married,65435.0,739.0,14322.0,Home,Unemployed,8,Fair,0.38364732036702165,188116.0,2.0,West Ashley,UT,Macao,4.0,1,Alto,0
59,Non-binary,PhD,Widowed,96586.0,692.0,35375.0,Auto,Employed,9,Good,0.3057303057204307,279968.0,0.0,Tracyfurt,AL,Ireland,4.0,1,Alto,0
40,Female,PhD,Single,89678.0,686.0,22488.0,Home,Employed,8,Excellent,0.17737362002549942,203876.0,4.0,Jeffreymouth,MP,Eritrea,2.0,1,Bajo,1
48,Male,PhD,Single,54364.0,657.0,30420.0,Personal,Unemployed,3,Fair,0.2711531579290505,50927.0,4.0,Lake Elizabethshire,MH,Uganda,4.0,1,Alto,0
68,Female,Master's,Widowed,29278.0,788.0,22363.0,Personal,Unemployed,13,Excellent,0.21704021731498277,238941.0,0.0,South Danielberg,CO,Equatorial Guinea,2.0,2,Alto,0
52,Non-binary,Master's,Married,118077.0,798.0,44410.0,Business,Employed,4,Excellent,0.42630893772727985,69218.0,2.0,Barkerbury,DC,Chad,1.0,0,Bajo,1
31,Non-binary,PhD,Single,94379.0,712.0,43785.0,Auto,Employed,9,Good,0.5605695293488703,130219.0,4.0,East Julianbury,IN,Saint Barthelemy,4.0,1,Alto,0
38,Non-binary,High School,Single,107084.0,652.0,21771.0,Personal,Unemployed,17,Good,0.3902071091082987,63686.0,4.0,East Lance,MT,Timor-Leste,2.0,1,Medio,2
40,Male,Master's,Widowed,38212.0,633.0,37235.0,Home,Unemployed,11,Good,0.2787064463910991,196624.0,2.0,Amyside,CA,Algeria,2.0,0,Alto,0
51,Male,Master's,Married,42849.0,622.0,35666.0,Personal,Employed,15,Fair,0.48913235285303613,142782.0,0.0,West Candice,VT,Bahrain,0.0,1,Medio,2
49,Male,Master's,Divorced,106677.0,762.0,17823.0,Business,Self-employed,13,Excellent,0.2540273394483805,210645.0,2.0,East Vincent,WY,Lao People's Democratic Republic,0.0,2,Bajo,1
45,Non-binary,Bachelor's,Single,89201.0,756.0,34603.0,Personal,Unemployed,2,Excellent,0.32254918671462696,271038.0,3.0,Port Rachelfort,CA,India,2.0,0,Bajo,1
26,Male,Bachelor's,Married,28177.0,751.0,32971.0,Personal,Unemployed,4,Good,0.18198802818451368,150411.0,3.0,Lake Amanda,CA,Luxembourg,0.0,1,Alto,0
68,Non-binary,PhD,Divorced,62864.0,699.0,47311.0,Personal,Self-employed,6,Excellent,0.48700461249008276,176305.0,0.0,West Charles,MH,Pakistan,4.0,1,Alto,0
61,Non-binary,Master's,Single,87147.0,753.0,17052.0,Personal,Unemployed,17,Fair,0.12506376729640387,136931.0,4.0,Georgeshire,OR,United States of America,2.0,1,Bajo,1
45,Female,Bachelor's,Married,75333.0,671.0,39173.0,Home,Employed,4,Good,0.1417631372140489,45207.0,4.0,Christensenhaven,OH,Belarus,2.0,2,Medio,2
50,Non-binary,High School,Divorced,21454.0,761.0,42817.0,Auto,Unemployed,4,Poor,0.5193562404015883,288913.0,0.0,Priceview,VA,Cote d'Ivoire,3.0,2,Alto,0
19,Female,Master's,Divorced,101120.0,728.0,43733.0,Home,Unemployed,14,Poor,0.11331186934823326,183594.0,4.0,Castilloville,MO,Malta,0.0,2,Bajo,1
50,Non-binary,PhD,Widowed,35225.0,652.0,42644.0,Personal,Unemployed,5,Fair,0.27610812618371317,88733.0,2.0,Port Jacobburgh,OH,Mali,4.0,0,Alto,0
68,Non-binary,PhD,Single,119854.0,788.0,31886.0,Auto,Employed,17,Excellent,0.3236976718640392,88004.0,0.0,New Annmouth,AL,Marshall Islands,0.0,1,Bajo,1
69,Female,Master's,Married,25443.0,777.0,45227.0,Business,Unemployed,1,Excellent,0.27092631940443246,84119.0,0.0,Andersonport,ME,Seychelles,4.0,1,Alto,0
45,Non-binary,PhD,Divorced,88590.0,779.0,42908.0,Home,Self-employed,8,Fair,0.37133759028883906,204821.0,0.0,Watsonborough,WY,Jersey,0.0,0,Bajo,1
22,Female,Master's,Married,43810.0,678.0,38010.0,Personal,Self-employed,12,Good,0.2699993553126342,185672.0,3.0,Codyburgh,TN,Guinea-Bissau,0.0,1,Medio,2
21,Non-binary,PhD,Married,23657.0,705.0,29017.0,Personal,Employed,9,Excellent,0.19231109954033912,25405.0,1.0,Johnsontown,MI,Fiji,1.0,1,Alto,0
42,Male,High School,Divorced,23484.0,703.0,9388.0,Personal,Employed,10,Good,0.5607475917650627,33019.0,0.0,East Ninaberg,NJ,Taiwan,1.0,0,Alto,0
31,Female,High School,Widowed,26895.0,608.0,6136.0,Auto,Self-employed,0,Fair,0.25352419184476893,147095.0,0.0,Dianeport,RI,Indonesia,0.0,2,Alto,0
46,Male,PhD,Divorced,71697.0,682.0,32870.0,Auto,Unemployed,0,Excellent,0.1466055800820811,132237.0,1.0,Eatonland,UT,French Polynesia,2.0,0,Bajo,1
41,Non-binary,Bachelor's,Divorced,92102.0,651.0,19686.0,Personal,Unemployed,0,Fair,0.530213146153056,125802.0,4.0,Grimesport,AS,Maldives,4.0,1,Alto,0
30,Male,PhD,Widowed,113430.0,623.0,15704.0,Business,Unemployed,14,Fair,0.3445493159482008,272906.0,3.0,Lake Michael,DE,North Macedonia,2.0,0,Medio,2
23,Female,Master's,Divorced,108782.0,775.0,18079.0,Home,Self-employed,16,Fair,0.49059954862497557,278380.0,0.0,Jackieside,CO,Botswana,0.0,0,Bajo,1
22,Female,High School,Widowed,43519.0,739.0,36443.0,Auto,Self-employed,7,Poor,0.2126777807914366,144441.0,2.0,Jonesbury,NV,Cocos (Keeling) Islands,0.0,0,Bajo,1
56,Non-binary,PhD,Married,66212.0,704.0,20025.0,Auto,Employed,5,Fair,0.3786877964381714,293637.0,4.0,Cynthiamouth,NY,Serbia,0.0,2,Bajo,1
36,Male,High School,Widowed,47426.0,795.0,32331.0,Personal,Unemployed,6,Fair,0.5630614929778875,111082.0,3.0,New Melvin,FL,Burundi,3.0,1,Alto,0
62,Non-binary,Master's,Single,52525.0,771.0,43055.0,Business,Unemployed,3,Poor,0.3358210060580188,257469.0,4.0,Smithberg,AR,Mauritius,1.0,2,Bajo,1
34,Female,High School,Divorced,81779.0,727.0,35443.0,Personal,Employed,4,Poor,0.5615513264912104,273814.0,2.0,Candaceport,IL,Trinidad and Tobago,3.0,1,Alto,0
56,Male,Master's,Single,97303.0,621.0,9474.0,Business,Unemployed,1,Fair,0.4240265242993154,53051.0,1.0,Brownville,AL,Chile,4.0,2,Alto,0
65,Female,High School,Widowed,96574.0,745.0,26874.0,Home,Self-employed,4,Excellent,0.2129000563214324,86534.0,1.0,New Kimberly,VA,Benin,2.0,2,Bajo,1
49,Female,PhD,Single,53443.0,603.0,26258.0,Personal,Self-employed,4,Good,0.42115335272215093,84219.0,1.0,Mitchellton,ME,Bermuda,0.0,2,Medio,2
24,Male,High School,Widowed,113515.0,792.0,16602.0,Business,Unemployed,9,Good,0.15721684963421598,270642.0,2.0,South Jasmine,MT,Chad,1.0,0,Bajo,1
28,Non-binary,Bachelor's,Widowed,21821.0,641.0,35101.0,Personal,Unemployed,3,Fair,0.2835019729359578,90444.0,0.0,Clarkport,MH,Algeria,2.0,2,Alto,0
60,Female,Bachelor's,Widowed,35072.0,739.0,32439.0,Business,Self-employed,9,Good,0.29126131868236094,130435.0,1.0,Olivermouth,CA,Haiti,4.0,2,Alto,0
21,Female,Master's,Widowed,72652.0,771.0,47794.0,Auto,Employed,6,Good,0.14113036147999233,124410.0,2.0,Alexandratown,DE,Russian Federation,2.0,1,Bajo,1
43,Non-binary,High School,Divorced,31785.0,671.0,5733.0,Home,Employed,2,Good,0.5231417394025801,63046.0,4.0,North Karenbury,CT,Liberia,2.0,2,Alto,0
40,Non-binary,PhD,Married,97582.0,664.0,36407.0,Auto,Employed,11,Fair,0.1913123105706647,120327.0,4.0,Jenniferhaven,TX,Tokelau,4.0,0,Alto,0
47,Male,PhD,Divorced,83944.0,622.0,8852.0,Auto,Unemployed,14,Fair,0.39711917137241004,185579.0,0.0,Stevenfort,MT,Saint Helena,4.0,0,Alto,0
38,Non-binary,Master's,Single,86177.0,661.0,22734.0,Auto,Employed,9,Good,0.46297995011191007,28389.0,3.0,Brownchester,KY,Costa Rica,0.0,1,Medio,2
18,Female,Bachelor's,Married,51742.0,615.0,47447.0,Business,Employed,6,Good,0.13827644409085835,278309.0,0.0,Stevemouth,KY,Uganda,0.0,0,Medio,2
32,Female,High School,Widowed,29343.0,725.0,18139.0,Auto,Self-employed,5,Excellent,0.17847495565955027,180365.0,3.0,Martinezville,AS,Somalia,3.0,0,Alto,0
40,Female,High School,Single,63048.0,655.0,24249.0,Business,Self-employed,1,Excellent,0.20583214871679997,23919.0,2.0,Gatesland,NC,United Arab Emirates,2.0,0,Medio,2
47,Female,Bachelor's,Divorced,105873.0,666.0,20143.0,Auto,Self-employed,6,Good,0.16161201573341807,58110.0,1.0,New Betty,DE,Moldova,3.0,2,Alto,0
37,Non-binary,Bachelor's,Widowed,89550.0,681.0,27062.0,Personal,Self-employed,9,Poor,0.5907556052720808,224252.0,4.0,Port Jonathantown,PA,Netherlands Antilles,2.0,1,Bajo,1
18,Non-binary,High School,Single,82468.0,629.0,41868.0,Business,Unemployed,7,Poor,0.50862653295097,144653.0,2.0,South Cindy,AK,Aruba,1.0,2,Medio,2
66,Male,Bachelor's,Single,41784.0,617.0,44626.0,Auto,Employed,15,Good,0.42828706174445685,25162.0,1.0,Yoderfort,WY,Liechtenstein,1.0,0,Medio,2
66,Female,PhD,Single,94181.0,617.0,21486.0,Auto,Unemployed,15,Good,0.2477589340332861,230077.0,3.0,East Joseph,NJ,North Macedonia,4.0,0,Alto,0
69,Male,High School,Divorced,35861.0,635.0,48453.0,Business,Self-employed,2,Fair,0.14047135223302235,52128.0,1.0,Port Rebecca,WY,Syrian Arab Republic,0.0,0,Alto,0
26,Male,Bachelor's,Married,108728.0,758.0,46739.0,Auto,Employed,12,Poor,0.48960081984033577,189116.0,0.0,North Stacey,MS,Sweden,0.0,0,Bajo,1
32,Male,Master's,Divorced,53550.0,777.0,40422.0,Personal,Employed,14,Fair,0.17469272257156968,174151.0,4.0,West Sonya,KY,Ireland,2.0,2,Bajo,1
62,Male,Bachelor's,Single,25983.0,740.0,9379.0,Auto,Unemployed,12,Excellent,0.1263388892598645,214975.0,1.0,Port Jeffreyfort,MH,Ukraine,4.0,1,Alto,0
48,Male,Master's,Divorced,94583.0,682.0,8704.0,Personal,Employed,12,Poor,0.23663334327218746,236519.0,3.0,Deniseville,FM,Ghana,2.0,1,Bajo,1
22,Female,PhD,Married,84057.0,630.0,43946.0,Business,Employed,9,Good,0.30969893491079037,237313.0,2.0,Riveraport,AZ,Panama,1.0,1,Medio,2
21,Non-binary,Bachelor's,Married,69641.0,726.0,9743.0,Home,Unemployed,15,Excellent,0.19520616966414614,20576.0,1.0,Lake Robert,VI,Niue,4.0,2,Alto,0
65,Male,Master's,Single,103384.0,759.0,42770.0,Personal,Self-employed,17,Fair,0.5189869498926709,197271.0,1.0,Fischershire,PR,Barbados,3.0,2,Alto,0
23,Male,Master's,Widowed,110812.0,736.0,26551.0,Auto,Unemployed,11,Poor,0.438733242726316,298336.0,2.0,Carlside,MO,Austria,4.0,2,Alto,0
59,Non-binary,High School,Divorced,80661.0,662.0,27633.0,Home,Unemployed,11,Fair,0.44300762742638855,34429.0,1.0,New Joyland,MT,Burkina Faso,0.0,0,Medio,2
56,Non-binary,Bachelor's,Divorced,25312.0,694.0,5824.0,Business,Unemployed,9,Fair,0.2901220714961491,291947.0,4.0,Wesleyport,CT,Samoa,1.0,1,Alto,0
40,Female,Master's,Married,111826.0,624.0,9683.0,Business,Employed,2,Fair,0.3530782358622162,286523.0,0.0,Woodville,NH,Serbia,1.0,0,Medio,2
32,Female,Bachelor's,Widowed,81351.0,748.0,38299.0,Personal,Unemployed,13,Good,0.5814555377097343,117688.0,2.0,Angelafort,SD,Mali,1.0,0,Bajo,1
29,Male,Bachelor's,Divorced,47944.0,649.0,40948.0,Auto,Employed,0,Poor,0.48547143804562487,294175.0,3.0,Scottfort,SC,New Caledonia,1.0,2,Medio,2
34,Non-binary,High School,Divorced,41770.0,756.0,39210.0,Home,Unemployed,0,Excellent,0.4906153255014081,157655.0,3.0,Galvanfort,MI,Costa Rica,1.0,2,Bajo,1
46,Male,Master's,Divorced,68180.0,775.0,21977.0,Personal,Employed,5,Excellent,0.2431885201048731,116672.0,0.0,Michaelside,PW,Bosnia and Herzegovina,1.0,0,Bajo,1
66,Female,High School,Single,41818.0,641.0,14681.0,Business,Self-employed,9,Excellent,0.5562286665042084,299132.0,2.0,Eugeneshire,MH,New Caledonia,3.0,1,Alto,0
22,Non-binary,High School,Single,115666.0,789.0,34866.0,Personal,Employed,12,Excellent,0.28594434928784107,160166.0,1.0,South Ambershire,MP,Albania,3.0,2,Alto,0
61,Male,Master's,Widowed,62530.0,663.0,10322.0,Business,Employed,15,Good,0.5244289181063224,247918.0,2.0,Port Tamara,VA,Western Sahara,4.0,0,Alto,0
34,Female,Bachelor's,Married,55200.0,745.0,45037.0,Auto,Employed,19,Good,0.3591820797221079,223926.0,3.0,Shelbyland,MO,United Arab Emirates,3.0,2,Alto,0
57,Female,High School,Married,62530.0,785.0,41888.0,Auto,Unemployed,11,Excellent,0.5136363556881622,274622.0,2.0,Evanland,PW,Reunion,0.0,2,Bajo,1
56,Male,Master's,Widowed,29260.0,672.0,23777.0,Business,Self-employed,19,Fair,0.17979684644897717,116095.0,1.0,Parkermouth,KS,Uzbekistan,4.0,1,Alto,0
27,Female,Master's,Single,25230.0,607.0,17454.0,Business,Unemployed,16,Excellent,0.2529909957044518,205371.0,3.0,Monicaside,ME,Zimbabwe,1.0,0,Alto,0
45,Male,Bachelor's,Widowed,109711.0,694.0,5912.0,Business,Unemployed,4,Poor,0.22572882036358602,144431.0,2.0,Kennedystad,GA,Bangladesh,3.0,1,Alto,0
38,Male,Master's,Single,29907.0,613.0,24005.0,Home,Self-employed,8,Good,0.33240355981658976,165085.0,0.0,Davidville,LA,Liberia,2.0,2,Alto,0
26,Female,High School,Married,119258.0,739.0,6779.0,Auto,Self-employed,15,Good,0.2661502974112129,81845.0,4.0,Port Colleen,GA,Saint Martin,3.0,0,Alto,0
53,Male,Master's,Single,90871.0,762.0,36017.0,Home,Employed,11,Excellent,0.4204058793628256,295127.0,4.0,Lake Anthonyshire,DC,Botswana,4.0,1,Alto,0
54,Male,Bachelor's,Single,62898.0,606.0,30860.0,Business,Self-employed,4,Poor,0.10299350149185973,32368.0,0.0,East Charlesside,OH,Sao Tome and Principe,4.0,2,Alto,0
27,Female,Bachelor's,Divorced,60225.0,652.0,25780.0,Personal,Employed,6,Good,0.40043597062414404,84075.0,3.0,North Cindy,CA,British Indian Ocean Territory (Chagos Archipelago),4.0,0,Alto,0
23,Male,High School,Divorced,104716.0,604.0,28443.0,Auto,Self-employed,11,Excellent,0.19615257835278124,242566.0,4.0,Allenshire,NH,Cote d'Ivoire,1.0,0,Medio,2
62,Male,High School,Divorced,37111.0,639.0,23325.0,Auto,Unemployed,12,Fair,0.5600446499261159,188847.0,1.0,New Dawn,AR,Gabon,2.0,2,Alto,0
50,Female,Bachelor's,Widowed,103251.0,640.0,27245.0,Personal,Self-employed,1,Good,0.46134533177721526,283689.0,4.0,Cunninghamport,OH,Palau,0.0,2,Medio,2
28,Female,PhD,Single,109007.0,683.0,42920.0,Personal,Self-employed,4,Poor,0.18131554793885005,226015.0,0.0,North Robert,NE,Armenia,1.0,0,Bajo,1
25,Non-binary,Master's,Divorced,32084.0,786.0,32198.0,Personal,Self-employed,9,Fair,0.13426791570898608,155611.0,0.0,Peterhaven,MP,Kyrgyz Republic,2.0,2,Alto,0
65,Female,Master's,Widowed,107408.0,793.0,35134.0,Personal,Unemployed,14,Excellent,0.17570947806841888,27644.0,2.0,Port Kathleenfurt,AS,Namibia,2.0,0,Bajo,1
65,Non-binary,PhD,Widowed,88816.0,757.0,19150.0,Personal,Employed,1,Poor,0.2248269912946955,40681.0,0.0,Phillipsstad,LA,Afghanistan,1.0,0,Bajo,1
21,Non-binary,Bachelor's,Single,72693.0,798.0,28683.0,Business,Self-employed,15,Poor,0.548036539616905,223362.0,0.0,New Terrishire,TN,Iran,3.0,2,Alto,0
42,Male,High School,Single,109928.0,776.0,33493.0,Business,Employed,17,Good,0.4509725425093538,91281.0,2.0,Jenniferburgh,MN,Austria,3.0,2,Alto,0
34,Non-binary,High School,Widowed,38447.0,735.0,11024.0,Business,Employed,13,Excellent,0.3781162727062245,176525.0,2.0,Garciaborough,TN,Georgia,3.0,2,Alto,0
29,Non-binary,Master's,Married,42540.0,758.0,25134.0,Business,Self-employed,15,Excellent,0.2588214894245484,124824.0,1.0,North Michelleview,NH,Guernsey,3.0,2,Alto,0
63,Male,High School,Married,82473.0,606.0,30516.0,Home,Self-employed,1,Fair,0.3037566677417892,175136.0,2.0,Kellertown,NM,Guam,0.0,0,Medio,2
48,Female,High School,Widowed,55287.0,642.0,6492.0,Business,Self-employed,9,Fair,0.3451155101005732,111253.0,2.0,Jimmyport,VT,Djibouti,0.0,1,Medio,2
67,Male,PhD,Married,72452.0,654.0,13571.0,Home,Employed,8,Fair,0.30298626413396257,143464.0,0.0,New Bethchester,PR,Palau,1.0,2,Medio,2
41,Non-binary,Master's,Widowed,115263.0,728.0,31019.0,Personal,Employed,7,Excellent,0.5050124425943203,135866.0,2.0,Lake Charles,WV,Malta,4.0,1,Alto,0
51,Female,Master's,Single,30910.0,622.0,19374.0,Home,Unemployed,18,Poor,0.41416255740164243,41810.0,0.0,New Gabriela,NJ,Saint Pierre and Miquelon,4.0,1,Alto,0
51,Female,Master's,Widowed,87449.0,774.0,46463.0,Business,Unemployed,18,Excellent,0.2873315341121132,129521.0,1.0,Fergusonville,IN,Nicaragua,2.0,0,Bajo,1
18,Male,PhD,Divorced,77114.0,747.0,29509.0,Auto,Self-employed,16,Good,0.19857202061676935,172613.0,4.0,South Morgan,GA,Netherlands,2.0,1,Bajo,1
56,Male,High School,Widowed,106153.0,710.0,9178.0,Auto,Unemployed,15,Excellent,0.16595887371080106,244008.0,3.0,Georgeshire,NM,Congo,4.0,0,Alto,0
31,Male,Bachelor's,Married,55949.0,765.0,9415.0,Home,Employed,5,Fair,0.137274066621236,102587.0,3.0,Brownfort,MN,American Samoa,1.0,1,Bajo,1
48,Female,High School,Single,30845.0,789.0,43866.0,Auto,Employed,5,Good,0.4869034297751502,299999.0,4.0,New William,VI,Saint Pierre and Miquelon,1.0,0,Alto,0
62,Male,High School,Married,44031.0,779.0,27942.0,Business,Employed,3,Poor,0.10768526911859674,99543.0,2.0,Boylehaven,FM,Zambia,0.0,1,Bajo,1
18,Female,Bachelor's,Divorced,112881.0,698.0,5069.0,Personal,Self-employed,11,Fair,0.4226721222422929,279962.0,0.0,Amandatown,ND,Seychelles,2.0,0,Bajo,1
33,Male,Bachelor's,Divorced,96054.0,715.0,20481.0,Business,Self-employed,8,Good,0.330387605205926,297773.0,1.0,Jessefurt,NH,Thailand,1.0,0,Bajo,1
64,Male,PhD,Widowed,111310.0,639.0,48548.0,Personal,Employed,0,Excellent,0.284247168822124,48695.0,4.0,North Jesse,VA,Palestinian Territory,3.0,2,Alto,0
50,Female,High School,Widowed,23017.0,684.0,36244.0,Auto,Self-employed,13,Poor,0.24467851064763943,271898.0,1.0,Valenciafurt,AR,Brunei Darussalam,4.0,0,Alto,0
27,Female,High School,Single,28265.0,695.0,28486.0,Business,Self-employed,12,Good,0.5195988525565232,113627.0,3.0,Fowlerport,NV,Bahamas,3.0,2,Alto,0
37,Female,High School,Widowed,112154.0,608.0,21411.0,Home,Self-employed,1,Good,0.3472662906263322,130631.0,0.0,Melissafort,CA,Eritrea,4.0,2,Alto,0
57,Non-binary,High School,Single,101434.0,758.0,37868.0,Personal,Unemployed,10,Excellent,0.230892604767256,207867.0,2.0,Christineland,WY,Jersey,0.0,1,Bajo,1
41,Non-binary,Bachelor's,Single,27076.0,668.0,8759.0,Home,Self-employed,15,Good,0.13409873831680627,47646.0,2.0,Jenniferville,TN,Estonia,1.0,2,Alto,0
41,Female,Bachelor's,Divorced,112221.0,772.0,33936.0,Home,Unemployed,18,Excellent,0.3954656268250121,190208.0,0.0,West Johnny,MA,British Indian Ocean Territory (Chagos Archipelago),3.0,0,Alto,0
69,Non-binary,PhD,Widowed,23717.0,603.0,44324.0,Auto,Employed,8,Poor,0.14105711715546806,262801.0,0.0,Port Charles,MN,Holy See (Vatican City State),1.0,1,Alto,0
58,Female,High School,Widowed,49895.0,645.0,23773.0,Home,Unemployed,16,Excellent,0.44028561534993216,53493.0,4.0,Allisonland,GU,Malaysia,4.0,0,Alto,0
68,Non-binary,High School,Married,29212.0,751.0,6012.0,Home,Self-employed,4,Excellent,0.46008345211723833,206514.0,1.0,East Christopher,DE,Cuba,4.0,0,Alto,0
61,Non-binary,PhD,Single,59238.0,685.0,22787.0,Home,Unemployed,12,Poor,0.18826717413002383,166626.0,0.0,East Catherine,VI,Chad,4.0,2,Alto,0
29,Female,PhD,Widowed,104675.0,718.0,45358.0,Personal,Unemployed,8,Good,0.5243929064120156,251930.0,2.0,East Gabrieltown,AL,Aruba,3.0,0,Alto,0
24,Non-binary,PhD,Single,89208.0,624.0,33655.0,Home,Self-employed,9,Poor,0.12058044582851549,56097.0,2.0,East Joseph,MA,Holy See (Vatican City State),0.0,2,Medio,2
43,Male,Bachelor's,Widowed,49433.0,710.0,22523.0,Business,Self-employed,5,Fair,0.21332227600088813,111625.0,4.0,Lake Valerie,OH,Saudi Arabia,3.0,2,Alto,0
30,Non-binary,PhD,Single,53639.0,684.0,47922.0,Auto,Employed,10,Good,0.49122487696532025,245713.0,0.0,West Tina,OK,Mozambique,4.0,1,Alto,0
22,Female,Master's,Divorced,105366.0,785.0,21975.0,Auto,Unemployed,9,Poor,0.512933796850302,242944.0,3.0,Gallagherport,NY,France,2.0,2,Bajo,1
35,Non-binary,Master's,Divorced,74091.0,772.0,44856.0,Auto,Employed,0,Excellent,0.18436028011943942,171362.0,3.0,Lake Victoria,UT,El Salvador,3.0,2,Alto,0
39,Female,High School,Single,63154.0,645.0,17359.0,Personal,Employed,12,Excellent,0.45469071480647383,238299.0,3.0,Danielburgh,VA,Puerto Rico,2.0,1,Medio,2
29,Non-binary,PhD,Married,108571.0,637.0,46239.0,Home,Unemployed,9,Good,0.5950889239549355,151306.0,1.0,North Andrew,HI,Guatemala,2.0,2,Medio,2
44,Non-binary,Bachelor's,Single,83327.0,740.0,38696.0,Home,Employed,16,Good,0.3400879809929437,34153.0,3.0,Bradyview,ME,Serbia,1.0,1,Bajo,1
39,Female,Master's,Widowed,79516.0,762.0,35084.0,Business,Unemployed,3,Excellent,0.5303260571331323,177614.0,1.0,Julieberg,CO,Qatar,3.0,1,Alto,0
35,Male,Bachelor's,Single,41395.0,657.0,38993.0,Home,Unemployed,18,Excellent,0.27948596392433533,209005.0,1.0,Katiefurt,CA,Oman,4.0,1,Alto,0
67,Non-binary,PhD,Single,70764.0,726.0,18870.0,Home,Employed,16,Excellent,0.41297279938814946,272966.0,3.0,Hardingbury,SC,Cocos (Keeling) Islands,0.0,0,Bajo,1
33,Female,Bachelor's,Divorced,88876.0,749.0,45596.0,Auto,Employed,14,Good,0.5600457582587917,189512.0,2.0,Wilsonview,SC,Denmark,3.0,1,Alto,0
56,Female,Bachelor's,Widowed,73634.0,641.0,39110.0,Business,Employed,10,Fair,0.4986118299109835,66769.0,0.0,New Kellystad,MD,Congo,0.0,2,Medio,2
66,Male,PhD,Widowed,34436.0,750.0,40591.0,Personal,Unemployed,0,Good,0.3511803890862172,41973.0,1.0,Rivasland,SC,Western Sahara,0.0,0,Alto,0
22,Non-binary,Bachelor's,Married,20903.0,634.0,13095.0,Auto,Unemployed,13,Poor,0.17485233641076967,208150.0,3.0,Andrewsside,SC,Mauritania,0.0,0,Alto,0
35,Female,Master's,Divorced,95121.0,744.0,46562.0,Personal,Self-employed,3,Poor,0.484615581790215,37018.0,1.0,Port Juan,NC,Netherlands,0.0,0,Bajo,1
66,Male,PhD,Single,23436.0,789.0,31576.0,Home,Unemployed,6,Excellent,0.49505350971441664,198343.0,4.0,Martinton,IA,Congo,0.0,0,Alto,0
33,Non-binary,High School,Married,98267.0,613.0,30577.0,Home,Employed,14,Poor,0.18829900818470083,142956.0,0.0,Jenniferton,TN,Uruguay,3.0,0,Alto,0
65,Non-binary,High School,Divorced,24052.0,724.0,35588.0,Business,Unemployed,12,Poor,0.34866969175225415,141730.0,2.0,North Tyler,SC,Ethiopia,3.0,1,Alto,0
21,Male,Bachelor's,Divorced,89806.0,622.0,5992.0,Auto,Self-employed,16,Excellent,0.3858373422380733,76829.0,0.0,Stewarthaven,TN,Monaco,3.0,0,Alto,0
46,Female,Bachelor's,Single,94283.0,645.0,39934.0,Auto,Employed,14,Good,0.47167374140375484,253153.0,0.0,Turnerchester,CO,Armenia,0.0,0,Medio,2
32,Male,Master's,Married,42444.0,693.0,17980.0,Business,Employed,10,Fair,0.21855883306451077,148969.0,3.0,South Victoriaton,MH,Syrian Arab Republic,2.0,1,Bajo,1
21,Male,PhD,Single,47284.0,745.0,35366.0,Auto,Unemployed,18,Poor,0.11657148988913638,263197.0,4.0,Rileyshire,GA,Germany,0.0,2,Bajo,1
33,Non-binary,PhD,Divorced,67951.0,666.0,41258.0,Personal,Self-employed,0,Fair,0.4792175132475799,58081.0,2.0,Morrisview,MI,Svalbard & Jan Mayen Islands,3.0,0,Alto,0
29,Non-binary,High School,Widowed,96015.0,751.0,25907.0,Home,Employed,3,Poor,0.39232484134317636,250785.0,0.0,New Xavierview,WY,South Georgia and the South Sandwich Islands,2.0,1,Bajo,1
42,Female,PhD,Single,110341.0,766.0,42946.0,Auto,Self-employed,16,Fair,0.5645750911227859,68922.0,2.0,North Nicole,NE,Guernsey,3.0,2,Alto,0
47,Non-binary,Bachelor's,Married,96935.0,655.0,6559.0,Home,Employed,4,Good,0.5079157585233559,171332.0,0.0,Scottburgh,MP,North Macedonia,4.0,2,Alto,0
69,Non-binary,High School,Widowed,116159.0,739.0,48639.0,Personal,Unemployed,4,Good,0.32602084058123204,161305.0,3.0,Davisbury,VA,Ukraine,3.0,1,Alto,0
43,Male,High School,Married,93598.0,704.0,18222.0,Personal,Employed,1,Excellent,0.21840078571006935,216099.0,3.0,North Michelle,VT,Mexico,1.0,0,Bajo,1
64,Non-binary,High School,Married,84636.0,669.0,15013.0,Personal,Unemployed,12,Fair,0.5096734567385701,68599.0,1.0,North Kimberlyton,MN,Bosnia and Herzegovina,3.0,1,Alto,0
36,Male,High School,Divorced,72077.0,609.0,36093.0,Business,Unemployed,12,Excellent,0.47615378011570764,247455.0,3.0,New Anthony,WA,Tajikistan,1.0,1,Medio,2
68,Male,High School,Widowed,56258.0,727.0,18854.0,Home,Unemployed,12,Excellent,0.546199272342205,213565.0,3.0,Lake Stephenbury,AK,Mozambique,4.0,2,Alto,0
37,Non-binary,Master's,Married,53971.0,795.0,48546.0,Business,Self-employed,4,Excellent,0.5266714000065785,76623.0,0.0,Lake David,IL,Tunisia,3.0,2,Alto,0
31,Male,Master's,Married,113316.0,691.0,23707.0,Home,Self-employed,0,Fair,0.5027619266924911,58566.0,1.0,Lake Michaelland,WI,Libyan Arab Jamahiriya,2.0,2,Bajo,1
42,Female,Master's,Single,54551.0,602.0,44305.0,Auto,Unemployed,18,Fair,0.5361912396535948,162414.0,2.0,Port Donaldhaven,MT,Tunisia,2.0,1,Medio,2
47,Non-binary,PhD,Widowed,93271.0,647.0,32917.0,Auto,Unemployed,13,Excellent,0.26418465969856053,94818.0,0.0,South Brianbury,DC,Cote d'Ivoire,2.0,1,Medio,2
27,Male,PhD,Married,45257.0,672.0,42459.0,Business,Employed,18,Excellent,0.36636678429831093,100626.0,4.0,West Michael,RI,Lao People's Democratic Republic,0.0,1,Medio,2
56,Male,Bachelor's,Widowed,115864.0,675.0,13846.0,Business,Unemployed,8,Excellent,0.3316592428428262,176517.0,4.0,New Cynthiahaven,WV,Wallis and Futuna,2.0,2,Medio,2
63,Male,High School,Single,68166.0,736.0,37407.0,Home,Unemployed,18,Good,0.31396879268210764,176520.0,0.0,West Jessica,MA,Guyana,3.0,0,Alto,0
41,Female,Bachelor's,Widowed,77999.0,652.0,44616.0,Business,Unemployed,0,Poor,0.4927706186374996,45851.0,2.0,East Michael,NY,Kyrgyz Republic,0.0,2,Medio,2
65,Female,High School,Married,33750.0,786.0,41242.0,Home,Employed,18,Good,0.5665675651816101,76221.0,1.0,Cheyennechester,NC,Guyana,0.0,2,Alto,0
52,Non-binary,Master's,Single,99711.0,600.0,48967.0,Personal,Unemployed,13,Fair,0.1672316549769712,78869.0,1.0,Micheleland,IA,Latvia,0.0,0,Medio,2
45,Male,PhD,Divorced,28727.0,712.0,40813.0,Home,Unemployed,3,Fair,0.5559547051880125,209897.0,4.0,Devinburgh,CO,Peru,1.0,2,Alto,0
47,Female,Bachelor's,Married,85088.0,713.0,6393.0,Business,Unemployed,7,Excellent,0.10514270071750612,264977.0,1.0,West Daisyside,VI,Central African Republic,0.0,0,Bajo,1
23,Male,PhD,Single,69322.0,666.0,13116.0,Personal,Employed,6,Fair,0.5252259502024582,153526.0,4.0,Williamsstad,AR,Ireland,0.0,0,Medio,2
29,Non-binary,Bachelor's,Married,59038.0,600.0,12745.0,Auto,Employed,14,Excellent,0.16230224226683967,55985.0,2.0,New Davidfurt,OH,Swaziland,1.0,0,Medio,2
29,Female,PhD,Married,86296.0,711.0,15752.0,Home,Unemployed,10,Good,0.24106144358586004,212834.0,2.0,Stephanieburgh,VI,Croatia,2.0,1,Bajo,1
44,Male,High School,Widowed,102018.0,734.0,30993.0,Personal,Unemployed,6,Fair,0.11320782685252465,53790.0,0.0,Port Mandyside,CO,Monaco,4.0,0,Alto,0
26,Female,PhD,Divorced,100882.0,738.0,25410.0,Business,Unemployed,11,Poor,0.26156625484976725,43226.0,0.0,Tristanport,CO,Andorra,3.0,0,Alto,0
65,Female,Master's,Single,96939.0,673.0,17002.0,Home,Employed,16,Excellent,0.45673312379804243,116884.0,3.0,Port Cynthiaton,IN,Chile,1.0,1,Medio,2
39,Female,PhD,Widowed,110034.0,603.0,25628.0,Home,Self-employed,1,Good,0.3723444133636683,172499.0,2.0,Braymouth,CA,Bangladesh,4.0,2,Alto,0
36,Male,PhD,Widowed,78215.0,695.0,10749.0,Business,Self-employed,14,Fair,0.3624737750854473,241502.0,2.0,Rebeccafort,PR,Guernsey,3.0,0,Alto,0
41,Male,PhD,Widowed,112141.0,600.0,25709.0,Personal,Unemployed,18,Excellent,0.22773956621206606,25925.0,0.0,New Christopher,IN,Finland,2.0,1,Medio,2
19,Female,Master's,Widowed,43233.0,786.0,17390.0,Home,Self-employed,13,Excellent,0.5798664691234307,25118.0,1.0,Williamshaven,NE,Algeria,2.0,0,Bajo,1
35,Male,High School,Divorced,27111.0,649.0,41890.0,Home,Unemployed,6,Good,0.1738482817078977,185663.0,3.0,Port Michael,CA,Haiti,4.0,2,Alto,0
54,Male,PhD,Single,92358.0,739.0,33855.0,Personal,Employed,12,Poor,0.38931595906550576,55174.0,0.0,Garciaton,NH,Lesotho,0.0,2,Bajo,1
41,Non-binary,Bachelor's,Widowed,108247.0,785.0,29726.0,Business,Employed,5,Excellent,0.1924416363523105,260545.0,4.0,Port Michele,UT,Sudan,2.0,2,Bajo,1
56,Female,High School,Married,46641.0,754.0,5013.0,Auto,Unemployed,17,Good,0.4074976888388142,132531.0,4.0,Zacharyland,MI,Senegal,4.0,1,Alto,0
48,Female,High School,Widowed,78791.0,688.0,29614.0,Home,Employed,2,Fair,0.3518181342885095,43311.0,2.0,New Ryan,WY,Iran,2.0,0,Bajo,1
28,Non-binary,Bachelor's,Married,97482.0,636.0,23921.0,Home,Unemployed,18,Excellent,0.44189087495343926,244995.0,2.0,Port Jeremy,MT,French Southern Territories,4.0,0,Alto,0
55,Male,Master's,Widowed,75773.0,785.0,22792.0,Auto,Employed,1,Fair,0.4724292359959541,287626.0,4.0,New Joshua,MS,Wallis and Futuna,1.0,2,Bajo,1
30,Female,PhD,Married,29678.0,682.0,15334.0,Auto,Employed,12,Excellent,0.36271415157120956,185715.0,0.0,Shaneville,VI,Antigua and Barbuda,0.0,1,Alto,0
57,Female,PhD,Divorced,31573.0,772.0,20706.0,Business,Employed,9,Excellent,0.38267653616775976,34614.0,2.0,East Edward,NV,Tunisia,0.0,1,Alto,0
38,Male,Bachelor's,Divorced,66479.0,747.0,31154.0,Home,Unemployed,5,Good,0.38349415171127643,233374.0,3.0,Griffinport,PA,Christmas Island,2.0,0,Bajo,1
33,Non-binary,Bachelor's,Single,37507.0,703.0,15250.0,Auto,Self-employed,12,Poor,0.24413650669221773,197818.0,2.0,West Kimberlymouth,KY,Venezuela,2.0,0,Alto,0
53,Male,Master's,Single,25731.0,766.0,15311.0,Business,Self-employed,11,Fair,0.5340494308426457,266677.0,0.0,West Holly,NV,Spain,3.0,1,Alto,0
62,Female,Master's,Divorced,108669.0,700.0,44119.0,Business,Employed,18,Poor,0.4582963342588571,47780.0,4.0,East Ronald,VI,Croatia,1.0,2,Bajo,1
22,Non-binary,Bachelor's,Divorced,53193.0,608.0,45677.0,Personal,Self-employed,8,Poor,0.31831894784881165,169713.0,2.0,Austinfurt,WA,Kuwait,2.0,1,Medio,2
21,Female,PhD,Widowed,38318.0,626.0,34930.0,Auto,Employed,6,Poor,0.2911025052229438,203827.0,1.0,Port Michael,WI,Ukraine,0.0,2,Alto,0
28,Male,PhD,Widowed,91442.0,657.0,19432.0,Auto,Employed,0,Excellent,0.30294388317522425,185445.0,1.0,Smithport,SD,New Zealand,3.0,1,Alto,0
69,Male,High School,Divorced,36551.0,661.0,44352.0,Business,Employed,13,Fair,0.5100543069058745,258875.0,2.0,Lake Alisonburgh,MA,Israel,4.0,1,Alto,0
60,Male,High School,Divorced,79269.0,634.0,30572.0,Personal,Unemployed,17,Poor,0.18194203607792395,52325.0,1.0,East Dennisport,VT,Serbia,3.0,0,Alto,0
23,Male,Bachelor's,Married,98701.0,656.0,5877.0,Home,Unemployed,18,Fair,0.5127670218903263,177047.0,1.0,Rayberg,DE,Yemen,3.0,1,Alto,0
31,Male,Master's,Married,105425.0,666.0,39707.0,Business,Unemployed,1,Good,0.48387022314574657,219518.0,3.0,Robertsonmouth,PA,Saint Barthelemy,2.0,0,Medio,2
56,Female,Bachelor's,Divorced,107778.0,665.0,43887.0,Home,Self-employed,6,Poor,0.333157609609094,66883.0,1.0,Michaelfort,WV,China,4.0,1,Alto,0
63,Non-binary,Master's,Married,57827.0,730.0,40942.0,Business,Employed,16,Fair,0.516293010014529,114198.0,2.0,Sydneyberg,FM,Pakistan,4.0,2,Alto,0
38,Female,PhD,Single,39521.0,674.0,22467.0,Auto,Employed,13,Fair,0.28310991860259926,174523.0,3.0,Davidborough,WY,Mongolia,0.0,2,Alto,0
29,Non-binary,Bachelor's,Married,113005.0,697.0,10629.0,Personal,Self-employed,3,Poor,0.5287729379897267,218391.0,4.0,West Alecside,HI,Uzbekistan,0.0,1,Bajo,1
31,Female,Master's,Widowed,37430.0,609.0,17839.0,Home,Unemployed,14,Fair,0.23143080260863333,267941.0,2.0,Tammymouth,WV,Benin,1.0,2,Alto,0
62,Non-binary,Bachelor's,Widowed,23846.0,623.0,29831.0,Personal,Employed,4,Fair,0.5356367593196301,227918.0,4.0,Timothyport,FM,Benin,0.0,1,Alto,0
24,Non-binary,Master's,Single,31091.0,788.0,25880.0,Personal,Self-employed,15,Good,0.3390027577596392,162996.0,0.0,Carrtown,MD,Western Sahara,0.0,2,Alto,0
32,Non-binary,Bachelor's,Single,88606.0,683.0,25894.0,Business,Unemployed,5,Poor,0.44816219527966195,24768.0,4.0,West Suzanneside,AZ,Iran,3.0,2,Alto,0
69,Non-binary,Master's,Widowed,33686.0,698.0,47501.0,Business,Employed,5,Poor,0.14507012955797274,216923.0,4.0,South Daniel,IN,China,2.0,2,Alto,0
34,Non-binary,PhD,Divorced,92495.0,691.0,30947.0,Personal,Unemployed,18,Excellent,0.2714683815033263,58075.0,4.0,North Johnborough,MD,Papua New Guinea,4.0,1,Alto,0
20,Female,Master's,Married,55388.0,678.0,27280.0,Business,Employed,13,Excellent,0.5343368561304767,73829.0,4.0,New Allenborough,VI,Jersey,0.0,2,Medio,2
22,Female,High School,Single,36225.0,790.0,47148.0,Home,Employed,15,Good,0.22322577763359377,158530.0,1.0,Lake Karen,MP,Zimbabwe,0.0,2,Alto,0
30,Male,Master's,Single,104624.0,633.0,40183.0,Personal,Employed,11,Fair,0.10186545738905653,171342.0,0.0,Craigport,KS,British Virgin Islands,3.0,0,Alto,0
61,Non-binary,PhD,Single,69250.0,723.0,32682.0,Business,Unemployed,10,Fair,0.5426223073027554,29359.0,4.0,Port Andreahaven,FM,Montserrat,2.0,2,Bajo,1
38,Male,Bachelor's,Married,76843.0,748.0,7970.0,Business,Self-employed,19,Fair,0.2060549648977751,207297.0,2.0,Matthewville,NV,Trinidad and Tobago,4.0,1,Alto,0
55,Male,High School,Widowed,53339.0,794.0,35311.0,Personal,Unemployed,7,Fair,0.13959533626709256,47655.0,1.0,New Davidview,WY,Colombia,0.0,1,Bajo,1
25,Male,Master's,Divorced,28463.0,736.0,34181.0,Business,Employed,9,Excellent,0.5795178124488936,165945.0,1.0,Hansonmouth,NJ,Marshall Islands,3.0,1,Alto,0
33,Female,Bachelor's,Single,118983.0,694.0,42879.0,Business,Unemployed,3,Excellent,0.4291136977656753,169205.0,1.0,Charlottemouth,AK,Sudan,0.0,0,Bajo,1
29,Non-binary,PhD,Married,115603.0,714.0,43809.0,Auto,Self-employed,13,Excellent,0.17619781339386878,250967.0,4.0,Sotostad,VI,Guinea-Bissau,1.0,1,Bajo,1
21,Male,Master's,Widowed,82694.0,662.0,21519.0,Home,Unemployed,9,Fair,0.3771342530609677,40833.0,0.0,Lake Davidville,PA,Armenia,2.0,0,Medio,2
39,Female,Bachelor's,Single,66007.0,723.0,19307.0,Home,Self-employed,15,Excellent,0.4372404615133264,184100.0,1.0,Robertberg,MP,Burundi,1.0,1,Bajo,1
52,Male,High School,Married,96089.0,622.0,49088.0,Home,Unemployed,2,Fair,0.11001919727185747,77533.0,4.0,New Desiree,AS,Bangladesh,2.0,1,Medio,2
28,Non-binary,High School,Widowed,43395.0,742.0,10913.0,Personal,Employed,8,Good,0.21146045262314514,134527.0,2.0,Alanfurt,MN,Ecuador,2.0,0,Bajo,1
59,Non-binary,High School,Widowed,97233.0,774.0,40763.0,Personal,Employed,4,Poor,0.47363120401737346,116396.0,4.0,Troychester,VA,Georgia,0.0,2,Bajo,1
25,Non-binary,Master's,Widowed,115373.0,643.0,46216.0,Auto,Employed,15,Good,0.17890069320417026,110853.0,3.0,Brandonland,MD,Singapore,4.0,2,Alto,0
62,Non-binary,Bachelor's,Single,40948.0,676.0,37593.0,Home,Unemployed,16,Fair,0.40082066683127104,200186.0,4.0,East Kevin,OH,Cocos (Keeling) Islands,1.0,1,Medio,2
55,Male,High School,Single,25833.0,736.0,40477.0,Personal,Self-employed,6,Good,0.4595183920856274,87514.0,4.0,Lowerychester,AR,Sierra Leone,3.0,0,Alto,0
24,Non-binary,Bachelor's,Married,73462.0,756.0,49504.0,Business,Unemployed,13,Excellent,0.25830773874174195,292857.0,4.0,Port Annmouth,NM,Iceland,3.0,1,Alto,0
43,Female,Bachelor's,Widowed,50011.0,685.0,42261.0,Personal,Employed,18,Fair,0.12591515440478476,143489.0,4.0,New John,HI,Svalbard & Jan Mayen Islands,0.0,1,Bajo,1
47,Male,High School,Widowed,46245.0,658.0,29117.0,Business,Unemployed,4,Poor,0.4970337856158097,198807.0,2.0,Vargasfort,MS,Kenya,0.0,2,Medio,2
20,Male,Bachelor's,Divorced,116576.0,661.0,31838.0,Personal,Self-employed,14,Poor,0.20305131594418893,286754.0,4.0,Martinport,OR,Lesotho,1.0,0,Medio,2
20,Male,Master's,Widowed,24554.0,737.0,18107.0,Business,Employed,6,Fair,0.13484129311368107,43603.0,2.0,South Paul,ND,Cote d'Ivoire,0.0,1,Alto,0
23,Male,PhD,Divorced,99056.0,623.0,25500.0,Business,Unemployed,10,Good,0.16231690595156098,143112.0,2.0,Thomasport,NM,Antarctica (the territory South of 60 deg S),2.0,2,Medio,2
39,Male,Bachelor's,Married,35154.0,613.0,9824.0,Home,Self-employed,14,Poor,0.548313167653252,284754.0,2.0,Ryanton,WA,Senegal,1.0,2,Alto,0
37,Male,Bachelor's,Married,49677.0,767.0,40692.0,Personal,Self-employed,9,Fair,0.5689061245493958,128373.0,3.0,Port Anthonyborough,ID,United States Virgin Islands,1.0,0,Bajo,1
19,Female,High School,Divorced,97125.0,791.0,41214.0,Auto,Employed,5,Good,0.23587637616768622,233060.0,1.0,Charlesfurt,IN,Romania,1.0,1,Bajo,1
34,Female,Bachelor's,Single,70756.0,663.0,13499.0,Home,Self-employed,18,Poor,0.37835318448059874,135194.0,1.0,Burtontown,AL,Nepal,2.0,1,Medio,2
61,Female,High School,Single,107486.0,744.0,15497.0,Business,Self-employed,16,Poor,0.3450194159844663,294396.0,0.0,West Donald,WY,Mozambique,4.0,1,Alto,0
40,Non-binary,High School,Divorced,44647.0,735.0,27632.0,Personal,Self-employed,17,Poor,0.1274373656093489,288958.0,3.0,Brownborough,GA,Zimbabwe,0.0,1,Bajo,1
56,Non-binary,Master's,Widowed,83089.0,744.0,48868.0,Business,Unemployed,17,Poor,0.41209759091177867,270483.0,3.0,Summersborough,NC,Sierra Leone,4.0,1,Alto,0
44,Non-binary,High School,Divorced,36167.0,622.0,25790.0,Home,Unemployed,1,Excellent,0.4279686091882201,43847.0,4.0,Staffordside,MO,Paraguay,4.0,2,Alto,0
51,Non-binary,Bachelor's,Married,29179.0,651.0,5606.0,Business,Self-employed,14,Excellent,0.4312117074766063,246520.0,1.0,South Melissa,DE,Norfolk Island,1.0,2,Alto,0
41,Non-binary,PhD,Married,47313.0,755.0,18830.0,Personal,Unemployed,0,Good,0.39897972805591264,32946.0,4.0,Mcdanielside,LA,Ukraine,2.0,0,Bajo,1
57,Male,Master's,Divorced,92561.0,760.0,5171.0,Home,Unemployed,16,Good,0.41863961967935737,60697.0,2.0,Trevorland,FL,Taiwan,3.0,1,Alto,0
34,Female,High School,Widowed,76884.0,609.0,27717.0,Auto,Unemployed,10,Good,0.17785929822191868,140482.0,3.0,Martinezberg,CT,Costa Rica,4.0,0,Alto,0
24,Male,High School,Divorced,69094.0,651.0,19062.0,Business,Employed,5,Poor,0.19925445804629696,91058.0,2.0,Whiteshire,MN,Fiji,4.0,1,Alto,0
41,Non-binary,Master's,Divorced,95017.0,665.0,22057.0,Personal,Self-employed,9,Good,0.5964766602109801,85121.0,2.0,South Annafurt,MH,Kuwait,4.0,2,Alto,0
19,Female,Master's,Single,56479.0,764.0,20437.0,Personal,Unemployed,14,Excellent,0.23938549371258436,44343.0,0.0,West Cathystad,OK,Brazil,1.0,0,Bajo,1
35,Female,Master's,Divorced,99214.0,621.0,12489.0,Personal,Employed,12,Excellent,0.22476134592091865,33288.0,0.0,Aaronshire,MA,Jordan,1.0,2,Medio,2
24,Male,Master's,Widowed,39465.0,779.0,37795.0,Home,Self-employed,13,Fair,0.5330482288592499,284391.0,2.0,West Andrew,AZ,Dominica,3.0,0,Alto,0
67,Male,High School,Married,94855.0,649.0,20459.0,Home,Self-employed,17,Excellent,0.38637723172780714,130816.0,0.0,Vargastown,MS,Grenada,3.0,2,Alto,0
31,Male,High School,Married,66716.0,758.0,36656.0,Home,Unemployed,12,Good,0.2953259633811415,48152.0,4.0,Lake Shelly,PR,Oman,3.0,2,Alto,0
62,Female,High School,Married,100383.0,766.0,33274.0,Auto,Employed,18,Excellent,0.3854996326093745,235047.0,0.0,Port Anthonymouth,SC,Gambia,0.0,0,Bajo,1
30,Non-binary,PhD,Divorced,70877.0,611.0,27963.0,Home,Employed,9,Fair,0.20386844212094282,270060.0,2.0,South Patrick,PW,Kazakhstan,2.0,1,Medio,2
26,Non-binary,PhD,Married,79886.0,674.0,33651.0,Business,Unemployed,4,Excellent,0.11582384623090794,61958.0,0.0,North Andrew,GU,Lebanon,1.0,1,Medio,2
52,Non-binary,High School,Married,102297.0,773.0,39139.0,Home,Self-employed,15,Fair,0.3360157853940028,246920.0,1.0,Lake Jameston,PR,Cocos (Keeling) Islands,4.0,2,Alto,0
53,Female,High School,Divorced,28108.0,730.0,9566.0,Business,Employed,19,Excellent,0.4322152481125764,267871.0,1.0,South Johnville,NM,Nicaragua,3.0,1,Alto,0
39,Female,Bachelor's,Married,107089.0,608.0,46104.0,Auto,Self-employed,3,Fair,0.5848473725574916,24466.0,3.0,Milesfort,NY,Malawi,2.0,1,Medio,2
49,Male,Master's,Single,86714.0,712.0,40229.0,Personal,Unemployed,7,Fair,0.568668295483169,66960.0,4.0,Angelachester,UT,Vietnam,0.0,0,Bajo,1
63,Male,PhD,Divorced,51419.0,727.0,24432.0,Home,Self-employed,16,Excellent,0.33222089482647443,103284.0,2.0,Bakermouth,WA,Finland,3.0,1,Alto,0
56,Female,High School,Married,86046.0,766.0,49003.0,Home,Unemployed,10,Fair,0.3074526116286156,196150.0,1.0,Port Jacob,LA,New Zealand,4.0,2,Alto,0
39,Non-binary,PhD,Divorced,49039.0,772.0,9227.0,Home,Self-employed,3,Excellent,0.4840474423073744,95660.0,2.0,Ashleyville,TX,Isle of Man,3.0,2,Alto,0
61,Non-binary,PhD,Widowed,59159.0,682.0,22072.0,Personal,Employed,14,Excellent,0.45444032036157567,132331.0,4.0,Levineside,IA,Maldives,3.0,1,Alto,0
32,Male,PhD,Divorced,53799.0,723.0,5547.0,Home,Self-employed,11,Excellent,0.1852531024988768,57006.0,3.0,New Jeffreyberg,NH,Niue,2.0,1,Bajo,1
25,Female,Master's,Married,32644.0,795.0,18365.0,Personal,Self-employed,13,Poor,0.1234993459384843,142145.0,4.0,Brandonview,GA,Zambia,2.0,0,Alto,0
67,Male,Bachelor's,Divorced,95205.0,706.0,32168.0,Personal,Employed,4,Poor,0.14132820235659735,161221.0,4.0,Jasonville,TN,Marshall Islands,1.0,2,Bajo,1
58,Female,High School,Married,94732.0,617.0,20999.0,Personal,Employed,17,Fair,0.4924241857777222,52663.0,0.0,Ralphton,GU,Niue,0.0,2,Medio,2
42,Non-binary,Master's,Divorced,80663.0,692.0,27106.0,Business,Self-employed,6,Fair,0.1783359382219288,132634.0,1.0,Lake Jonathan,SC,South Georgia and the South Sandwich Islands,1.0,0,Bajo,1
34,Female,Master's,Widowed,107385.0,725.0,41751.0,Auto,Unemployed,7,Fair,0.42938900946668157,143236.0,3.0,New Ryan,SD,Denmark,0.0,2,Bajo,1
43,Non-binary,PhD,Widowed,97000.0,735.0,8062.0,Personal,Unemployed,9,Excellent,0.11373088947712626,72202.0,4.0,Shaunberg,WI,Saint Lucia,3.0,2,Alto,0
48,Male,Master's,Widowed,102799.0,686.0,5977.0,Home,Self-employed,16,Excellent,0.4278935365948392,87738.0,4.0,South Christina,MO,Malawi,0.0,0,Bajo,1
64,Non-binary,PhD,Divorced,87982.0,643.0,30416.0,Auto,Unemployed,17,Fair,0.49514586346946166,149176.0,1.0,North Cynthiashire,MI,Bouvet Island (Bouvetoya),4.0,2,Alto,0
59,Male,High School,Widowed,70606.0,612.0,33264.0,Home,Self-employed,6,Poor,0.5789112191035221,67897.0,2.0,North Ericafort,PR,Antarctica (the territory South of 60 deg S),4.0,1,Alto,0
56,Non-binary,Bachelor's,Single,101981.0,715.0,44642.0,Business,Self-employed,1,Excellent,0.31091380471407004,111455.0,1.0,South Andrea,CA,Jersey,0.0,1,Bajo,1
59,Female,Bachelor's,Divorced,117383.0,749.0,8501.0,Business,Unemployed,13,Poor,0.11470265701806551,248336.0,1.0,Derekfurt,IA,Estonia,2.0,1,Bajo,1
49,Female,Bachelor's,Married,118993.0,709.0,40512.0,Home,Unemployed,18,Excellent,0.3711254753289983,193007.0,1.0,South Robertland,MD,Syrian Arab Republic,4.0,2,Alto,0
44,Female,Master's,Divorced,109294.0,628.0,31524.0,Auto,Self-employed,17,Excellent,0.584047316517484,128173.0,4.0,South Carrieborough,WI,Qatar,1.0,0,Medio,2
33,Female,Master's,Married,45412.0,681.0,25287.0,Personal,Self-employed,4,Poor,0.12919293183500932,132590.0,2.0,Jasonmouth,GA,Bermuda,4.0,1,Alto,0
65,Male,Master's,Divorced,92024.0,780.0,13451.0,Home,Unemployed,17,Fair,0.5444457675052202,70816.0,1.0,Jeffreyland,UT,Saint Martin,0.0,1,Bajo,1
25,Female,High School,Married,83226.0,626.0,7938.0,Home,Unemployed,3,Excellent,0.5065341512634941,151383.0,1.0,Jesseton,OH,Netherlands Antilles,3.0,1,Alto,0
67,Female,PhD,Widowed,109125.0,794.0,27698.0,Business,Employed,3,Fair,0.16206322497704242,90156.0,1.0,Port Zachary,VT,Ethiopia,4.0,2,Alto,0
55,Female,Master's,Married,65752.0,738.0,22517.0,Auto,Employed,6,Good,0.5764064046059761,44981.0,2.0,Lake Denisefurt,OH,Central African Republic,1.0,0,Bajo,1
35,Male,High School,Single,87224.0,767.0,13787.0,Personal,Employed,8,Poor,0.5707149692907296,196178.0,0.0,East Andres,WI,Tuvalu,2.0,1,Bajo,1
19,Male,High School,Widowed,82740.0,710.0,32004.0,Auto,Self-employed,16,Excellent,0.42653554605632593,236134.0,1.0,Mendozaville,MH,Chile,3.0,1,Alto,0
40,Female,Bachelor's,Married,30605.0,739.0,17180.0,Personal,Employed,0,Poor,0.27804485729822914,225526.0,0.0,South Shaunburgh,PR,Benin,2.0,1,Alto,0
59,Male,High School,Divorced,70701.0,740.0,5500.0,Personal,Unemployed,1,Good,0.45023129346414126,152355.0,2.0,New Jerry,VA,North Macedonia,2.0,2,Bajo,1
19,Non-binary,Bachelor's,Married,54723.0,685.0,21004.0,Auto,Self-employed,15,Fair,0.4310241272770816,228303.0,4.0,West Kimberlyfort,NY,Costa Rica,1.0,1,Bajo,1
61,Female,PhD,Single,30247.0,631.0,13190.0,Business,Self-employed,4,Good,0.3097504526798228,58272.0,3.0,West Georgeberg,TX,Jordan,0.0,1,Alto,0
45,Non-binary,PhD,Widowed,85563.0,649.0,12811.0,Business,Self-employed,1,Poor,0.5436026107617903,124873.0,1.0,West Carl,GA,Thailand,2.0,0,Medio,2
37,Non-binary,PhD,Married,51419.0,717.0,35612.0,Auto,Unemployed,19,Excellent,0.2991577957853784,39433.0,4.0,Blackstad,SC,United States of America,3.0,0,Alto,0
20,Male,Master's,Divorced,38996.0,656.0,38243.0,Home,Unemployed,11,Good,0.12864701014743643,49802.0,1.0,Lake Melanieport,PA,Bermuda,2.0,2,Alto,0
26,Non-binary,High School,Single,106805.0,782.0,11115.0,Business,Unemployed,10,Poor,0.15262170566645286,245546.0,4.0,Barnesview,MA,Palau,1.0,0,Bajo,1
37,Male,Bachelor's,Widowed,104326.0,609.0,41215.0,Business,Self-employed,14,Fair,0.49437458336176787,27903.0,3.0,Paulmouth,IL,French Polynesia,3.0,1,Alto,0
65,Female,Bachelor's,Single,49696.0,769.0,18990.0,Auto,Employed,19,Good,0.3758576394834038,69191.0,2.0,Brendantown,RI,Sudan,4.0,1,Alto,0
68,Male,PhD,Single,72443.0,638.0,49412.0,Personal,Unemployed,4,Fair,0.5388647281555803,107685.0,1.0,New David,VT,American Samoa,2.0,2,Medio,2
41,Female,Master's,Divorced,56230.0,627.0,22597.0,Personal,Unemployed,5,Good,0.46828271705976254,171542.0,1.0,Cochranland,CO,Eritrea,0.0,1,Medio,2
41,Female,Master's,Widowed,78204.0,633.0,11901.0,Personal,Employed,4,Excellent,0.45406110205593375,148810.0,3.0,Port Jason,MD,Kyrgyz Republic,3.0,1,Alto,0
40,Non-binary,Bachelor's,Single,67731.0,721.0,32073.0,Personal,Unemployed,16,Good,0.20593733113343096,177476.0,4.0,Lewismouth,FL,Venezuela,0.0,0,Bajo,1
54,Non-binary,PhD,Divorced,103533.0,668.0,31011.0,Personal,Unemployed,3,Excellent,0.38008064416005594,265493.0,4.0,Johnstonshire,NH,El Salvador,1.0,1,Medio,2
62,Male,Bachelor's,Divorced,114542.0,796.0,20094.0,Home,Employed,3,Fair,0.5580521784816675,129210.0,2.0,Whitebury,DC,Slovakia (Slovak Republic),1.0,0,Bajo,1
30,Male,Bachelor's,Single,29669.0,714.0,8527.0,Auto,Self-employed,0,Good,0.5267372671500308,255757.0,0.0,Erikstad,CT,Isle of Man,3.0,2,Alto,0
28,Male,Bachelor's,Divorced,82969.0,754.0,34094.0,Auto,Self-employed,8,Good,0.19076723353930355,187271.0,1.0,Codybury,PW,Trinidad and Tobago,1.0,1,Bajo,1
42,Male,High School,Single,23497.0,773.0,30838.0,Business,Employed,19,Good,0.5867903056927236,215305.0,1.0,West Devinfurt,PR,Senegal,3.0,2,Alto,0
44,Non-binary,PhD,Married,78070.0,714.0,26773.0,Auto,Unemployed,13,Poor,0.2666241650304596,240149.0,3.0,West Nicolechester,MD,Ireland,0.0,1,Bajo,1
50,Male,Master's,Single,91060.0,681.0,5710.0,Home,Employed,1,Good,0.3527462517039639,242415.0,4.0,East Nicholasmouth,AZ,Palestinian Territory,3.0,2,Alto,0
62,Male,PhD,Married,88843.0,603.0,13549.0,Business,Employed,11,Poor,0.21213714004770165,21568.0,1.0,Port Anthonyport,NY,Iraq,2.0,0,Medio,2
21,Male,Master's,Single,23878.0,723.0,26430.0,Personal,Employed,14,Poor,0.14494747350805773,277799.0,0.0,Port Timothy,OH,Tanzania,4.0,0,Alto,0
48,Female,PhD,Married,62967.0,659.0,5078.0,Home,Self-employed,0,Fair,0.34688901614641543,213905.0,0.0,Christinestad,RI,Northern Mariana Islands,1.0,1,Medio,2
46,Non-binary,Bachelor's,Widowed,53050.0,754.0,43270.0,Home,Employed,13,Fair,0.2206537799814877,296770.0,0.0,Jeremyton,WI,Montenegro,3.0,2,Alto,0
37,Male,High School,Divorced,61477.0,680.0,32472.0,Auto,Unemployed,9,Fair,0.2546459884210054,269984.0,3.0,Ramirezview,PW,Cape Verde,1.0,2,Bajo,1
52,Male,Master's,Married,63388.0,769.0,16218.0,Auto,Employed,10,Excellent,0.13681513632685519,23236.0,3.0,Amandatown,NE,Benin,2.0,2,Bajo,1
67,Female,High School,Widowed,33919.0,709.0,45702.0,Personal,Unemployed,8,Good,0.4126953150627155,156758.0,0.0,East Brianna,VI,Canada,2.0,2,Alto,0
18,Female,Bachelor's,Widowed,30133.0,779.0,47360.0,Personal,Employed,2,Excellent,0.2845510698624455,162588.0,4.0,Lake Joshua,ND,Cook Islands,3.0,2,Alto,0
20,Male,Master's,Divorced,83332.0,702.0,25333.0,Personal,Unemployed,5,Good,0.27779679083837117,130628.0,0.0,Hawkinston,ID,Argentina,1.0,1,Bajo,1
20,Male,Bachelor's,Married,52682.0,778.0,18971.0,Business,Employed,0,Poor,0.14482415243407834,205687.0,4.0,South Jose,IA,Rwanda,2.0,0,Bajo,1
57,Female,PhD,Married,70998.0,672.0,22871.0,Personal,Self-employed,1,Excellent,0.23525644014061978,195231.0,2.0,Stokesmouth,KS,Zambia,2.0,2,Medio,2
34,Non-binary,Bachelor's,Married,42505.0,742.0,41678.0,Auto,Employed,3,Fair,0.43688471058865896,130007.0,0.0,North Rachel,ND,Vanuatu,0.0,1,Bajo,1
42,Male,Master's,Married,104218.0,669.0,43548.0,Personal,Self-employed,9,Fair,0.589126106591862,281773.0,3.0,Saundersborough,NV,Belgium,0.0,0,Medio,2
27,Female,High School,Widowed,108061.0,725.0,41202.0,Personal,Self-employed,8,Good,0.48897431419879156,250497.0,0.0,Sanchezfort,MP,New Caledonia,3.0,2,Alto,0
36,Female,Master's,Divorced,35701.0,741.0,24596.0,Business,Employed,9,Poor,0.16870892342219765,93732.0,1.0,Millershire,MI,Mauritius,4.0,2,Alto,0
19,Non-binary,PhD,Single,70998.0,784.0,40894.0,Personal,Self-employed,5,Poor,0.22608143244531007,108836.0,4.0,Craneborough,WV,Northern Mariana Islands,1.0,1,Bajo,1
61,Non-binary,High School,Married,48247.0,745.0,32341.0,Auto,Unemployed,9,Poor,0.5958080360097091,154402.0,0.0,Port Danielberg,HI,Micronesia,1.0,2,Bajo,1
43,Non-binary,Master's,Single,77940.0,770.0,29333.0,Home,Self-employed,13,Good,0.2968642850601183,125554.0,1.0,Hayleyshire,HI,Tonga,0.0,1,Bajo,1
54,Male,High School,Single,39504.0,689.0,10062.0,Home,Employed,13,Good,0.5740878075412508,37110.0,4.0,South Reginachester,NV,Andorra,4.0,2,Alto,0
26,Male,Master's,Widowed,56656.0,660.0,39226.0,Personal,Employed,10,Excellent,0.5334263287585165,76762.0,1.0,New Sarah,PW,Syrian Arab Republic,2.0,0,Medio,2
28,Non-binary,Bachelor's,Married,96190.0,755.0,32809.0,Home,Employed,11,Good,0.16645967735516795,89583.0,1.0,Foleyburgh,VA,Congo,4.0,0,Alto,0
59,Non-binary,Master's,Single,108713.0,702.0,32577.0,Home,Self-employed,7,Good,0.5271009465366333,60231.0,2.0,Wolfmouth,ID,Costa Rica,4.0,0,Alto,0
40,Female,PhD,Married,60426.0,720.0,40340.0,Business,Employed,9,Excellent,0.20292818916119323,145774.0,0.0,Josephview,CO,Montenegro,3.0,2,Alto,0
35,Male,High School,Single,119027.0,715.0,26402.0,Auto,Unemployed,11,Excellent,0.5538038667077183,68789.0,1.0,Lake Mark,CA,Algeria,0.0,1,Bajo,1
28,Female,PhD,Single,77784.0,632.0,49247.0,Business,Self-employed,6,Fair,0.1721636457781042,38304.0,4.0,South Georgeview,KY,Svalbard & Jan Mayen Islands,0.0,0,Medio,2
23,Male,PhD,Widowed,44067.0,666.0,48945.0,Home,Unemployed,7,Excellent,0.3076629488139695,97306.0,1.0,Lake Jesse,MN,British Indian Ocean Territory (Chagos Archipelago),3.0,1,Alto,0
58,Male,High School,Single,59909.0,764.0,8497.0,Home,Self-employed,11,Excellent,0.15428319682724975,242875.0,0.0,Samanthastad,MI,Mexico,2.0,0,Bajo,1
56,Female,PhD,Single,82661.0,773.0,28057.0,Business,Unemployed,1,Good,0.41230747071131135,211913.0,0.0,South Reginafort,OH,Mauritania,4.0,1,Alto,0
43,Female,PhD,Single,54626.0,784.0,11867.0,Business,Unemployed,16,Good,0.5377643254664427,99497.0,4.0,Port Michelle,NE,Bermuda,0.0,2,Bajo,1
50,Male,Master's,Widowed,107812.0,683.0,36171.0,Business,Unemployed,6,Excellent,0.4397053062155638,259520.0,3.0,Christopherchester,MT,Lesotho,2.0,2,Bajo,1
60,Male,High School,Divorced,88019.0,613.0,29153.0,Auto,Unemployed,3,Good,0.1134333009591916,232055.0,0.0,Armstrongtown,WV,Ethiopia,4.0,2,Alto,0
62,Non-binary,Master's,Divorced,36217.0,755.0,6758.0,Business,Employed,6,Good,0.48023101925497524,206294.0,4.0,Cynthiafurt,WA,Niger,1.0,0,Alto,0
22,Male,Bachelor's,Single,63199.0,666.0,15827.0,Auto,Employed,2,Good,0.384004767364752,176311.0,0.0,Braunhaven,GA,Sierra Leone,1.0,0,Medio,2
61,Female,PhD,Single,102189.0,765.0,38418.0,Auto,Unemployed,17,Good,0.4717680382897729,183846.0,4.0,Michelleview,GA,Somalia,1.0,1,Bajo,1
55,Non-binary,Master's,Divorced,39727.0,710.0,29757.0,Personal,Employed,16,Good,0.5741233103526625,63439.0,1.0,New Craig,MI,Cocos (Keeling) Islands,4.0,0,Alto,0
60,Non-binary,PhD,Widowed,71457.0,753.0,30657.0,Auto,Unemployed,1,Poor,0.5140079431130561,68412.0,2.0,New Heather,MA,Saint Martin,4.0,1,Alto,0
61,Non-binary,High School,Single,102684.0,634.0,19182.0,Business,Employed,10,Excellent,0.4351034826534709,72540.0,0.0,North Jessicaside,VI,Algeria,2.0,0,Medio,2
19,Non-binary,Bachelor's,Divorced,46170.0,635.0,34394.0,Personal,Employed,11,Excellent,0.5425019964165423,110425.0,3.0,Williamport,IA,Estonia,0.0,0,Medio,2
23,Non-binary,High School,Divorced,50183.0,736.0,8893.0,Personal,Unemployed,1,Good,0.4921736976477471,59087.0,0.0,Cochranfort,CO,Italy,0.0,0,Bajo,1
63,Non-binary,PhD,Single,21135.0,732.0,49014.0,Business,Employed,19,Good,0.4954626095356579,177327.0,2.0,North Jessica,AL,Vanuatu,1.0,2,Alto,0
31,Non-binary,Master's,Single,61057.0,775.0,36454.0,Personal,Unemployed,10,Excellent,0.3089300880034641,58628.0,1.0,Lake Janice,TN,Sierra Leone,4.0,1,Alto,0
68,Non-binary,Bachelor's,Single,71986.0,670.0,36843.0,Personal,Self-employed,9,Good,0.44610911287862987,211943.0,0.0,Jodihaven,AS,Togo,0.0,0,Medio,2
32,Male,Master's,Divorced,48082.0,639.0,9937.0,Home,Unemployed,18,Excellent,0.343449067064859,297632.0,1.0,Lopezfurt,DC,Serbia,3.0,2,Alto,0
43,Male,High School,Married,117898.0,733.0,27737.0,Home,Self-employed,11,Excellent,0.34380872891673775,271268.0,3.0,Richardsland,ME,Saint Barthelemy,1.0,2,Bajo,1
54,Non-binary,High School,Divorced,28083.0,638.0,31626.0,Personal,Unemployed,12,Poor,0.261662771327688,240980.0,4.0,Port Kathleenhaven,AL,Qatar,4.0,1,Alto,0
66,Non-binary,PhD,Married,54592.0,776.0,22994.0,Home,Self-employed,12,Fair,0.5352854151860312,152199.0,0.0,Curryhaven,NM,Mauritius,4.0,1,Alto,0
20,Male,Bachelor's,Divorced,48281.0,755.0,9518.0,Auto,Employed,10,Fair,0.15854580671392057,59184.0,3.0,North Johnnybury,NY,Djibouti,0.0,1,Bajo,1
39,Female,Master's,Divorced,31251.0,625.0,19833.0,Business,Unemployed,19,Fair,0.4975022195092599,169675.0,1.0,Lake Elizabethfort,FL,Sudan,2.0,0,Alto,0
29,Female,High School,Single,61201.0,620.0,33652.0,Business,Employed,6,Poor,0.516994506771425,244228.0,4.0,Lindachester,CT,France,0.0,2,Medio,2
24,Female,PhD,Widowed,62631.0,610.0,15738.0,Business,Unemployed,0,Excellent,0.1675772203640831,240332.0,1.0,South Rebeccaville,TX,Saint Lucia,4.0,0,Alto,0
48,Non-binary,Master's,Married,71658.0,707.0,7839.0,Auto,Self-employed,9,Poor,0.2331829766285762,181511.0,1.0,Port Billy,TN,Andorra,2.0,0,Bajo,1
24,Male,High School,Single,112345.0,765.0,5715.0,Business,Employed,15,Poor,0.5832986461454137,291385.0,4.0,Keithbury,OR,Bahamas,1.0,0,Bajo,1
54,Female,PhD,Single,111903.0,632.0,23691.0,Auto,Employed,2,Good,0.47044690166811676,188922.0,2.0,Port Tammy,GA,San Marino,0.0,2,Medio,2
58,Female,PhD,Widowed,98027.0,779.0,11580.0,Home,Self-employed,4,Good,0.36362222446805714,113784.0,2.0,South Lisa,AZ,Papua New Guinea,1.0,0,Bajo,1
53,Male,Master's,Divorced,119655.0,772.0,20173.0,Auto,Self-employed,12,Excellent,0.2016959838685933,195572.0,4.0,Conwaymouth,NM,Singapore,0.0,2,Bajo,1
18,Non-binary,Master's,Divorced,69862.0,793.0,46612.0,Auto,Employed,1,Poor,0.5678119181113854,284107.0,3.0,South Bryanside,NH,Malta,0.0,0,Bajo,1
55,Non-binary,Bachelor's,Divorced,83308.0,613.0,48426.0,Personal,Self-employed,12,Fair,0.3874277446256831,126894.0,3.0,Steelehaven,IL,Brunei Darussalam,0.0,1,Medio,2
40,Non-binary,PhD,Single,33079.0,707.0,13770.0,Home,Unemployed,6,Fair,0.4875253101160951,223038.0,4.0,Kellymouth,IL,Botswana,4.0,0,Alto,0
68,Female,Bachelor's,Widowed,101171.0,746.0,33368.0,Home,Unemployed,0,Fair,0.3486051198525788,170018.0,2.0,West Glennburgh,VA,Japan,3.0,0,Alto,0
22,Female,Bachelor's,Divorced,37986.0,704.0,27029.0,Business,Self-employed,17,Poor,0.10436970912430302,166714.0,0.0,Lindaview,OK,Kenya,2.0,0,Alto,0
61,Male,High School,Divorced,66612.0,686.0,45583.0,Personal,Employed,7,Excellent,0.11125727980459602,32208.0,2.0,Tonyaton,AL,Niue,4.0,0,Alto,0
22,Non-binary,High School,Single,54296.0,688.0,18432.0,Personal,Employed,18,Good,0.13412881679990743,145527.0,1.0,Martinezmouth,IA,Poland,1.0,0,Bajo,1
23,Female,Master's,Widowed,89563.0,722.0,6331.0,Home,Employed,17,Good,0.14954057855754863,65227.0,0.0,Gloverstad,DE,Zambia,3.0,0,Alto,0
59,Female,Bachelor's,Widowed,118994.0,636.0,17254.0,Auto,Self-employed,13,Good,0.4632043082070394,120646.0,2.0,West Crystal,ID,Trinidad and Tobago,4.0,0,Alto,0
65,Female,PhD,Married,94289.0,746.0,41806.0,Business,Unemployed,9,Good,0.4884333284509057,110057.0,2.0,West Tylermouth,MD,Georgia,4.0,0,Alto,0
43,Male,Master's,Widowed,33706.0,700.0,21272.0,Auto,Unemployed,15,Good,0.4845840754494991,25596.0,4.0,Lake Janefort,OR,Belarus,2.0,1,Alto,0
62,Non-binary,Bachelor's,Divorced,43237.0,698.0,9165.0,Business,Employed,17,Excellent,0.1611319888319446,162761.0,1.0,Martinezhaven,NE,Guernsey,3.0,1,Alto,0
52,Non-binary,Bachelor's,Married,113885.0,758.0,45431.0,Home,Employed,2,Excellent,0.41827161454925743,65753.0,2.0,Jamesmouth,NY,Colombia,3.0,2,Alto,0
65,Male,High School,Widowed,63401.0,635.0,40030.0,Personal,Employed,4,Poor,0.48803985962213803,200753.0,2.0,Jamesview,SC,Grenada,2.0,2,Medio,2
57,Non-binary,High School,Widowed,108148.0,633.0,23508.0,Home,Unemployed,8,Fair,0.2026470155348857,259766.0,2.0,Samuelton,ME,Pakistan,0.0,1,Medio,2
64,Female,Bachelor's,Divorced,103967.0,668.0,8513.0,Business,Employed,1,Excellent,0.38608834750648935,139932.0,2.0,Lake Jamie,DC,United Arab Emirates,1.0,2,Medio,2
19,Male,High School,Divorced,24163.0,753.0,14362.0,Auto,Employed,19,Excellent,0.2993660418122389,116590.0,0.0,West Michelleville,CO,Latvia,4.0,1,Alto,0
23,Non-binary,Bachelor's,Divorced,44660.0,688.0,19474.0,Home,Unemployed,14,Excellent,0.12973342431094317,290916.0,2.0,Donaldsonfurt,MA,Tuvalu,4.0,0,Alto,0
57,Female,Master's,Single,92043.0,609.0,9274.0,Home,Unemployed,10,Good,0.13387432304974065,104422.0,3.0,Jonesfurt,DE,Uruguay,0.0,0,Medio,2
54,Male,Master's,Married,87381.0,617.0,12611.0,Personal,Employed,17,Poor,0.4704075209594488,241773.0,2.0,Fosterstad,MD,Sweden,0.0,2,Medio,2
43,Non-binary,PhD,Married,61132.0,700.0,5654.0,Home,Employed,18,Poor,0.3364429649084245,246098.0,0.0,Jasonland,NJ,Guyana,1.0,0,Bajo,1
21,Male,High School,Married,105381.0,631.0,49073.0,Home,Employed,3,Good,0.48304020539086356,294640.0,0.0,Perryport,ME,Cambodia,2.0,2,Medio,2
52,Male,PhD,Married,33065.0,634.0,48272.0,Home,Self-employed,13,Fair,0.3652781663892902,129573.0,2.0,Jeanhaven,MT,United States Minor Outlying Islands,1.0,1,Alto,0
55,Female,High School,Married,26800.0,731.0,46575.0,Home,Self-employed,17,Fair,0.2735359818077765,170870.0,4.0,North Ryan,TN,Iran,1.0,0,Alto,0
61,Non-binary,PhD,Widowed,21620.0,760.0,21882.0,Auto,Self-employed,7,Fair,0.2227332031637089,121171.0,4.0,Cassandrachester,WV,Djibouti,0.0,1,Alto,0
26,Male,High School,Married,39307.0,631.0,42994.0,Auto,Unemployed,19,Excellent,0.2391185898460195,143189.0,4.0,South Adam,DC,Portugal,2.0,2,Alto,0
48,Male,High School,Widowed,115001.0,652.0,25286.0,Personal,Unemployed,7,Excellent,0.3659665760544737,63368.0,1.0,Wardton,UT,China,2.0,0,Medio,2
66,Female,Bachelor's,Single,105641.0,768.0,35759.0,Auto,Employed,4,Poor,0.45721682806809816,290309.0,4.0,Port Paul,SD,Saint Helena,2.0,2,Bajo,1
18,Non-binary,Master's,Single,32501.0,789.0,28289.0,Personal,Unemployed,4,Poor,0.203914338278378,251867.0,2.0,Turnerchester,ID,Qatar,1.0,1,Alto,0
25,Non-binary,Bachelor's,Widowed,78639.0,707.0,13554.0,Personal,Employed,17,Excellent,0.17760679614099814,271003.0,1.0,Port Theresaville,PW,Nauru,3.0,1,Alto,0
31,Female,Bachelor's,Married,60821.0,600.0,6571.0,Auto,Self-employed,15,Good,0.3584753813127457,56937.0,1.0,Port Keith,VT,Sweden,0.0,0,Medio,2
36,Female,High School,Single,36108.0,654.0,47629.0,Personal,Employed,10,Excellent,0.5493945618061649,159077.0,2.0,South Gregory,MP,Albania,0.0,1,Alto,0
45,Non-binary,PhD,Divorced,97755.0,714.0,47459.0,Business,Unemployed,4,Good,0.19504667421032526,263004.0,1.0,Flemingbury,OK,Northern Mariana Islands,0.0,1,Bajo,1
58,Non-binary,Bachelor's,Divorced,72890.0,729.0,44683.0,Personal,Self-employed,15,Good,0.20513937037068067,43986.0,0.0,Munozmouth,AK,Mali,0.0,1,Bajo,1
57,Female,High School,Divorced,34987.0,677.0,7301.0,Personal,Employed,12,Poor,0.3934037471448524,160851.0,4.0,Navarroburgh,MH,Saint Vincent and the Grenadines,2.0,2,Alto,0
57,Male,PhD,Widowed,90030.0,690.0,43194.0,Business,Employed,12,Good,0.44459335620996976,124972.0,0.0,Priceview,TN,North Macedonia,0.0,0,Bajo,1
59,Non-binary,Bachelor's,Married,102168.0,790.0,13869.0,Home,Employed,0,Poor,0.5836777786637584,166313.0,3.0,East Nathanhaven,MT,Tokelau,1.0,0,Bajo,1
34,Male,Bachelor's,Divorced,117686.0,701.0,30563.0,Personal,Self-employed,17,Good,0.5852123339250735,66595.0,4.0,New Josephshire,IA,Turkey,1.0,1,Bajo,1
18,Female,High School,Single,108602.0,799.0,5332.0,Auto,Employed,11,Poor,0.18685568665373456,76312.0,3.0,East Maria,LA,Grenada,4.0,2,Alto,0
64,Non-binary,High School,Divorced,80044.0,706.0,8392.0,Auto,Self-employed,6,Poor,0.5065143393947066,187417.0,4.0,Paulashire,KS,British Virgin Islands,2.0,0,Bajo,1
35,Non-binary,PhD,Divorced,31377.0,690.0,26570.0,Home,Unemployed,16,Good,0.4026101261716598,111597.0,3.0,West Michael,MO,Rwanda,0.0,0,Alto,0
36,Female,Master's,Widowed,39750.0,649.0,12139.0,Auto,Employed,19,Fair,0.4057600547841318,106118.0,3.0,Erinton,SD,Belarus,2.0,2,Alto,0
46,Female,Bachelor's,Married,46671.0,791.0,12092.0,Auto,Employed,2,Fair,0.12089529845509037,105478.0,3.0,Susanmouth,VA,Mauritania,1.0,0,Bajo,1
53,Male,High School,Divorced,75210.0,629.0,46073.0,Auto,Self-employed,1,Poor,0.2527952203538544,150556.0,0.0,West Anthony,PW,Saint Martin,0.0,2,Medio,2
50,Female,Master's,Married,39623.0,782.0,9214.0,Home,Self-employed,3,Good,0.3389530878618092,193342.0,2.0,North Peterfurt,CO,Turkey,0.0,0,Alto,0
37,Non-binary,Bachelor's,Widowed,65221.0,763.0,44264.0,Home,Unemployed,9,Excellent,0.3019959256323915,196053.0,1.0,Lake Jonathan,KS,Anguilla,2.0,0,Bajo,1
48,Non-binary,Bachelor's,Widowed,109364.0,668.0,15281.0,Auto,Unemployed,16,Good,0.16734523549141703,296493.0,3.0,East Jason,RI,Mauritania,2.0,0,Medio,2
41,Female,PhD,Single,20185.0,670.0,37897.0,Business,Employed,8,Poor,0.33574727875770116,258954.0,1.0,Moraleschester,ID,Equatorial Guinea,4.0,0,Alto,0
45,Female,High School,Widowed,28469.0,635.0,27982.0,Home,Unemployed,1,Good,0.57687193881662,168066.0,2.0,Lake Kelseymouth,PR,Ukraine,3.0,0,Alto,0
43,Male,Bachelor's,Widowed,30002.0,614.0,36736.0,Home,Self-employed,16,Poor,0.43194052983192033,146180.0,3.0,Lake Jillport,FM,Isle of Man,1.0,0,Alto,0
57,Female,Master's,Single,39121.0,641.0,40720.0,Auto,Unemployed,9,Fair,0.5550543189752534,142231.0,2.0,Port Sarahshire,AK,Western Sahara,3.0,0,Alto,0
33,Female,High School,Widowed,29033.0,648.0,42112.0,Personal,Self-employed,1,Excellent,0.30876625573891625,88385.0,1.0,Dawntown,AK,Serbia,2.0,2,Alto,0
67,Male,Master's,Married,70806.0,600.0,22018.0,Business,Self-employed,9,Good,0.4782779351363783,78437.0,2.0,Paynebury,MP,Vanuatu,3.0,0,Alto,0
35,Non-binary,High School,Widowed,80098.0,692.0,24119.0,Auto,Self-employed,16,Good,0.39801962996757456,274489.0,0.0,Andrewborough,SC,Spain,2.0,1,Bajo,1
35,Male,Master's,Widowed,73812.0,735.0,6562.0,Home,Employed,0,Good,0.4792556247494245,153107.0,3.0,Lake Jermaineville,RI,United States Virgin Islands,2.0,0,Bajo,1
55,Male,Master's,Divorced,56380.0,758.0,40216.0,Personal,Self-employed,6,Excellent,0.14967322571017985,179718.0,1.0,Riddleville,NM,Mexico,0.0,2,Bajo,1
54,Male,High School,Divorced,117417.0,690.0,31631.0,Personal,Employed,8,Excellent,0.10874894773379493,115543.0,4.0,Lake Helenshire,FM,Anguilla,0.0,2,Bajo,1
52,Male,High School,Married,77872.0,761.0,23358.0,Business,Unemployed,19,Poor,0.19809914530531333,151650.0,4.0,Calderonberg,MS,Saint Kitts and Nevis,4.0,1,Alto,0
45,Non-binary,PhD,Married,36127.0,701.0,40624.0,Home,Employed,3,Excellent,0.40864569154194497,32098.0,3.0,Port Jerome,MS,Andorra,4.0,2,Alto,0
28,Female,Master's,Married,55985.0,683.0,43661.0,Personal,Employed,13,Fair,0.4353832827420133,247277.0,2.0,Kathleenmouth,WY,New Zealand,4.0,2,Alto,0
28,Female,High School,Married,118979.0,777.0,38566.0,Home,Self-employed,2,Good,0.4084895798330197,75226.0,3.0,Jamesside,TX,Liberia,0.0,1,Bajo,1
18,Female,PhD,Widowed,104600.0,612.0,45506.0,Personal,Self-employed,2,Poor,0.3173024981392376,232364.0,4.0,Burnettmouth,FL,Congo,0.0,1,Medio,2
27,Male,PhD,Married,100880.0,704.0,16656.0,Auto,Unemployed,13,Good,0.15013634670776613,121449.0,0.0,South Jonathanhaven,DE,Micronesia,3.0,1,Alto,0
31,Female,Master's,Married,84796.0,670.0,42344.0,Home,Unemployed,3,Good,0.4859493041931401,173406.0,3.0,Villegasmouth,MP,Saint Helena,1.0,0,Medio,2
45,Female,Bachelor's,Divorced,30935.0,668.0,29987.0,Auto,Self-employed,0,Good,0.4372448195998523,148136.0,3.0,Amberside,SC,Yemen,2.0,2,Alto,0
41,Non-binary,PhD,Single,106348.0,611.0,16284.0,Home,Employed,12,Good,0.2828966175484545,281924.0,0.0,Brownborough,SC,Kiribati,1.0,1,Medio,2
60,Male,Bachelor's,Married,48805.0,737.0,13853.0,Business,Employed,6,Poor,0.27888465574823273,149468.0,0.0,West Michaelberg,AK,New Zealand,1.0,2,Bajo,1
32,Male,Bachelor's,Single,86473.0,758.0,22117.0,Auto,Unemployed,11,Good,0.19107644618979883,222848.0,4.0,West Catherineport,KS,Trinidad and Tobago,3.0,1,Alto,0
44,Non-binary,PhD,Widowed,98347.0,624.0,41759.0,Auto,Employed,13,Poor,0.15373624369155506,124813.0,4.0,Elizabethmouth,SC,Ecuador,0.0,1,Medio,2
53,Male,High School,Single,90345.0,779.0,23181.0,Home,Self-employed,12,Fair,0.22479232380063777,273425.0,0.0,Morgantown,SC,Gabon,1.0,1,Bajo,1
64,Non-binary,Master's,Divorced,70325.0,762.0,48903.0,Business,Self-employed,18,Fair,0.13964858471638217,69319.0,4.0,West Deborah,MP,Christmas Island,0.0,1,Bajo,1
29,Female,High School,Single,31955.0,684.0,43989.0,Business,Unemployed,12,Poor,0.3398461844373951,93732.0,4.0,East Taylor,AZ,Cape Verde,2.0,2,Alto,0
49,Male,PhD,Single,41865.0,752.0,38445.0,Auto,Unemployed,19,Good,0.4679410241170331,23278.0,0.0,Lisaside,KS,Belgium,3.0,0,Alto,0
39,Male,Bachelor's,Single,114182.0,788.0,29990.0,Business,Self-employed,8,Excellent,0.41174122017391146,109842.0,4.0,Davisfort,AS,Andorra,4.0,0,Alto,0
35,Non-binary,Bachelor's,Divorced,101454.0,762.0,16768.0,Personal,Unemployed,0,Poor,0.16179891519846076,59293.0,2.0,North Richard,VI,Azerbaijan,3.0,2,Alto,0
38,Female,PhD,Single,84736.0,750.0,40252.0,Business,Employed,0,Excellent,0.2967281308483902,106637.0,0.0,Sarahhaven,FL,Ghana,2.0,0,Bajo,1
43,Male,Master's,Single,78209.0,756.0,38755.0,Home,Unemployed,13,Fair,0.13858575880582794,194063.0,3.0,Ashleychester,OK,Bhutan,1.0,1,Bajo,1
38,Male,High School,Single,112064.0,688.0,10974.0,Home,Self-employed,15,Fair,0.337285965985779,81989.0,4.0,Francishaven,NJ,Cape Verde,0.0,2,Bajo,1
31,Male,High School,Widowed,82103.0,689.0,35465.0,Auto,Self-employed,16,Fair,0.5910137060280917,297612.0,1.0,Mcguirestad,MS,Wallis and Futuna,1.0,2,Bajo,1
41,Female,High School,Married,52788.0,793.0,40354.0,Business,Employed,2,Poor,0.2697879184621511,160676.0,1.0,South Meganfort,WY,Haiti,3.0,2,Alto,0
65,Non-binary,High School,Single,106934.0,663.0,6604.0,Business,Unemployed,15,Poor,0.3034822043208366,179799.0,4.0,North Steven,NJ,Hong Kong,0.0,2,Medio,2
34,Male,PhD,Single,109666.0,669.0,39599.0,Business,Unemployed,3,Poor,0.5045444751298456,204446.0,0.0,Veronicamouth,AS,Norway,1.0,0,Medio,2
50,Male,PhD,Widowed,26677.0,751.0,14708.0,Business,Employed,7,Good,0.568656344699205,43175.0,2.0,South Michaelbury,SD,Namibia,2.0,1,Alto,0
33,Non-binary,PhD,Married,77993.0,674.0,41634.0,Business,Employed,16,Poor,0.18448608881566272,297870.0,3.0,Port Hannah,CT,Mayotte,2.0,0,Medio,2
69,Male,PhD,Married,114440.0,793.0,7385.0,Home,Unemployed,4,Poor,0.260296597648523,123055.0,4.0,Joshualand,NV,Mauritania,2.0,1,Bajo,1
40,Male,Bachelor's,Widowed,23487.0,679.0,37928.0,Business,Employed,16,Good,0.5485185313617404,287466.0,1.0,Lake Angelashire,IA,South Africa,0.0,2,Alto,0
57,Male,Bachelor's,Married,96202.0,614.0,35214.0,Business,Self-employed,2,Excellent,0.10510251257443295,83968.0,0.0,North Elizabethport,MT,Oman,0.0,2,Medio,2
58,Female,High School,Widowed,69681.0,678.0,38486.0,Auto,Employed,5,Poor,0.3205399682960123,263478.0,1.0,Langfort,OR,Grenada,3.0,1,Alto,0
43,Female,High School,Single,61798.0,653.0,16048.0,Auto,Employed,5,Fair,0.4179497388791301,30769.0,1.0,Port Danielle,PR,Singapore,0.0,2,Medio,2
43,Male,Bachelor's,Married,115341.0,667.0,43640.0,Business,Employed,4,Good,0.556176885430204,98873.0,0.0,Lake Caitlin,MO,South Africa,3.0,1,Alto,0
38,Male,PhD,Widowed,84877.0,794.0,42741.0,Business,Employed,2,Good,0.17454884026168452,145375.0,0.0,South Dana,NM,Netherlands Antilles,1.0,1,Bajo,1
44,Male,Master's,Married,91129.0,733.0,28923.0,Business,Self-employed,14,Poor,0.35939403173683704,167719.0,0.0,Krausestad,MO,Somalia,1.0,0,Bajo,1
33,Female,PhD,Single,23260.0,675.0,32826.0,Home,Unemployed,15,Fair,0.5205638040526717,157830.0,2.0,Angelashire,KY,Montenegro,3.0,1,Alto,0
68,Non-binary,PhD,Single,96028.0,628.0,33670.0,Auto,Employed,14,Excellent,0.2617332380419336,226070.0,4.0,Amandashire,MO,Nigeria,0.0,1,Medio,2
66,Male,Master's,Married,106181.0,791.0,41748.0,Personal,Self-employed,1,Good,0.12632797100905743,125555.0,0.0,Ericmouth,LA,Serbia,3.0,1,Alto,0
29,Male,Bachelor's,Widowed,44325.0,759.0,8667.0,Personal,Employed,17,Fair,0.18065495688661506,116520.0,4.0,Marieview,CO,Svalbard & Jan Mayen Islands,0.0,0,Bajo,1
50,Non-binary,Bachelor's,Widowed,38243.0,768.0,6526.0,Home,Employed,11,Excellent,0.40103825531878334,71650.0,3.0,Garciachester,MS,Samoa,1.0,2,Alto,0
43,Male,High School,Single,50331.0,743.0,19996.0,Home,Unemployed,5,Fair,0.44792292914580767,125622.0,1.0,Beckview,IL,El Salvador,2.0,0,Bajo,1
53,Male,Master's,Widowed,109622.0,644.0,19008.0,Business,Unemployed,13,Good,0.3484307626867048,113344.0,2.0,New Scottburgh,KY,Dominica,4.0,1,Alto,0
26,Non-binary,High School,Single,46597.0,620.0,42293.0,Personal,Self-employed,7,Good,0.35473042619245954,137565.0,1.0,Thompsonborough,VA,Dominican Republic,2.0,0,Medio,2
67,Non-binary,PhD,Widowed,117739.0,732.0,36335.0,Personal,Self-employed,18,Poor,0.5314140550042553,203932.0,4.0,West Brent,NE,Netherlands Antilles,2.0,0,Bajo,1
60,Female,Master's,Divorced,72483.0,774.0,39729.0,Personal,Unemployed,5,Excellent,0.12915549854780098,203978.0,2.0,East Michelleland,DC,Russian Federation,4.0,1,Alto,0
67,Male,Bachelor's,Single,107340.0,722.0,17072.0,Business,Self-employed,18,Excellent,0.5238082448544912,44099.0,2.0,Dorothyshire,KS,Senegal,4.0,1,Alto,0
19,Female,Master's,Single,110502.0,655.0,39218.0,Auto,Self-employed,1,Good,0.4402303367523026,285565.0,3.0,Phillipsville,AL,Montserrat,4.0,0,Alto,0
20,Female,High School,Widowed,37458.0,623.0,20297.0,Auto,Employed,14,Good,0.5155305014977349,265360.0,4.0,Cookeview,ID,Cocos (Keeling) Islands,3.0,1,Alto,0
36,Female,Bachelor's,Divorced,79507.0,739.0,39825.0,Home,Unemployed,8,Fair,0.2666754603457818,114379.0,1.0,Baileyburgh,NY,Western Sahara,3.0,2,Alto,0
41,Female,PhD,Widowed,78973.0,711.0,13293.0,Auto,Self-employed,10,Good,0.31221932401791475,168134.0,0.0,West Josehaven,MA,Sri Lanka,4.0,2,Alto,0
66,Male,High School,Single,41292.0,627.0,38343.0,Home,Self-employed,8,Fair,0.5195350869325773,224860.0,4.0,Edwardshaven,KY,Guatemala,0.0,1,Medio,2
60,Female,High School,Widowed,101259.0,635.0,5594.0,Personal,Self-employed,9,Excellent,0.1580529545384898,262368.0,3.0,Susanchester,PA,Angola,1.0,2,Medio,2
60,Non-binary,High School,Divorced,78017.0,689.0,5201.0,Business,Employed,16,Poor,0.29591149758648316,295670.0,2.0,Masseyshire,PW,Switzerland,1.0,1,Bajo,1
38,Non-binary,Master's,Widowed,104458.0,688.0,17609.0,Business,Self-employed,18,Fair,0.23925453280317258,245863.0,1.0,Jenniferstad,IA,Niger,4.0,2,Alto,0
37,Male,Bachelor's,Widowed,63352.0,655.0,24531.0,Business,Unemployed,13,Poor,0.11771584205414712,141533.0,1.0,West Christopherland,GU,Ecuador,3.0,1,Alto,0
49,Non-binary,Bachelor's,Single,112995.0,617.0,8923.0,Auto,Unemployed,14,Good,0.4049576856026591,277622.0,0.0,Phillipsburgh,NY,Gambia,0.0,0,Medio,2
29,Non-binary,High School,Married,62213.0,719.0,16036.0,Personal,Self-employed,18,Fair,0.10498026574204042,173093.0,4.0,New Marioberg,FM,Uzbekistan,0.0,1,Bajo,1
40,Non-binary,PhD,Married,45525.0,666.0,45392.0,Personal,Self-employed,8,Fair,0.23371841445228578,197435.0,2.0,Johnbury,OR,Vanuatu,0.0,2,Medio,2
62,Male,PhD,Divorced,108568.0,798.0,15051.0,Home,Employed,4,Poor,0.18780021606086825,124685.0,2.0,Faithborough,WI,Spain,0.0,2,Bajo,1
37,Male,PhD,Divorced,110859.0,736.0,6063.0,Business,Employed,4,Good,0.5077297646539874,264447.0,2.0,New Katelynview,ME,South Africa,0.0,1,Bajo,1
52,Male,PhD,Married,64852.0,602.0,43555.0,Personal,Self-employed,17,Excellent,0.36189679634091443,137653.0,0.0,Lauraton,NC,Australia,3.0,0,Alto,0
62,Non-binary,High School,Single,90921.0,696.0,10535.0,Home,Unemployed,5,Poor,0.13142550550817914,38709.0,4.0,Barbaraberg,IA,Mozambique,1.0,0,Bajo,1
19,Female,Master's,Widowed,48780.0,786.0,7825.0,Auto,Self-employed,17,Excellent,0.5358921421246667,41669.0,4.0,West Sara,PW,Madagascar,4.0,0,Alto,0
51,Female,PhD,Divorced,103336.0,748.0,38637.0,Auto,Employed,11,Excellent,0.1420296189705149,130335.0,1.0,Mitchellmouth,MD,Timor-Leste,0.0,0,Bajo,1
59,Female,PhD,Divorced,113913.0,639.0,15709.0,Business,Unemployed,11,Poor,0.439634221233704,275907.0,4.0,Douglasmouth,AZ,Antarctica (the territory South of 60 deg S),3.0,1,Alto,0
66,Non-binary,High School,Single,21642.0,673.0,48939.0,Auto,Self-employed,11,Fair,0.19300362998303652,196205.0,4.0,North Kristiside,CT,France,1.0,2,Alto,0
25,Non-binary,PhD,Widowed,93588.0,650.0,15620.0,Personal,Employed,7,Fair,0.3895587322442007,45571.0,2.0,Dawnfurt,IL,Reunion,0.0,1,Medio,2
42,Male,Master's,Divorced,43500.0,648.0,5129.0,Auto,Self-employed,3,Excellent,0.1517401422715939,260707.0,0.0,Stanleyshire,WV,United Arab Emirates,2.0,1,Medio,2
21,Male,PhD,Single,97366.0,728.0,22118.0,Auto,Self-employed,2,Excellent,0.5293742459142254,117000.0,1.0,Heatherchester,MT,Guadeloupe,1.0,1,Bajo,1
44,Non-binary,Bachelor's,Widowed,44450.0,724.0,7177.0,Personal,Employed,18,Good,0.35838437552666225,237624.0,4.0,Lake Timothyland,PW,Azerbaijan,1.0,0,Bajo,1
55,Male,Master's,Widowed,61423.0,739.0,21659.0,Business,Unemployed,1,Fair,0.2661540059730718,130013.0,3.0,Greenstad,AS,Guinea,1.0,0,Bajo,1
63,Female,Master's,Widowed,49511.0,685.0,23149.0,Auto,Employed,12,Good,0.40681652600186746,281074.0,1.0,Deniseshire,NJ,Grenada,1.0,0,Bajo,1
43,Non-binary,PhD,Widowed,33587.0,731.0,23707.0,Home,Employed,3,Poor,0.36876239633399244,235831.0,2.0,Larsontown,VT,El Salvador,1.0,0,Alto,0
36,Non-binary,Bachelor's,Widowed,70050.0,684.0,16260.0,Personal,Unemployed,17,Poor,0.24910772132543832,280121.0,0.0,Marcofort,HI,Niger,2.0,1,Bajo,1
58,Non-binary,Bachelor's,Single,25461.0,768.0,24419.0,Auto,Self-employed,4,Good,0.5878459732393317,167155.0,1.0,Choiberg,WI,Namibia,3.0,0,Alto,0
28,Non-binary,PhD,Single,72025.0,746.0,37953.0,Personal,Unemployed,5,Good,0.599290137899729,124742.0,2.0,Henryfurt,NE,Panama,4.0,1,Alto,0
19,Male,High School,Single,103298.0,756.0,28584.0,Personal,Employed,17,Fair,0.25836224790572426,72929.0,0.0,Bakerburgh,MA,Egypt,2.0,1,Bajo,1
63,Non-binary,Bachelor's,Widowed,114200.0,606.0,29329.0,Personal,Unemployed,16,Excellent,0.3578386040466799,146348.0,4.0,Timothyborough,GU,Cameroon,4.0,2,Alto,0
46,Female,High School,Single,67404.0,783.0,26008.0,Personal,Employed,8,Fair,0.30348642627593647,171597.0,3.0,Lindaville,IN,Georgia,2.0,1,Bajo,1
21,Male,PhD,Married,35362.0,755.0,11546.0,Auto,Self-employed,17,Poor,0.4087175778356409,175675.0,0.0,Kevinbury,GA,Bouvet Island (Bouvetoya),2.0,2,Alto,0
49,Female,High School,Married,118279.0,685.0,44812.0,Home,Self-employed,11,Fair,0.3389186482321075,193205.0,0.0,Port Tina,MI,Nauru,2.0,2,Bajo,1
54,Male,Master's,Divorced,104559.0,737.0,11703.0,Personal,Employed,12,Good,0.3375318869600509,276912.0,2.0,Perryhaven,SC,Colombia,1.0,0,Bajo,1
22,Non-binary,High School,Divorced,66384.0,714.0,34477.0,Auto,Unemployed,2,Excellent,0.5449290071858519,139286.0,3.0,East Heidi,CA,Estonia,1.0,1,Bajo,1
24,Female,PhD,Divorced,81134.0,675.0,35068.0,Home,Self-employed,14,Good,0.2221417467010148,190284.0,1.0,New Daniel,SC,Pakistan,4.0,1,Alto,0
34,Male,PhD,Single,69546.0,701.0,35235.0,Business,Employed,11,Poor,0.48715098840936155,170083.0,1.0,Michelleton,MS,Netherlands,1.0,1,Bajo,1
69,Female,Master's,Married,31171.0,650.0,47262.0,Auto,Self-employed,12,Excellent,0.48909363929341676,228830.0,1.0,Krauseburgh,OH,Kuwait,1.0,2,Alto,0
25,Female,Bachelor's,Married,71030.0,704.0,38907.0,Business,Self-employed,16,Poor,0.4042502334282194,290515.0,1.0,Rosschester,MS,Belize,2.0,2,Bajo,1
55,Female,Master's,Single,69545.0,621.0,17473.0,Home,Employed,1,Good,0.5860807423549764,66718.0,2.0,New Dawn,OR,Sierra Leone,2.0,2,Medio,2
57,Male,Master's,Divorced,78916.0,604.0,9993.0,Business,Unemployed,18,Excellent,0.5510685907148228,225108.0,1.0,Phamview,NH,Slovakia (Slovak Republic),2.0,2,Medio,2
51,Male,Bachelor's,Single,47075.0,742.0,21389.0,Auto,Self-employed,2,Fair,0.38657146695796496,21736.0,2.0,Parkfort,TX,Western Sahara,2.0,2,Bajo,1
34,Female,Bachelor's,Widowed,77888.0,676.0,20200.0,Personal,Unemployed,0,Good,0.5028601945585488,152883.0,0.0,East Chelsea,MA,Djibouti,4.0,2,Alto,0
57,Male,High School,Married,55843.0,744.0,36259.0,Home,Unemployed,1,Poor,0.5548359064710344,41227.0,1.0,Deborahville,UT,Yemen,1.0,0,Bajo,1
61,Female,PhD,Widowed,87703.0,607.0,24188.0,Business,Self-employed,7,Excellent,0.36522956618879243,202499.0,2.0,Sandovalview,CT,Grenada,3.0,0,Alto,0
26,Non-binary,Bachelor's,Widowed,110185.0,789.0,6871.0,Auto,Employed,7,Poor,0.5286622754848143,152964.0,1.0,Gordonmouth,DC,Kiribati,4.0,2,Alto,0
30,Non-binary,High School,Married,39309.0,752.0,24916.0,Home,Unemployed,17,Fair,0.2750571910974339,209791.0,0.0,Mcfarlandton,IN,Algeria,2.0,0,Alto,0
43,Male,Bachelor's,Widowed,53241.0,745.0,41564.0,Home,Self-employed,5,Fair,0.28296523288251807,141762.0,2.0,Adamsmouth,VI,Argentina,1.0,2,Bajo,1
66,Male,PhD,Married,81274.0,638.0,33375.0,Personal,Unemployed,13,Poor,0.43131424742489843,173738.0,2.0,New Stacy,MA,South Africa,1.0,2,Medio,2
40,Female,Bachelor's,Divorced,50340.0,604.0,40196.0,Business,Employed,8,Good,0.12012514054416487,288367.0,0.0,Port Stevenburgh,OK,Cayman Islands,1.0,2,Medio,2
54,Female,PhD,Widowed,118598.0,719.0,38460.0,Business,Employed,16,Fair,0.5019886189107261,216857.0,3.0,West Angelhaven,MA,Bangladesh,2.0,0,Bajo,1
47,Female,Master's,Divorced,78735.0,769.0,46961.0,Business,Self-employed,5,Good,0.5012443732665692,255263.0,0.0,Angelicafurt,TN,Colombia,1.0,0,Bajo,1
64,Male,High School,Widowed,119500.0,725.0,47174.0,Business,Self-employed,19,Excellent,0.5533570544762229,235087.0,2.0,Jamesfort,LA,Uganda,4.0,0,Alto,0
29,Non-binary,High School,Single,66580.0,614.0,7325.0,Home,Unemployed,11,Fair,0.16306733049523423,48605.0,3.0,Butlerberg,MO,Costa Rica,2.0,0,Medio,2
57,Female,High School,Divorced,30935.0,656.0,28484.0,Auto,Employed,9,Excellent,0.3880771481603025,240299.0,2.0,South Daniel,WY,Mayotte,2.0,2,Alto,0
28,Non-binary,High School,Widowed,92323.0,776.0,41615.0,Personal,Employed,12,Good,0.5778960527058509,221392.0,2.0,Bautistaport,ID,Lao People's Democratic Republic,2.0,1,Bajo,1
56,Female,PhD,Married,42066.0,654.0,9110.0,Home,Self-employed,17,Poor,0.1636520235250831,167220.0,4.0,West Colin,UT,French Polynesia,4.0,0,Alto,0
30,Male,Master's,Married,102246.0,646.0,22428.0,Auto,Self-employed,9,Good,0.28351268668047347,203817.0,4.0,Port Johnbury,GU,Belize,3.0,1,Alto,0
56,Female,PhD,Single,32467.0,722.0,18656.0,Home,Employed,2,Fair,0.5315321865975973,126294.0,3.0,Port Jonathanmouth,AS,Bosnia and Herzegovina,2.0,1,Alto,0
64,Non-binary,Bachelor's,Single,89086.0,794.0,7698.0,Home,Self-employed,8,Fair,0.34220206117161034,33371.0,0.0,North Brian,PW,Antigua and Barbuda,0.0,0,Bajo,1
36,Female,PhD,Widowed,51989.0,701.0,40864.0,Business,Unemployed,9,Poor,0.17271963117621678,53090.0,2.0,Vanessaview,MT,Luxembourg,2.0,1,Bajo,1
64,Female,Master's,Married,112407.0,684.0,20503.0,Auto,Employed,17,Good,0.22139681482118292,221056.0,2.0,Mooreborough,SC,Thailand,1.0,1,Bajo,1
53,Non-binary,Bachelor's,Single,59536.0,745.0,19166.0,Home,Unemployed,19,Poor,0.11247786937475204,237895.0,1.0,South Codyland,MP,Tajikistan,4.0,0,Alto,0
61,Non-binary,High School,Divorced,33860.0,630.0,20505.0,Business,Self-employed,2,Fair,0.10868545103685032,164817.0,0.0,Jocelynborough,NY,Cameroon,0.0,2,Alto,0
18,Non-binary,Master's,Married,39965.0,612.0,32359.0,Personal,Self-employed,11,Poor,0.33838395670669064,163469.0,1.0,Emmaburgh,PA,Guam,2.0,2,Alto,0
24,Male,High School,Widowed,75598.0,630.0,7519.0,Home,Unemployed,6,Poor,0.5063122377687502,244860.0,2.0,East Geraldfurt,MP,Rwanda,1.0,0,Medio,2
18,Female,Bachelor's,Widowed,91819.0,653.0,46360.0,Home,Self-employed,11,Excellent,0.5055140566529606,155063.0,3.0,Mitchellborough,CO,Cuba,1.0,0,Medio,2
18,Female,Bachelor's,Widowed,83436.0,688.0,36568.0,Business,Employed,13,Fair,0.18027198318130208,153571.0,2.0,Marisaview,VT,North Macedonia,3.0,2,Alto,0
43,Male,Bachelor's,Widowed,54256.0,786.0,11162.0,Home,Employed,17,Poor,0.5281833334688085,113184.0,2.0,Hernandezville,MA,Saint Barthelemy,0.0,0,Bajo,1
67,Female,High School,Married,95207.0,649.0,13705.0,Auto,Self-employed,17,Excellent,0.3226342590159552,29689.0,1.0,East Jonathan,AR,Cameroon,4.0,2,Alto,0
18,Female,High School,Single,103391.0,655.0,16659.0,Home,Unemployed,16,Poor,0.2920199293668555,219512.0,0.0,Craigville,PW,Rwanda,3.0,1,Alto,0
44,Male,High School,Single,44668.0,707.0,12930.0,Home,Unemployed,13,Fair,0.571458555762718,267676.0,2.0,South Jane,NE,Paraguay,0.0,1,Bajo,1
38,Non-binary,PhD,Widowed,92179.0,615.0,22546.0,Home,Unemployed,0,Poor,0.366882178231136,216296.0,2.0,New Calebhaven,TN,Croatia,4.0,2,Alto,0
38,Male,High School,Married,59305.0,797.0,35495.0,Auto,Self-employed,6,Poor,0.42078437123985,124669.0,2.0,Micheleville,DE,Jamaica,1.0,1,Bajo,1
21,Female,Master's,Single,115148.0,769.0,40868.0,Personal,Unemployed,10,Fair,0.4418569843379264,124984.0,4.0,Villarrealville,NV,Suriname,1.0,1,Bajo,1
30,Female,High School,Divorced,39928.0,699.0,16936.0,Auto,Unemployed,2,Fair,0.31227936294193015,281975.0,1.0,Stewartland,TX,Marshall Islands,4.0,1,Alto,0
68,Female,Master's,Single,52121.0,789.0,44980.0,Auto,Employed,6,Poor,0.18813097904140522,244624.0,2.0,Butlerborough,TX,France,2.0,1,Bajo,1
21,Female,Master's,Widowed,54227.0,682.0,23780.0,Personal,Employed,3,Poor,0.18290241502241875,203745.0,2.0,Devinstad,NY,Uganda,2.0,2,Bajo,1
61,Male,PhD,Married,109147.0,721.0,30156.0,Personal,Self-employed,14,Poor,0.37572862395069295,164222.0,1.0,Ramirezland,AK,French Guiana,4.0,2,Alto,0
52,Female,Bachelor's,Single,74086.0,771.0,8557.0,Business,Self-employed,3,Fair,0.2626337292943074,239275.0,0.0,Simpsonfort,WI,Croatia,0.0,0,Bajo,1
48,Male,Master's,Widowed,53701.0,647.0,26997.0,Personal,Self-employed,4,Excellent,0.13626222376199112,299014.0,1.0,Carolburgh,VI,Slovenia,2.0,1,Medio,2
42,Male,High School,Divorced,69573.0,604.0,36281.0,Business,Unemployed,12,Poor,0.5338551857880388,220136.0,0.0,Lake Taylormouth,KY,Paraguay,4.0,1,Alto,0
21,Female,High School,Divorced,99149.0,673.0,18384.0,Auto,Unemployed,0,Fair,0.18857747781847864,146941.0,0.0,Martintown,WI,Western Sahara,2.0,2,Medio,2
63,Male,Master's,Single,106649.0,645.0,29395.0,Auto,Self-employed,6,Poor,0.26626065159312995,152983.0,1.0,Kevinmouth,NC,Niue,4.0,0,Alto,0
59,Male,PhD,Divorced,93185.0,673.0,21212.0,Business,Unemployed,18,Fair,0.22402315175132873,136026.0,1.0,South Wendystad,VI,Norfolk Island,3.0,0,Alto,0
30,Male,High School,Divorced,107630.0,657.0,27776.0,Personal,Self-employed,18,Poor,0.5158919600569198,143800.0,4.0,Lake Martin,UT,Jordan,1.0,1,Medio,2
39,Non-binary,Bachelor's,Widowed,92776.0,770.0,24945.0,Auto,Employed,11,Fair,0.3001496973929464,292413.0,1.0,Lake Meghanberg,WY,French Guiana,2.0,2,Bajo,1
24,Non-binary,Bachelor's,Married,104046.0,644.0,41595.0,Business,Self-employed,6,Fair,0.41218452858018106,241007.0,0.0,New Hollyview,TX,Ukraine,4.0,2,Alto,0
45,Female,PhD,Single,83220.0,660.0,12973.0,Home,Self-employed,12,Good,0.12067859611692391,204886.0,3.0,Port Philipmouth,MI,Djibouti,2.0,0,Medio,2
37,Female,Master's,Widowed,63341.0,643.0,33999.0,Business,Self-employed,17,Fair,0.2624901593984458,71710.0,3.0,Jonesstad,VI,Uganda,1.0,2,Medio,2
58,Female,High School,Divorced,103094.0,691.0,12028.0,Personal,Employed,6,Fair,0.5497795085441882,207924.0,3.0,West Cindyfort,IL,Georgia,1.0,0,Bajo,1
52,Female,Master's,Married,30372.0,643.0,28451.0,Home,Self-employed,4,Excellent,0.41501168663025956,189136.0,3.0,Lake Denise,WY,Aruba,3.0,0,Alto,0
67,Female,High School,Divorced,95998.0,748.0,47430.0,Personal,Employed,3,Good,0.1902743105075054,273263.0,2.0,Lake Charles,UT,Turkey,0.0,0,Bajo,1
51,Male,Bachelor's,Married,22766.0,774.0,44307.0,Home,Unemployed,16,Poor,0.2670925005962802,212794.0,2.0,Port Tammy,TX,Somalia,1.0,2,Alto,0
28,Female,PhD,Widowed,94967.0,620.0,20386.0,Home,Unemployed,12,Excellent,0.1834384617168007,181280.0,4.0,Littlemouth,GA,North Macedonia,4.0,1,Alto,0
49,Male,Master's,Widowed,66901.0,729.0,6725.0,Personal,Employed,7,Fair,0.11168215091662323,71557.0,2.0,East Tamitown,KY,Slovakia (Slovak Republic),2.0,1,Bajo,1
35,Non-binary,Master's,Widowed,82805.0,654.0,40031.0,Business,Employed,9,Poor,0.5183397880738011,290927.0,4.0,Port Melissa,HI,United Kingdom,3.0,1,Alto,0
56,Female,Master's,Married,105970.0,785.0,20876.0,Business,Unemployed,6,Excellent,0.29346305666776684,244024.0,2.0,Fisherfurt,KY,Jamaica,2.0,0,Bajo,1
64,Non-binary,PhD,Divorced,43485.0,734.0,25878.0,Auto,Employed,4,Excellent,0.5159758647653042,120485.0,2.0,West Gerald,OH,Gambia,3.0,2,Alto,0
27,Non-binary,Master's,Widowed,51212.0,775.0,10044.0,Business,Unemployed,8,Excellent,0.5758815862654308,94067.0,2.0,North Cameronmouth,AS,Ethiopia,0.0,2,Bajo,1
64,Male,Bachelor's,Widowed,53236.0,682.0,14357.0,Home,Employed,8,Good,0.3619729313379382,74199.0,2.0,West Linda,NM,Palau,4.0,2,Alto,0
69,Female,Bachelor's,Single,26566.0,795.0,15385.0,Business,Unemployed,2,Excellent,0.14656374655893664,298416.0,3.0,Danielletown,MI,Liechtenstein,3.0,1,Alto,0
67,Non-binary,Bachelor's,Married,57538.0,759.0,45957.0,Auto,Employed,3,Good,0.5010347190074691,144912.0,0.0,Lake Baileychester,VI,Paraguay,4.0,1,Alto,0
67,Male,PhD,Divorced,98349.0,688.0,23761.0,Home,Unemployed,17,Excellent,0.46930930928606907,266870.0,0.0,North Amanda,NY,Morocco,4.0,0,Alto,0
48,Female,Master's,Widowed,38642.0,698.0,11524.0,Auto,Unemployed,2,Good,0.3734986732228014,294140.0,3.0,East Cheryl,MI,United Kingdom,3.0,2,Alto,0
60,Non-binary,High School,Single,107102.0,749.0,22557.0,Business,Self-employed,7,Poor,0.12288443931862328,275745.0,3.0,Kimberlyside,FM,Heard Island and McDonald Islands,3.0,1,Alto,0
23,Female,High School,Single,110724.0,746.0,6011.0,Auto,Self-employed,9,Good,0.3612408211600595,36257.0,1.0,New Kimberly,SD,Nauru,3.0,2,Alto,0
19,Non-binary,Bachelor's,Married,71534.0,786.0,19705.0,Business,Unemployed,10,Poor,0.2565669679546855,107324.0,3.0,New Christine,KY,Christmas Island,2.0,1,Bajo,1
38,Non-binary,High School,Widowed,104084.0,609.0,42676.0,Auto,Employed,7,Poor,0.4946884757877399,225516.0,1.0,Oliviaport,NH,French Polynesia,0.0,1,Medio,2
62,Non-binary,Bachelor's,Single,36163.0,667.0,26940.0,Business,Unemployed,14,Good,0.2774115864865663,217694.0,4.0,Hoovermouth,VI,Botswana,0.0,1,Alto,0
20,Male,Master's,Married,68155.0,641.0,10976.0,Business,Self-employed,1,Excellent,0.49374702331695075,285175.0,2.0,Port Heathertown,OK,Ukraine,4.0,2,Alto,0
34,Male,High School,Single,100977.0,705.0,6563.0,Business,Self-employed,6,Fair,0.19738502348404988,123530.0,4.0,Port Kylemouth,VA,Bouvet Island (Bouvetoya),3.0,2,Alto,0
64,Male,PhD,Widowed,94426.0,711.0,28099.0,Home,Self-employed,17,Good,0.14407315859740524,109365.0,0.0,South Courtneyside,MP,Cuba,3.0,0,Alto,0
19,Non-binary,PhD,Divorced,69002.0,750.0,20783.0,Business,Unemployed,1,Excellent,0.5371456744244059,252825.0,1.0,West Beverly,OR,Lebanon,0.0,0,Bajo,1
28,Non-binary,Master's,Married,86553.0,678.0,10544.0,Auto,Unemployed,2,Fair,0.16986820616444523,149372.0,3.0,Ellisside,NC,Tuvalu,2.0,1,Medio,2
21,Male,Bachelor's,Widowed,65706.0,615.0,32775.0,Auto,Unemployed,4,Fair,0.15033726886045182,193065.0,3.0,Wilsonmouth,NC,El Salvador,3.0,0,Alto,0
57,Female,Master's,Single,26674.0,747.0,18331.0,Business,Employed,5,Poor,0.3958965571971965,140640.0,4.0,Timothyton,VA,Tunisia,2.0,0,Alto,0
40,Female,Master's,Single,69040.0,682.0,49344.0,Personal,Self-employed,11,Poor,0.3395799659203538,34732.0,2.0,Jerryborough,MA,Saint Helena,3.0,2,Alto,0
59,Male,PhD,Widowed,43731.0,785.0,36107.0,Home,Self-employed,10,Poor,0.5989087788036743,166812.0,2.0,South Charles,NC,Vanuatu,0.0,0,Bajo,1
56,Female,High School,Single,90540.0,717.0,36175.0,Business,Unemployed,2,Fair,0.4257076214561928,279568.0,2.0,Davidport,VT,Martinique,2.0,0,Bajo,1
56,Non-binary,Bachelor's,Married,27546.0,742.0,22015.0,Auto,Employed,1,Fair,0.40921154160901707,224150.0,1.0,Erinborough,FM,Palestinian Territory,2.0,1,Alto,0
47,Female,PhD,Single,81526.0,623.0,20970.0,Auto,Self-employed,10,Excellent,0.10922167798834595,254961.0,4.0,Jeremyton,VA,Albania,4.0,1,Alto,0
63,Non-binary,High School,Married,54571.0,653.0,37862.0,Auto,Unemployed,9,Fair,0.5374336683182448,144914.0,4.0,Beanmouth,MN,Estonia,2.0,2,Medio,2
55,Non-binary,High School,Married,104462.0,623.0,29825.0,Home,Self-employed,4,Fair,0.11068983863266621,126432.0,1.0,South Andrew,CA,Uganda,2.0,1,Medio,2
18,Male,Master's,Widowed,28758.0,688.0,45214.0,Auto,Employed,12,Excellent,0.3730773128852789,250275.0,4.0,Conradside,TN,Bangladesh,3.0,1,Alto,0
64,Male,Bachelor's,Single,70241.0,735.0,24082.0,Home,Unemployed,3,Poor,0.2564252625579143,182365.0,4.0,Mckeeburgh,OH,Bermuda,0.0,2,Bajo,1
45,Female,Master's,Widowed,110027.0,794.0,7917.0,Personal,Self-employed,11,Fair,0.255074233042507,106182.0,1.0,North Madelinemouth,CT,Estonia,3.0,1,Alto,0
52,Non-binary,Master's,Married,111190.0,707.0,33980.0,Personal,Employed,0,Fair,0.3203323038792748,111757.0,2.0,Thompsonville,CA,United Kingdom,2.0,2,Bajo,1
56,Female,PhD,Widowed,63835.0,739.0,6294.0,Personal,Unemployed,11,Fair,0.1864218174944912,289269.0,4.0,Riosview,UT,Ireland,4.0,0,Alto,0
54,Non-binary,Bachelor's,Single,29114.0,659.0,37021.0,Personal,Unemployed,18,Poor,0.250900551419715,42391.0,3.0,Kristenhaven,FM,Macao,3.0,2,Alto,0
66,Male,Master's,Widowed,37545.0,747.0,9919.0,Business,Unemployed,1,Good,0.2578968325938056,180382.0,3.0,Dixonview,GU,British Indian Ocean Territory (Chagos Archipelago),2.0,0,Alto,0
60,Female,PhD,Single,44671.0,666.0,41510.0,Personal,Self-employed,17,Excellent,0.39911968058751945,194662.0,4.0,Port Nicole,DE,Gabon,4.0,0,Alto,0
32,Non-binary,Bachelor's,Widowed,92613.0,657.0,25246.0,Home,Self-employed,18,Good,0.23746498970914756,209605.0,3.0,Lake Michael,MS,Bouvet Island (Bouvetoya),4.0,2,Alto,0
69,Female,Master's,Divorced,98819.0,777.0,27188.0,Business,Employed,6,Good,0.17252431567849255,247889.0,4.0,Cunninghamview,CT,Macao,1.0,1,Bajo,1
18,Male,Bachelor's,Single,49607.0,717.0,23696.0,Auto,Employed,18,Good,0.28619413691399587,272816.0,2.0,Weekston,NV,Venezuela,0.0,2,Bajo,1
64,Non-binary,High School,Divorced,77402.0,693.0,32287.0,Auto,Employed,6,Fair,0.2204135939164347,211500.0,2.0,Jeanetteport,IA,Lesotho,2.0,1,Bajo,1
35,Male,High School,Widowed,30058.0,728.0,38007.0,Home,Unemployed,16,Good,0.31212699624142937,194985.0,2.0,Rogersstad,MO,United Kingdom,1.0,2,Alto,0
40,Female,PhD,Divorced,113949.0,720.0,42711.0,Auto,Unemployed,2,Poor,0.42150590198460713,255839.0,2.0,Ashleybury,MA,British Virgin Islands,3.0,1,Alto,0
29,Female,Bachelor's,Widowed,40886.0,710.0,10286.0,Personal,Unemployed,8,Fair,0.10075987561498626,147291.0,4.0,Rushton,AL,Nauru,3.0,1,Alto,0
46,Female,Bachelor's,Married,87551.0,791.0,49066.0,Home,Employed,13,Poor,0.48017459815324615,234639.0,3.0,Port Amy,ID,Paraguay,1.0,0,Bajo,1
33,Male,High School,Widowed,99304.0,624.0,41842.0,Personal,Employed,13,Good,0.2514145021222778,273272.0,1.0,East Tylershire,FM,Japan,1.0,1,Medio,2
49,Male,PhD,Widowed,92307.0,713.0,37700.0,Personal,Unemployed,9,Excellent,0.4457679351931937,92061.0,4.0,Westville,SC,Saint Martin,0.0,2,Bajo,1
57,Non-binary,PhD,Single,72755.0,751.0,23476.0,Personal,Employed,0,Good,0.3612958781554646,290078.0,3.0,Christopherberg,AR,Mozambique,3.0,1,Alto,0
52,Male,High School,Widowed,83328.0,630.0,45422.0,Auto,Unemployed,2,Poor,0.5360860566233412,214950.0,2.0,North Shannon,DE,Brunei Darussalam,3.0,2,Alto,0
47,Male,PhD,Married,48502.0,724.0,26575.0,Home,Employed,4,Poor,0.2871536495466287,160690.0,0.0,Jessicaville,DC,Cameroon,0.0,1,Bajo,1
42,Non-binary,PhD,Married,103785.0,647.0,8547.0,Business,Self-employed,17,Fair,0.2728251455602958,40192.0,2.0,Elizabethburgh,GA,Georgia,1.0,1,Medio,2
56,Non-binary,Master's,Married,24714.0,644.0,24870.0,Personal,Unemployed,4,Good,0.5647504516238333,227628.0,2.0,Farmerview,FM,Aruba,2.0,1,Alto,0
36,Female,Master's,Widowed,25818.0,693.0,26160.0,Business,Unemployed,18,Fair,0.4186305989845497,77508.0,2.0,Leslietown,NJ,Cote d'Ivoire,1.0,2,Alto,0
52,Male,High School,Single,23078.0,727.0,29131.0,Business,Self-employed,9,Fair,0.42670856413067815,28297.0,4.0,Daviston,PR,Iraq,0.0,0,Alto,0
26,Male,Master's,Divorced,25521.0,793.0,12574.0,Auto,Unemployed,3,Excellent,0.24909867255445525,156450.0,3.0,North Christopher,PA,Myanmar,0.0,2,Alto,0
64,Female,High School,Divorced,111963.0,734.0,20300.0,Auto,Unemployed,7,Poor,0.390625167952131,137461.0,3.0,South William,DC,Nigeria,0.0,1,Bajo,1
56,Non-binary,PhD,Widowed,46799.0,716.0,46983.0,Personal,Unemployed,5,Poor,0.4700961233298715,155237.0,4.0,South Philip,NJ,Samoa,3.0,0,Alto,0
37,Male,High School,Single,29764.0,686.0,35467.0,Auto,Self-employed,9,Good,0.24921402295932724,161659.0,1.0,Port Ralphhaven,ME,France,4.0,0,Alto,0
38,Non-binary,Master's,Single,35600.0,628.0,25517.0,Personal,Employed,6,Fair,0.48148405748002254,270148.0,2.0,North Jasonville,IA,Antarctica (the territory South of 60 deg S),4.0,1,Alto,0
55,Male,Bachelor's,Widowed,106940.0,679.0,9819.0,Personal,Employed,4,Poor,0.398235909895707,155589.0,4.0,Mcleanville,ID,United Arab Emirates,3.0,2,Alto,0
45,Non-binary,Bachelor's,Divorced,64456.0,743.0,46099.0,Auto,Employed,15,Excellent,0.16503460092894032,54806.0,1.0,Janiceland,MI,Sao Tome and Principe,0.0,1,Bajo,1
37,Female,Master's,Divorced,25310.0,777.0,6158.0,Home,Employed,7,Poor,0.11995385655235083,257352.0,1.0,Davidville,AS,Uruguay,0.0,0,Alto,0
42,Non-binary,Master's,Single,109891.0,753.0,22426.0,Personal,Unemployed,0,Excellent,0.3538360969579629,55701.0,3.0,West Natalie,NH,Myanmar,0.0,2,Bajo,1
25,Female,Master's,Married,33222.0,673.0,49390.0,Home,Unemployed,8,Excellent,0.13679892300775023,86740.0,4.0,Port Ricardoberg,UT,Czech Republic,2.0,2,Alto,0
47,Female,PhD,Divorced,113012.0,796.0,8560.0,Business,Self-employed,7,Poor,0.19822135620673395,186122.0,0.0,New Caleb,NM,Bahrain,3.0,2,Alto,0
66,Non-binary,High School,Married,45622.0,687.0,20362.0,Personal,Self-employed,18,Good,0.5722857074705596,115345.0,1.0,Millsmouth,HI,Azerbaijan,0.0,0,Bajo,1
56,Non-binary,Bachelor's,Divorced,39575.0,745.0,26946.0,Home,Unemployed,17,Good,0.47769585655452285,289097.0,2.0,Port Lisa,RI,Canada,4.0,0,Alto,0
66,Non-binary,High School,Single,74604.0,652.0,32030.0,Home,Unemployed,1,Good,0.47045681978411835,57873.0,2.0,South Michele,NE,Bahrain,2.0,0,Medio,2
19,Non-binary,PhD,Married,42791.0,707.0,14744.0,Business,Employed,14,Good,0.40689485153755467,186511.0,2.0,Johnsontown,HI,Yemen,4.0,1,Alto,0
42,Male,Master's,Widowed,33351.0,739.0,45294.0,Auto,Self-employed,14,Good,0.37977850196047325,288481.0,0.0,South Annestad,OK,Hungary,0.0,0,Alto,0
45,Female,PhD,Divorced,20929.0,648.0,40027.0,Personal,Unemployed,10,Good,0.5105679978102973,116801.0,0.0,Duffytown,MP,Liberia,0.0,1,Alto,0
36,Female,High School,Divorced,55191.0,666.0,22986.0,Business,Unemployed,14,Fair,0.48492763677365114,39696.0,1.0,Sheachester,CT,Hungary,2.0,2,Medio,2
31,Male,Master's,Single,26544.0,686.0,48827.0,Personal,Employed,1,Poor,0.5036832234259713,261872.0,0.0,Morganstad,KS,Switzerland,4.0,2,Alto,0
56,Male,PhD,Married,93501.0,732.0,32703.0,Personal,Unemployed,1,Fair,0.4678301950682926,205766.0,1.0,Port Jean,SD,Fiji,3.0,2,Alto,0
43,Male,High School,Single,68536.0,648.0,46547.0,Business,Self-employed,17,Excellent,0.23312531671094536,168471.0,3.0,North Hannah,IA,American Samoa,1.0,0,Medio,2
20,Non-binary,Master's,Widowed,61400.0,796.0,35239.0,Home,Employed,8,Fair,0.22877364342930803,273249.0,1.0,Shermanshire,AK,Christmas Island,1.0,2,Bajo,1
60,Female,Bachelor's,Single,116421.0,687.0,40243.0,Auto,Self-employed,11,Poor,0.325339023782813,204050.0,1.0,East Wendy,DC,South Georgia and the South Sandwich Islands,3.0,2,Alto,0
69,Male,Bachelor's,Single,33432.0,693.0,8033.0,Home,Self-employed,6,Good,0.536629690678083,199596.0,0.0,East Sheryltown,VI,Togo,0.0,0,Alto,0
48,Female,Bachelor's,Divorced,41661.0,679.0,14003.0,Home,Unemployed,4,Fair,0.2369766588709815,254248.0,2.0,Tonyatown,WA,Germany,1.0,2,Medio,2
49,Non-binary,Bachelor's,Widowed,90233.0,765.0,47852.0,Auto,Employed,1,Excellent,0.5310063279417208,134253.0,1.0,Brownchester,LA,Benin,4.0,2,Alto,0
58,Non-binary,High School,Widowed,111145.0,607.0,22335.0,Business,Unemployed,19,Good,0.5465647800472183,231688.0,2.0,Hartfurt,FL,Burundi,2.0,0,Medio,2
66,Male,High School,Single,47215.0,697.0,14145.0,Auto,Self-employed,1,Good,0.19378004207544117,276596.0,3.0,North Antonioport,AR,Bahamas,1.0,0,Bajo,1
48,Female,PhD,Divorced,65594.0,653.0,14737.0,Personal,Self-employed,5,Poor,0.2480741836867655,237316.0,4.0,South Debbie,WY,Nicaragua,4.0,1,Alto,0
51,Non-binary,High School,Married,47655.0,646.0,30282.0,Home,Employed,12,Good,0.42587501179279796,27106.0,1.0,Morganshire,GU,Comoros,2.0,0,Medio,2
55,Non-binary,Bachelor's,Single,83288.0,727.0,18137.0,Home,Employed,19,Fair,0.18469266298336653,37779.0,4.0,West Eric,AL,Gambia,1.0,1,Bajo,1
46,Female,PhD,Married,100198.0,662.0,22267.0,Business,Unemployed,3,Good,0.17803076488934685,99140.0,4.0,North Mary,FM,Vietnam,1.0,2,Medio,2
20,Non-binary,Master's,Single,103279.0,727.0,32993.0,Home,Self-employed,0,Poor,0.37885992832401383,283771.0,3.0,North Roberta,OH,Nepal,4.0,1,Alto,0
34,Male,Bachelor's,Divorced,32938.0,695.0,32817.0,Personal,Self-employed,17,Fair,0.13808492739405,149928.0,3.0,Lewisborough,MH,Cambodia,1.0,1,Alto,0
42,Non-binary,High School,Widowed,84079.0,723.0,16879.0,Auto,Self-employed,2,Good,0.4099276609205246,178919.0,4.0,Simmonsfurt,MA,Togo,0.0,1,Bajo,1
52,Male,High School,Single,41643.0,674.0,32487.0,Personal,Employed,1,Excellent,0.5469982914422429,156682.0,1.0,Roseborough,CO,Jersey,3.0,0,Alto,0
20,Male,PhD,Divorced,71044.0,773.0,6383.0,Business,Employed,3,Good,0.49127217651663624,125569.0,4.0,North Gregory,DC,Guinea-Bissau,0.0,1,Bajo,1
29,Non-binary,PhD,Widowed,71588.0,659.0,12921.0,Business,Unemployed,0,Fair,0.5048192331308459,200989.0,4.0,Crystalton,TX,Mongolia,1.0,0,Medio,2
39,Male,High School,Single,103845.0,721.0,18686.0,Auto,Self-employed,14,Good,0.2912671873622289,185196.0,1.0,Garciaborough,MT,Chad,1.0,2,Bajo,1
46,Non-binary,Bachelor's,Single,21861.0,678.0,33820.0,Home,Unemployed,13,Good,0.28872829146227286,282396.0,4.0,Maryside,NV,Lithuania,3.0,2,Alto,0
21,Non-binary,Master's,Divorced,66873.0,688.0,11140.0,Auto,Unemployed,15,Good,0.42466771387906155,219075.0,0.0,Jensenshire,MH,Tunisia,2.0,0,Bajo,1
43,Male,Master's,Married,117616.0,693.0,29102.0,Personal,Unemployed,7,Poor,0.3867358599758651,255344.0,4.0,Kevinmouth,ID,Egypt,4.0,1,Alto,0
35,Non-binary,PhD,Single,111810.0,759.0,42895.0,Home,Employed,7,Good,0.22337211520279418,65951.0,1.0,Alvarezshire,MS,Marshall Islands,0.0,2,Bajo,1
34,Female,PhD,Single,54047.0,785.0,21927.0,Personal,Self-employed,19,Excellent,0.36859538740358844,76977.0,4.0,Christopherhaven,IA,Estonia,4.0,0,Alto,0
47,Non-binary,Master's,Divorced,42449.0,719.0,18128.0,Personal,Unemployed,9,Poor,0.1714456766001979,200288.0,4.0,Courtneyshire,DC,El Salvador,0.0,1,Bajo,1
21,Non-binary,Master's,Single,76965.0,706.0,47145.0,Business,Unemployed,16,Good,0.3764511385440551,126672.0,3.0,West Joseph,VT,Pitcairn Islands,0.0,1,Bajo,1
36,Male,PhD,Widowed,78967.0,651.0,26186.0,Home,Self-employed,16,Poor,0.27136472907186326,36662.0,0.0,Christopherberg,NJ,Georgia,0.0,2,Medio,2
23,Male,Bachelor's,Divorced,40645.0,751.0,16602.0,Auto,Self-employed,6,Fair,0.5463945517371899,36387.0,1.0,Carlmouth,PA,Honduras,4.0,2,Alto,0
32,Male,Master's,Divorced,28390.0,628.0,47254.0,Auto,Employed,10,Good,0.12781443221595487,256707.0,3.0,South Barrymouth,MS,Ethiopia,4.0,1,Alto,0
58,Non-binary,PhD,Married,46648.0,647.0,40517.0,Home,Employed,4,Good,0.10118569847719541,155958.0,2.0,South Madisonmouth,NY,Mexico,1.0,0,Medio,2
50,Non-binary,Master's,Single,114333.0,797.0,20271.0,Business,Unemployed,16,Good,0.5324455958780226,74777.0,4.0,Robinsonborough,MP,Korea,1.0,1,Bajo,1
44,Female,Bachelor's,Divorced,91388.0,796.0,13457.0,Home,Employed,2,Excellent,0.5616397706470684,26178.0,0.0,South Jordanton,ND,Belarus,0.0,2,Bajo,1
38,Non-binary,High School,Widowed,50436.0,705.0,12898.0,Business,Unemployed,6,Good,0.43292248413177437,52704.0,2.0,Orrport,TN,Somalia,3.0,0,Alto,0
54,Non-binary,PhD,Married,68951.0,729.0,46026.0,Personal,Unemployed,8,Good,0.11206871092126977,281710.0,3.0,East Hunter,IA,Swaziland,1.0,0,Bajo,1
53,Female,High School,Divorced,33733.0,777.0,49564.0,Personal,Employed,16,Excellent,0.3101202913378771,142311.0,3.0,West Karina,VT,Guinea,4.0,0,Alto,0
21,Female,High School,Divorced,38290.0,706.0,36106.0,Home,Self-employed,13,Poor,0.2016947559654115,147177.0,1.0,New Ashleyport,KS,Holy See (Vatican City State),3.0,0,Alto,0
45,Male,High School,Married,21595.0,684.0,33793.0,Home,Employed,14,Good,0.5086995245089427,76243.0,0.0,Henrymouth,OK,Guyana,3.0,2,Alto,0
20,Male,High School,Divorced,52407.0,675.0,13104.0,Auto,Self-employed,3,Fair,0.1571946214065841,119414.0,3.0,Kylefurt,FL,Cameroon,3.0,2,Alto,0
46,Female,High School,Married,64518.0,725.0,5555.0,Personal,Unemployed,4,Fair,0.19018585338857733,273697.0,4.0,South Derek,MA,Bolivia,3.0,0,Alto,0
47,Non-binary,Master's,Married,64109.0,772.0,13374.0,Auto,Employed,16,Poor,0.5190640695609873,100198.0,3.0,Mitchellmouth,PW,Korea,2.0,0,Bajo,1
67,Non-binary,Master's,Widowed,58718.0,749.0,47750.0,Home,Self-employed,5,Poor,0.13394901323991312,281099.0,4.0,Annafurt,GU,Ethiopia,1.0,2,Bajo,1
57,Female,High School,Widowed,32699.0,783.0,48124.0,Personal,Self-employed,10,Good,0.2155747961494667,112764.0,0.0,South Michael,NV,Saint Pierre and Miquelon,4.0,0,Alto,0
61,Male,High School,Married,41509.0,637.0,28770.0,Home,Self-employed,19,Poor,0.20088567092966278,109655.0,3.0,West Christina,OH,Croatia,2.0,0,Medio,2
43,Female,High School,Divorced,36531.0,603.0,42474.0,Business,Employed,17,Excellent,0.40681902018604343,233476.0,0.0,East Brianna,GU,Australia,3.0,0,Alto,0
40,Female,High School,Divorced,103632.0,702.0,11227.0,Home,Employed,10,Good,0.18460156016290993,213262.0,2.0,Davidfort,LA,Greenland,4.0,1,Alto,0
33,Non-binary,PhD,Married,111641.0,606.0,35172.0,Personal,Unemployed,9,Fair,0.3112315671960041,178400.0,2.0,Perezstad,VI,Switzerland,2.0,0,Medio,2
56,Non-binary,PhD,Single,21617.0,604.0,42676.0,Auto,Self-employed,6,Good,0.23899945673049847,111989.0,1.0,Briannaview,ID,Denmark,2.0,0,Alto,0
18,Male,Master's,Widowed,111650.0,658.0,5131.0,Home,Self-employed,19,Excellent,0.36175664518859085,134730.0,3.0,Jasonberg,SC,Guyana,3.0,1,Alto,0
50,Non-binary,PhD,Widowed,62707.0,726.0,28892.0,Auto,Employed,7,Excellent,0.37313188777438655,194467.0,4.0,Gloriaport,PR,Vanuatu,3.0,2,Alto,0
52,Non-binary,Bachelor's,Married,23212.0,614.0,30607.0,Business,Unemployed,18,Excellent,0.13540228796429513,213234.0,2.0,Sanchezmouth,PA,Mexico,4.0,1,Alto,0
63,Non-binary,PhD,Divorced,73866.0,657.0,31264.0,Personal,Self-employed,2,Excellent,0.5614848824216636,220251.0,3.0,East Paulville,VA,Malaysia,1.0,2,Medio,2
28,Male,Bachelor's,Married,72158.0,693.0,8782.0,Home,Unemployed,3,Poor,0.5100491278968291,203087.0,2.0,Ashleyland,MN,Northern Mariana Islands,4.0,2,Alto,0
38,Male,Bachelor's,Divorced,116554.0,707.0,13337.0,Personal,Employed,16,Fair,0.4916583991068264,268802.0,4.0,Stephenport,PA,Kiribati,0.0,1,Bajo,1
49,Non-binary,High School,Divorced,32442.0,799.0,5139.0,Home,Self-employed,14,Excellent,0.3296627820923377,63555.0,4.0,Lake Raymond,MN,Syrian Arab Republic,1.0,2,Alto,0
42,Female,Master's,Divorced,36472.0,686.0,28819.0,Personal,Unemployed,5,Poor,0.23131908594553843,262825.0,4.0,North Cameron,AS,Malaysia,3.0,1,Alto,0
41,Female,PhD,Single,113639.0,772.0,12361.0,Home,Self-employed,9,Excellent,0.4909020537533436,124622.0,3.0,Port Angelica,AK,Botswana,2.0,0,Bajo,1
22,Female,Bachelor's,Divorced,45028.0,647.0,25723.0,Personal,Self-employed,5,Poor,0.49896110801820903,228645.0,0.0,Karaton,CO,Papua New Guinea,2.0,0,Medio,2
54,Female,Master's,Divorced,32842.0,631.0,10921.0,Home,Self-employed,8,Fair,0.5008432650483825,267154.0,3.0,North Jeff,MP,Jersey,1.0,1,Alto,0
37,Non-binary,High School,Widowed,87557.0,765.0,21613.0,Auto,Employed,6,Excellent,0.5740296743813637,164106.0,3.0,Shepherdstad,OR,Equatorial Guinea,0.0,2,Bajo,1
57,Female,Bachelor's,Widowed,118529.0,656.0,17463.0,Auto,Self-employed,15,Good,0.34696594233862776,226649.0,2.0,East Joshuahaven,VT,United Kingdom,0.0,1,Medio,2
38,Non-binary,Master's,Married,58101.0,722.0,16140.0,Auto,Self-employed,7,Fair,0.5423235671828981,50782.0,4.0,New Samantha,MO,Botswana,0.0,2,Bajo,1
18,Non-binary,PhD,Married,57832.0,684.0,48773.0,Personal,Employed,5,Fair,0.1587347931895717,66195.0,1.0,Lake Riley,DC,Nicaragua,0.0,1,Bajo,1
62,Male,Bachelor's,Divorced,107298.0,621.0,7560.0,Home,Employed,15,Excellent,0.19722283832441115,138330.0,4.0,Gonzalezborough,AR,United Arab Emirates,2.0,2,Medio,2
28,Male,PhD,Divorced,116988.0,734.0,43899.0,Business,Employed,8,Poor,0.5706512363077372,91128.0,2.0,West Krystal,CT,Qatar,1.0,2,Bajo,1
43,Non-binary,Bachelor's,Divorced,65638.0,748.0,25289.0,Home,Unemployed,18,Fair,0.2302802470789446,161358.0,0.0,Amberbury,NE,Holy See (Vatican City State),2.0,2,Bajo,1
27,Male,Bachelor's,Married,82580.0,772.0,21881.0,Auto,Unemployed,5,Good,0.3042663662609967,287630.0,3.0,Lake Peggyfort,SD,Saint Lucia,1.0,1,Bajo,1
36,Non-binary,PhD,Single,20637.0,759.0,26092.0,Auto,Self-employed,19,Excellent,0.22962016871745092,47219.0,1.0,Shieldschester,DC,Norfolk Island,3.0,1,Alto,0
29,Male,Bachelor's,Divorced,60352.0,760.0,31085.0,Business,Unemployed,6,Good,0.2786660605286704,287856.0,3.0,Conleyside,ME,Pitcairn Islands,2.0,1,Bajo,1
56,Male,Master's,Single,71188.0,612.0,47944.0,Business,Self-employed,7,Fair,0.21513684756434473,268893.0,1.0,Port Melanieborough,MO,Bangladesh,1.0,2,Medio,2
38,Male,Master's,Married,101223.0,796.0,46034.0,Auto,Employed,11,Excellent,0.14069866678952261,287869.0,2.0,East Ericberg,MO,Northern Mariana Islands,0.0,1,Bajo,1
57,Male,Master's,Single,65693.0,633.0,39477.0,Business,Unemployed,18,Fair,0.35130342635297984,173207.0,3.0,Davismouth,SC,Slovakia (Slovak Republic),2.0,1,Medio,2
43,Non-binary,PhD,Widowed,80521.0,762.0,20098.0,Auto,Employed,5,Poor,0.5497028309881674,285998.0,4.0,New Jessicaland,NV,Netherlands Antilles,4.0,0,Alto,0
68,Female,Bachelor's,Divorced,105971.0,646.0,8755.0,Personal,Employed,10,Excellent,0.182616107834053,38606.0,4.0,Kellyburgh,NM,Andorra,2.0,2,Medio,2
54,Male,Bachelor's,Single,45775.0,714.0,23272.0,Personal,Unemployed,6,Poor,0.15647038245149072,249080.0,4.0,New Stevenmouth,NH,Honduras,3.0,2,Alto,0
51,Male,Master's,Married,28261.0,713.0,16544.0,Auto,Self-employed,12,Poor,0.22651547593998475,186556.0,3.0,North Daniel,MP,Trinidad and Tobago,1.0,1,Alto,0
32,Male,Master's,Married,48428.0,745.0,39520.0,Auto,Unemployed,5,Fair,0.3555854993689167,248853.0,4.0,Heatherview,DE,Micronesia,2.0,1,Bajo,1
52,Female,High School,Widowed,51510.0,679.0,11614.0,Auto,Self-employed,6,Excellent,0.11497605368183214,177580.0,1.0,Elizabethview,MT,Latvia,2.0,1,Medio,2
35,Non-binary,Bachelor's,Single,37332.0,700.0,31615.0,Auto,Employed,6,Excellent,0.18421801274087898,49230.0,1.0,Robertburgh,AR,Samoa,4.0,1,Alto,0
66,Female,High School,Single,35791.0,671.0,14704.0,Auto,Employed,8,Excellent,0.5374690346300126,94796.0,3.0,West Melissaberg,AR,Congo,0.0,1,Alto,0
26,Male,High School,Single,52476.0,772.0,29108.0,Business,Employed,17,Fair,0.34048275384150184,29651.0,2.0,Jenniferfurt,DC,Syrian Arab Republic,4.0,0,Alto,0
50,Female,Master's,Married,68555.0,751.0,43883.0,Auto,Self-employed,16,Good,0.5242740396388064,266658.0,2.0,Williamsberg,MN,Faroe Islands,4.0,2,Alto,0
64,Male,Master's,Single,69028.0,763.0,20768.0,Home,Self-employed,7,Excellent,0.30040917456710603,65727.0,3.0,East Johnton,DE,Malta,0.0,0,Bajo,1
51,Male,Bachelor's,Widowed,26733.0,731.0,29490.0,Auto,Employed,7,Fair,0.2002613054566156,134961.0,0.0,Port Nathan,MT,Georgia,3.0,1,Alto,0
51,Male,PhD,Widowed,90207.0,663.0,9180.0,Auto,Self-employed,17,Fair,0.18527395045424536,175627.0,1.0,West Willie,MD,Myanmar,2.0,0,Medio,2
64,Male,Bachelor's,Single,77954.0,753.0,48951.0,Auto,Employed,12,Fair,0.4627510901058324,213636.0,2.0,Port Rossport,TX,Gabon,2.0,0,Bajo,1
40,Female,Bachelor's,Widowed,106388.0,737.0,9556.0,Auto,Self-employed,18,Excellent,0.5559970756725245,210330.0,1.0,Davidmouth,IN,Turks and Caicos Islands,1.0,0,Bajo,1
58,Non-binary,High School,Single,109934.0,793.0,32385.0,Personal,Self-employed,8,Good,0.1703297787404788,144707.0,3.0,Masonview,IL,Burkina Faso,3.0,0,Alto,0
36,Non-binary,High School,Single,84264.0,692.0,5412.0,Business,Employed,2,Good,0.13018810809299022,278140.0,3.0,East Josephhaven,MO,Malawi,1.0,0,Bajo,1
67,Male,Bachelor's,Single,22093.0,696.0,12166.0,Home,Employed,13,Fair,0.21145115468337636,26942.0,1.0,Courtneyton,AL,Anguilla,3.0,2,Alto,0
34,Male,PhD,Widowed,93694.0,711.0,30914.0,Business,Employed,18,Poor,0.5271504904861821,111321.0,2.0,Christinefort,PR,Seychelles,1.0,1,Bajo,1
64,Non-binary,Master's,Single,107688.0,782.0,40832.0,Personal,Unemployed,18,Poor,0.39919148596603493,288326.0,1.0,Lake Derrick,CA,Greece,4.0,0,Alto,0
35,Non-binary,Master's,Married,70460.0,750.0,28696.0,Home,Unemployed,1,Poor,0.5363190780063748,95241.0,2.0,Pattonside,NV,Norway,0.0,0,Bajo,1
51,Male,Master's,Divorced,89498.0,637.0,36076.0,Business,Employed,18,Excellent,0.23222073450194328,232406.0,4.0,Santoschester,PA,Comoros,0.0,2,Medio,2
25,Non-binary,High School,Married,74664.0,667.0,35671.0,Auto,Employed,19,Fair,0.32865904582379835,184005.0,1.0,West Joseph,NC,South Georgia and the South Sandwich Islands,2.0,1,Medio,2
31,Female,Master's,Single,77477.0,752.0,44489.0,Home,Employed,6,Excellent,0.5096020433165865,62924.0,1.0,West Marcus,MO,Antarctica (the territory South of 60 deg S),0.0,1,Bajo,1
46,Male,Master's,Married,82002.0,789.0,31194.0,Auto,Unemployed,16,Excellent,0.22195254549457957,214030.0,1.0,New Wesleychester,MP,Croatia,3.0,2,Alto,0
18,Male,PhD,Divorced,25717.0,721.0,24109.0,Auto,Self-employed,12,Fair,0.5330616649303428,229996.0,2.0,West Stephaniebury,MH,Russian Federation,0.0,2,Alto,0
36,Non-binary,High School,Single,38313.0,703.0,49628.0,Business,Employed,2,Excellent,0.5286087814159273,154234.0,2.0,Lake Frankfurt,VA,Israel,2.0,2,Alto,0
54,Female,Master's,Divorced,92053.0,724.0,44847.0,Business,Unemployed,19,Poor,0.48089390830778644,254938.0,0.0,Murrayborough,OK,Lebanon,4.0,2,Alto,0
21,Male,High School,Widowed,114535.0,682.0,13483.0,Business,Unemployed,11,Good,0.47027650158670786,27405.0,2.0,New Lucashaven,MS,Hungary,2.0,1,Bajo,1
64,Male,PhD,Widowed,99455.0,741.0,16999.0,Home,Employed,19,Poor,0.5790999305821214,260021.0,4.0,South Jennifer,MI,Dominica,1.0,1,Bajo,1
58,Female,Bachelor's,Divorced,107893.0,602.0,34232.0,Business,Employed,15,Excellent,0.32364397925709965,164896.0,2.0,Fieldsberg,OR,North Macedonia,0.0,0,Medio,2
60,Male,Master's,Divorced,67577.0,777.0,14056.0,Home,Self-employed,1,Excellent,0.5896097551136097,179631.0,0.0,Berryland,MD,Slovenia,1.0,0,Bajo,1
67,Female,Master's,Widowed,78975.0,648.0,35224.0,Home,Unemployed,16,Good,0.3958442115457709,21677.0,4.0,Port Annetteport,VI,Indonesia,1.0,0,Medio,2
42,Non-binary,PhD,Widowed,97975.0,654.0,8852.0,Home,Employed,7,Fair,0.5570554396879626,98753.0,1.0,Kevinhaven,VI,Gabon,1.0,2,Medio,2
25,Non-binary,PhD,Single,37223.0,778.0,12986.0,Business,Employed,11,Poor,0.46651623763122785,270499.0,4.0,Richardhaven,KY,Slovakia (Slovak Republic),4.0,0,Alto,0
53,Non-binary,Bachelor's,Widowed,92126.0,788.0,33036.0,Business,Self-employed,8,Fair,0.565332388994197,124822.0,1.0,Edwardsfurt,FM,French Southern Territories,3.0,2,Alto,0
47,Non-binary,High School,Divorced,25560.0,653.0,9140.0,Auto,Employed,6,Good,0.5838721285966497,220277.0,0.0,Kathleenburgh,NC,Cook Islands,4.0,2,Alto,0
40,Female,High School,Married,43021.0,605.0,38052.0,Home,Employed,17,Fair,0.40701750730071096,42062.0,3.0,Lake Brenda,MI,Saint Kitts and Nevis,2.0,2,Medio,2
54,Male,High School,Single,66996.0,725.0,32328.0,Personal,Self-employed,13,Poor,0.38951717233972005,89086.0,1.0,Huynhhaven,NJ,Gibraltar,0.0,0,Bajo,1
31,Female,High School,Widowed,111450.0,723.0,26871.0,Personal,Employed,6,Fair,0.26046234651226075,153835.0,0.0,South Roger,TN,Saint Helena,3.0,1,Alto,0
61,Male,PhD,Divorced,108399.0,737.0,21158.0,Home,Unemployed,19,Fair,0.48958007023037065,296589.0,4.0,Port Josephborough,CO,Mali,4.0,0,Alto,0
66,Female,Master's,Divorced,88607.0,781.0,35328.0,Home,Employed,18,Good,0.162425938525165,80481.0,2.0,Danielland,DE,Uzbekistan,1.0,2,Bajo,1
36,Male,Master's,Divorced,52022.0,624.0,21773.0,Auto,Unemployed,18,Excellent,0.5465081673323267,207403.0,3.0,Longton,VA,Croatia,4.0,1,Alto,0
38,Non-binary,PhD,Single,77268.0,738.0,15657.0,Home,Self-employed,14,Fair,0.515117643051265,146043.0,3.0,South Jonathanside,IL,Bolivia,1.0,2,Bajo,1
27,Female,Master's,Single,58973.0,683.0,12460.0,Personal,Self-employed,1,Excellent,0.2046197010073972,289030.0,0.0,Chadbury,DC,Congo,0.0,0,Bajo,1
30,Female,High School,Divorced,20869.0,623.0,23668.0,Home,Self-employed,6,Poor,0.5141286933952616,119881.0,1.0,Port Paulside,RI,Suriname,2.0,0,Alto,0
29,Male,PhD,Divorced,101331.0,628.0,17671.0,Business,Self-employed,3,Good,0.42089474614280364,37211.0,4.0,New Christinemouth,KY,Panama,4.0,0,Alto,0
30,Non-binary,High School,Single,67403.0,645.0,5919.0,Auto,Employed,11,Good,0.5052314282383531,158265.0,3.0,Allenton,PA,Botswana,3.0,2,Alto,0
43,Female,Bachelor's,Single,112756.0,610.0,21140.0,Business,Unemployed,16,Fair,0.22444749381490367,64604.0,2.0,Lake Robert,OH,Vanuatu,3.0,0,Alto,0
62,Male,Master's,Widowed,98101.0,606.0,22766.0,Personal,Unemployed,19,Good,0.4484689819135266,265628.0,2.0,North Luisborough,MH,Greece,1.0,1,Medio,2
34,Female,PhD,Single,100946.0,798.0,19279.0,Auto,Employed,0,Good,0.5901393695256661,163731.0,3.0,Lake Davidport,PR,Cyprus,3.0,2,Alto,0
46,Female,PhD,Widowed,106424.0,727.0,24873.0,Personal,Unemployed,0,Poor,0.22379421328669977,141289.0,2.0,East Monica,NY,United Kingdom,2.0,1,Bajo,1
25,Female,Master's,Married,37077.0,668.0,23098.0,Auto,Employed,15,Excellent,0.14593117317118395,105074.0,4.0,Lake Amanda,OH,Peru,0.0,0,Alto,0
39,Non-binary,Master's,Divorced,48670.0,607.0,46946.0,Auto,Self-employed,18,Good,0.4693589416028252,149892.0,1.0,Randallborough,FM,Nauru,2.0,1,Medio,2
58,Female,Master's,Married,101227.0,699.0,34225.0,Business,Self-employed,4,Fair,0.5913095929414778,213215.0,0.0,North James,AS,Mongolia,2.0,1,Bajo,1
42,Female,Bachelor's,Divorced,76093.0,763.0,19567.0,Auto,Unemployed,19,Poor,0.2700125387442256,109546.0,3.0,Perrymouth,PW,Cote d'Ivoire,2.0,1,Bajo,1
62,Male,High School,Married,76063.0,601.0,22327.0,Personal,Self-employed,1,Poor,0.3318683552438372,204084.0,2.0,Lopezport,WA,Kazakhstan,3.0,2,Alto,0
31,Female,Bachelor's,Widowed,50484.0,736.0,21733.0,Home,Unemployed,19,Poor,0.21008612346919361,78437.0,1.0,North Rachelmouth,MH,Switzerland,0.0,2,Bajo,1
41,Male,High School,Widowed,99756.0,654.0,23446.0,Business,Self-employed,4,Poor,0.44136953530353107,288041.0,2.0,Jasonside,ND,Togo,1.0,1,Medio,2
23,Female,Master's,Married,92631.0,782.0,27542.0,Auto,Self-employed,9,Fair,0.3626888020934038,229326.0,0.0,North Jeffberg,NM,Rwanda,1.0,0,Bajo,1
62,Non-binary,Master's,Married,32521.0,744.0,18303.0,Home,Employed,19,Excellent,0.564671311214379,109335.0,1.0,East Charlesside,MO,Czech Republic,3.0,2,Alto,0
20,Non-binary,PhD,Divorced,99783.0,746.0,44373.0,Business,Unemployed,5,Excellent,0.5423969647943349,280776.0,1.0,Johnsonborough,NE,Hungary,3.0,2,Alto,0
28,Male,Master's,Married,110470.0,797.0,45210.0,Home,Unemployed,8,Fair,0.457899293164337,244348.0,1.0,South Stevenstad,WY,China,0.0,1,Bajo,1
23,Male,High School,Widowed,91834.0,611.0,38267.0,Auto,Unemployed,8,Fair,0.5348741166095744,38715.0,2.0,Ashleyhaven,IA,Guinea,3.0,0,Alto,0
49,Female,PhD,Divorced,75372.0,671.0,22270.0,Business,Unemployed,2,Good,0.5112636192578738,256522.0,1.0,Christopherport,WI,Pitcairn Islands,3.0,1,Alto,0
32,Non-binary,High School,Single,56308.0,636.0,15390.0,Home,Employed,8,Fair,0.13937478970517617,263488.0,1.0,New Kristinaberg,GA,Korea,3.0,2,Alto,0
52,Non-binary,Master's,Widowed,53012.0,681.0,43715.0,Business,Employed,3,Excellent,0.2882758553826513,209640.0,1.0,Port Daniel,IL,Equatorial Guinea,3.0,2,Alto,0
59,Non-binary,PhD,Divorced,54482.0,733.0,35748.0,Business,Self-employed,12,Poor,0.18812302671673883,84663.0,3.0,Lake Stevenview,CA,Canada,3.0,0,Alto,0
37,Non-binary,Bachelor's,Married,98872.0,714.0,37954.0,Home,Unemployed,11,Poor,0.34581853032294385,292705.0,0.0,Gordonfort,CT,Korea,1.0,1,Bajo,1
66,Female,Master's,Married,65211.0,753.0,45874.0,Business,Self-employed,12,Good,0.4057290861488001,24740.0,2.0,East Michaelbury,MP,Switzerland,4.0,1,Alto,0
34,Non-binary,Bachelor's,Widowed,23608.0,787.0,13223.0,Auto,Unemployed,15,Good,0.29506068821618137,195019.0,3.0,Christineberg,WI,Costa Rica,0.0,0,Alto,0
31,Female,PhD,Married,23389.0,746.0,29569.0,Business,Self-employed,7,Good,0.493573478168958,256573.0,0.0,South Richard,MT,Sudan,4.0,0,Alto,0
44,Non-binary,High School,Married,33669.0,713.0,9925.0,Business,Unemployed,16,Good,0.412747368913421,91803.0,2.0,Andrewsland,VA,Reunion,0.0,1,Alto,0
57,Male,Master's,Widowed,92928.0,680.0,30104.0,Business,Self-employed,8,Good,0.5161338280323612,20104.0,1.0,Hendricksmouth,SC,Czech Republic,2.0,0,Bajo,1
20,Non-binary,High School,Single,82607.0,651.0,23297.0,Personal,Unemployed,5,Good,0.421014129656878,85412.0,1.0,Rothbury,HI,Jersey,0.0,1,Medio,2
64,Non-binary,Bachelor's,Single,62082.0,684.0,10742.0,Home,Unemployed,19,Good,0.19397805432828183,289476.0,1.0,South Russellchester,DC,Nepal,4.0,2,Alto,0
27,Non-binary,PhD,Single,74021.0,725.0,15231.0,Home,Employed,14,Poor,0.41575228882159543,191714.0,4.0,Weaverfort,SD,Cook Islands,0.0,1,Bajo,1
41,Non-binary,High School,Married,111628.0,718.0,29042.0,Business,Employed,13,Fair,0.3248369729750664,73382.0,1.0,Port Scott,ME,Dominica,4.0,0,Alto,0
19,Male,Bachelor's,Single,39171.0,796.0,48422.0,Auto,Unemployed,12,Good,0.5526555738899507,207100.0,0.0,Leeport,SD,Afghanistan,3.0,1,Alto,0
37,Non-binary,High School,Divorced,24901.0,755.0,37256.0,Business,Unemployed,18,Fair,0.14973159907714947,55744.0,4.0,Lake Valerieberg,TN,Nauru,4.0,2,Alto,0
67,Non-binary,PhD,Married,30248.0,776.0,33874.0,Personal,Self-employed,8,Excellent,0.5138743797342334,226636.0,0.0,North Brenda,CT,Albania,2.0,2,Alto,0
32,Non-binary,Bachelor's,Widowed,106363.0,697.0,27438.0,Personal,Employed,10,Excellent,0.33264262654836296,198773.0,1.0,South Calebton,NH,Burundi,0.0,0,Bajo,1
61,Male,Bachelor's,Divorced,22991.0,673.0,15094.0,Home,Self-employed,12,Fair,0.4781511002601284,20709.0,4.0,Lake Pamela,TN,Romania,0.0,1,Alto,0
50,Male,Master's,Single,62836.0,729.0,47615.0,Auto,Employed,4,Poor,0.26296417836115604,110577.0,3.0,Lake Kathleenton,NC,Grenada,2.0,2,Bajo,1
53,Female,PhD,Single,38680.0,739.0,33718.0,Personal,Unemployed,11,Good,0.5432797373827342,82348.0,4.0,Dunlapshire,KY,Djibouti,1.0,2,Alto,0
43,Female,PhD,Widowed,73105.0,787.0,35090.0,Business,Unemployed,17,Excellent,0.5157559620097352,84531.0,4.0,Nicholsonside,MS,Maldives,1.0,1,Bajo,1
18,Non-binary,Master's,Married,29514.0,768.0,41301.0,Personal,Employed,1,Excellent,0.1845797001111759,202982.0,2.0,East Darleneville,TN,Morocco,1.0,0,Alto,0
47,Non-binary,High School,Married,101876.0,667.0,8577.0,Business,Self-employed,8,Fair,0.31520146967686014,48668.0,4.0,North Stephanie,MN,Turkmenistan,2.0,2,Medio,2
59,Non-binary,High School,Divorced,94500.0,773.0,44241.0,Auto,Self-employed,11,Fair,0.30751802347729373,83317.0,3.0,Gallegosstad,VI,Gambia,3.0,2,Alto,0
49,Non-binary,High School,Single,102060.0,700.0,13635.0,Home,Self-employed,12,Poor,0.4435719144249679,41589.0,1.0,New Ann,CA,Guam,2.0,0,Bajo,1
65,Non-binary,Master's,Widowed,57126.0,605.0,9655.0,Auto,Employed,1,Fair,0.48286978997185603,82449.0,1.0,East Alexanderfort,NM,Colombia,3.0,0,Alto,0
68,Female,High School,Divorced,60857.0,643.0,23700.0,Home,Employed,8,Good,0.2923918691753865,77918.0,2.0,Mcclureside,MA,Cambodia,0.0,2,Medio,2
62,Non-binary,Bachelor's,Married,42483.0,703.0,24880.0,Personal,Self-employed,11,Good,0.4023054821639407,137636.0,2.0,North Christineland,MA,Russian Federation,1.0,0,Bajo,1
42,Female,Master's,Divorced,66647.0,799.0,27642.0,Home,Unemployed,2,Excellent,0.2801811946066086,34500.0,3.0,East James,AL,Montenegro,2.0,1,Bajo,1
49,Female,Bachelor's,Widowed,79301.0,702.0,35689.0,Personal,Employed,9,Fair,0.5270395657966087,260960.0,4.0,Matthewton,GU,Gibraltar,4.0,2,Alto,0
66,Male,High School,Widowed,50579.0,791.0,12430.0,Business,Unemployed,16,Excellent,0.4639811440475522,77086.0,0.0,Lake Andrea,MO,Iraq,3.0,0,Alto,0
51,Non-binary,Bachelor's,Divorced,41494.0,637.0,20758.0,Home,Self-employed,11,Fair,0.5108627358866562,218623.0,4.0,Floresmouth,MI,Lebanon,4.0,0,Alto,0
50,Female,High School,Single,79185.0,625.0,34304.0,Business,Unemployed,18,Poor,0.30819033870238355,282474.0,0.0,Ericton,SD,Gambia,3.0,1,Alto,0
68,Non-binary,Bachelor's,Divorced,85642.0,685.0,5426.0,Business,Self-employed,1,Good,0.4830277861068838,26444.0,1.0,Claytonmouth,RI,Seychelles,1.0,1,Bajo,1
26,Male,Master's,Divorced,92592.0,662.0,8141.0,Business,Employed,15,Poor,0.18256477344083313,260815.0,1.0,Lake Lisa,OR,Bermuda,3.0,1,Alto,0
48,Female,PhD,Widowed,61444.0,707.0,37605.0,Home,Unemployed,8,Fair,0.21687667220092713,130324.0,4.0,North Bryanside,GU,Burkina Faso,2.0,1,Bajo,1
49,Male,Bachelor's,Widowed,100291.0,716.0,16304.0,Personal,Unemployed,12,Poor,0.26831865311663605,207452.0,3.0,Austinville,MO,Latvia,4.0,2,Alto,0
32,Male,Bachelor's,Widowed,54723.0,782.0,10649.0,Home,Self-employed,17,Good,0.39064389905834085,241716.0,1.0,Matthewville,TN,Netherlands Antilles,3.0,0,Alto,0
22,Male,PhD,Divorced,97585.0,637.0,38246.0,Business,Unemployed,6,Good,0.18455748181493378,210894.0,2.0,South Monique,WV,Christmas Island,3.0,2,Alto,0
18,Female,Master's,Married,96757.0,757.0,17869.0,Personal,Self-employed,19,Poor,0.4671605247570445,56547.0,4.0,New Bradleyland,AL,British Indian Ocean Territory (Chagos Archipelago),0.0,1,Bajo,1
60,Male,Master's,Married,87863.0,614.0,18199.0,Auto,Unemployed,1,Fair,0.5511026830776928,121044.0,3.0,South Austinville,VI,Saint Martin,1.0,2,Medio,2
60,Female,High School,Widowed,104124.0,728.0,38182.0,Home,Unemployed,17,Excellent,0.30360866771694495,255919.0,2.0,East Dustinshire,OK,Tanzania,4.0,2,Alto,0
34,Male,Bachelor's,Married,50858.0,630.0,33387.0,Auto,Self-employed,2,Good,0.5584667615127186,64325.0,1.0,Spencemouth,MP,Guam,3.0,2,Alto,0
61,Non-binary,Master's,Divorced,60264.0,698.0,29290.0,Personal,Self-employed,18,Fair,0.22208379356388472,145450.0,0.0,New Sophia,AK,Venezuela,0.0,2,Bajo,1
62,Female,PhD,Widowed,101071.0,705.0,40915.0,Business,Unemployed,11,Excellent,0.45692553352008114,95761.0,3.0,Lake Alexanderborough,KY,Malawi,2.0,2,Bajo,1
57,Female,Master's,Divorced,25543.0,660.0,8261.0,Personal,Self-employed,7,Excellent,0.20131855775940347,226730.0,0.0,Cherylberg,IA,Guadeloupe,0.0,0,Alto,0
49,Female,Bachelor's,Divorced,58210.0,636.0,44957.0,Business,Employed,14,Poor,0.4327901345260379,240190.0,0.0,Blankenshipport,AK,Jordan,0.0,0,Medio,2
43,Female,PhD,Divorced,36306.0,617.0,46416.0,Business,Self-employed,16,Fair,0.4268468557530988,243662.0,1.0,North Julie,NJ,Korea,3.0,0,Alto,0
35,Male,PhD,Married,44111.0,626.0,17397.0,Home,Unemployed,4,Good,0.524843688394352,261341.0,0.0,Simmonsbury,IA,Comoros,3.0,2,Alto,0
35,Non-binary,Master's,Single,44881.0,635.0,38563.0,Business,Unemployed,15,Fair,0.18597020279964063,97489.0,3.0,South Victoria,WY,Libyan Arab Jamahiriya,4.0,2,Alto,0
43,Female,Master's,Married,89610.0,793.0,13882.0,Personal,Self-employed,19,Fair,0.1698357121911593,246389.0,1.0,Ellisfurt,MD,Trinidad and Tobago,1.0,1,Bajo,1
60,Male,Master's,Single,80506.0,797.0,18720.0,Home,Unemployed,6,Excellent,0.41884585432569277,164790.0,3.0,Kleinborough,IN,Saint Lucia,1.0,1,Bajo,1
60,Non-binary,Bachelor's,Widowed,91612.0,786.0,39591.0,Home,Self-employed,16,Fair,0.18652709556231797,22924.0,4.0,North Joshuabury,NV,Hong Kong,0.0,1,Bajo,1
56,Non-binary,PhD,Single,72204.0,748.0,20544.0,Business,Unemployed,15,Fair,0.17616308628716879,93325.0,0.0,Martinezhaven,IN,Haiti,1.0,1,Bajo,1
65,Non-binary,Bachelor's,Widowed,72485.0,765.0,20121.0,Business,Employed,3,Fair,0.31433638470064396,46067.0,4.0,Port Jonathonbury,CA,Germany,4.0,1,Alto,0
55,Non-binary,Bachelor's,Married,67802.0,797.0,27447.0,Home,Employed,1,Poor,0.41661588378774417,229735.0,3.0,Kellyside,OK,Canada,4.0,1,Alto,0
57,Female,Master's,Single,36639.0,614.0,32708.0,Auto,Employed,17,Fair,0.10995326610521258,265510.0,1.0,Jenniferstad,MP,Bermuda,2.0,0,Alto,0
41,Female,PhD,Divorced,108619.0,638.0,35079.0,Personal,Unemployed,3,Good,0.4920798261776581,125827.0,2.0,Cookbury,NV,Romania,1.0,0,Medio,2
50,Male,PhD,Married,91591.0,667.0,23082.0,Home,Employed,8,Poor,0.5413584947573142,31637.0,1.0,New Jacqueline,OH,French Guiana,4.0,1,Alto,0
42,Male,Master's,Married,117572.0,689.0,31685.0,Personal,Self-employed,5,Poor,0.41858134132908664,56174.0,0.0,Rodriguezfort,IN,Latvia,1.0,0,Bajo,1
41,Male,High School,Married,39918.0,784.0,20189.0,Personal,Unemployed,0,Fair,0.4686916637379802,134208.0,3.0,Amberchester,MO,Uganda,3.0,2,Alto,0
18,Male,High School,Divorced,27838.0,715.0,25674.0,Business,Self-employed,10,Excellent,0.3576943269427588,110611.0,3.0,West Benjaminfurt,MH,Cambodia,0.0,0,Alto,0
45,Female,High School,Divorced,82996.0,750.0,5937.0,Auto,Employed,19,Excellent,0.2128061727375639,265497.0,3.0,Moodystad,ND,India,3.0,2,Alto,0
62,Male,PhD,Married,77225.0,657.0,23888.0,Personal,Unemployed,5,Excellent,0.5124110246035104,89717.0,4.0,Hendersonshire,KY,Costa Rica,2.0,0,Medio,2
44,Female,Master's,Widowed,102341.0,711.0,46730.0,Auto,Unemployed,10,Excellent,0.18347055190715003,191742.0,3.0,Lake Joseph,NJ,Switzerland,4.0,0,Alto,0
59,Non-binary,PhD,Married,21120.0,627.0,11413.0,Auto,Employed,18,Excellent,0.597277434615334,152572.0,3.0,Rachelview,NY,Bulgaria,1.0,2,Alto,0
58,Male,Master's,Divorced,55764.0,655.0,18034.0,Auto,Employed,4,Excellent,0.19921526523225871,275059.0,0.0,Wrightberg,ND,Albania,3.0,0,Alto,0
61,Female,Bachelor's,Divorced,107789.0,696.0,13681.0,Home,Self-employed,9,Poor,0.2311684381492636,214388.0,4.0,Latoyaland,IL,Nicaragua,0.0,0,Bajo,1
19,Non-binary,Bachelor's,Single,33698.0,795.0,32806.0,Personal,Self-employed,14,Fair,0.3282529931718615,164012.0,1.0,New Jeromeview,ID,Kyrgyz Republic,4.0,0,Alto,0
41,Male,Bachelor's,Widowed,35921.0,677.0,21087.0,Personal,Unemployed,15,Excellent,0.5472188989954372,116592.0,1.0,Lake Jonathan,DC,French Polynesia,0.0,1,Alto,0
62,Male,Master's,Divorced,60067.0,753.0,34890.0,Auto,Unemployed,10,Poor,0.3323857740946443,255192.0,0.0,East Jennifer,PR,Honduras,2.0,1,Bajo,1
30,Female,High School,Widowed,71884.0,754.0,11572.0,Business,Self-employed,11,Excellent,0.593672471598931,187986.0,1.0,Bakerside,NM,Puerto Rico,1.0,0,Bajo,1
46,Female,PhD,Married,60364.0,773.0,12400.0,Personal,Self-employed,2,Excellent,0.2977471932069051,61133.0,3.0,Coffeyside,PR,Antigua and Barbuda,0.0,0,Bajo,1
21,Female,Master's,Widowed,83763.0,696.0,36811.0,Personal,Employed,15,Poor,0.47186181481372524,242953.0,0.0,East Erichaven,OR,Kenya,0.0,0,Bajo,1
44,Male,High School,Divorced,27923.0,727.0,29780.0,Personal,Self-employed,8,Good,0.17620519922496972,256871.0,1.0,West Andrewchester,VT,Holy See (Vatican City State),1.0,2,Alto,0
48,Female,Master's,Married,88324.0,649.0,31306.0,Business,Employed,19,Fair,0.5680779216086443,162981.0,1.0,Williamsland,FM,Czech Republic,4.0,2,Alto,0
42,Male,PhD,Widowed,38201.0,654.0,47229.0,Business,Self-employed,7,Poor,0.45610855215222235,169840.0,3.0,Brianburgh,MD,Tajikistan,2.0,0,Alto,0
32,Female,Bachelor's,Single,95664.0,733.0,41302.0,Home,Employed,17,Good,0.21872635312811403,181910.0,4.0,Guzmanberg,OK,Switzerland,3.0,0,Alto,0
51,Female,Bachelor's,Divorced,119649.0,682.0,32807.0,Personal,Unemployed,2,Excellent,0.5578174393228436,189394.0,1.0,Parsonsport,CO,Dominican Republic,0.0,2,Bajo,1
61,Non-binary,Bachelor's,Divorced,105159.0,667.0,46911.0,Personal,Unemployed,10,Good,0.5836830289521657,127962.0,4.0,Mooretown,IL,Paraguay,2.0,2,Medio,2
55,Male,Master's,Married,113083.0,703.0,48955.0,Personal,Unemployed,13,Poor,0.1620989515315124,132483.0,2.0,Dunnmouth,AZ,Rwanda,2.0,2,Bajo,1
55,Male,High School,Widowed,96369.0,728.0,41100.0,Auto,Unemployed,3,Fair,0.5047274026804006,153075.0,0.0,Kingside,NJ,Venezuela,2.0,0,Bajo,1
54,Female,High School,Widowed,84948.0,644.0,44608.0,Auto,Unemployed,15,Poor,0.3171730075670649,218072.0,4.0,Christopherchester,VA,Denmark,2.0,1,Medio,2
56,Female,Master's,Widowed,111956.0,658.0,33603.0,Personal,Unemployed,1,Poor,0.42261714932402394,38249.0,0.0,Andersonstad,NE,Mozambique,0.0,1,Medio,2
58,Female,High School,Divorced,102787.0,715.0,5011.0,Personal,Self-employed,10,Poor,0.18247856417212902,85144.0,0.0,Michelleland,IL,Sri Lanka,3.0,2,Alto,0
55,Female,High School,Divorced,87462.0,600.0,42273.0,Personal,Employed,9,Fair,0.5068825947498251,191362.0,4.0,Curtisville,CO,Philippines,3.0,1,Alto,0
56,Male,PhD,Single,81836.0,628.0,9707.0,Personal,Self-employed,7,Fair,0.2757217831607053,54804.0,1.0,Johnland,UT,Iran,1.0,0,Medio,2
57,Male,Master's,Divorced,42622.0,738.0,22140.0,Personal,Employed,11,Poor,0.5437186707141316,70221.0,4.0,Port Janice,GA,Togo,0.0,1,Bajo,1
52,Female,Bachelor's,Widowed,97173.0,674.0,19211.0,Personal,Unemployed,15,Good,0.15890403224362268,74877.0,3.0,West Vanessaland,HI,Brunei Darussalam,4.0,0,Alto,0
50,Female,PhD,Divorced,103290.0,635.0,9047.0,Home,Self-employed,13,Excellent,0.36767294486163615,204726.0,2.0,East Courtney,NY,Finland,3.0,0,Alto,0
36,Non-binary,High School,Married,38018.0,713.0,22173.0,Auto,Employed,3,Fair,0.49650729742742805,141064.0,4.0,Sanchezland,NY,Antarctica (the territory South of 60 deg S),2.0,0,Alto,0
54,Male,PhD,Single,76485.0,632.0,32787.0,Business,Unemployed,10,Excellent,0.11378464166064226,90645.0,1.0,Johnbury,MH,China,3.0,2,Alto,0
45,Non-binary,PhD,Married,108666.0,622.0,37152.0,Business,Unemployed,5,Excellent,0.12541613708671964,124386.0,3.0,Fordfurt,MT,Heard Island and McDonald Islands,4.0,2,Alto,0
69,Female,PhD,Widowed,66865.0,757.0,20421.0,Home,Self-employed,15,Fair,0.239246992959006,81361.0,0.0,North Michael,GA,Somalia,2.0,1,Bajo,1
32,Male,Bachelor's,Single,78862.0,756.0,19933.0,Business,Unemployed,3,Fair,0.35471998902356383,186020.0,4.0,Jefferyborough,ND,Turkey,2.0,2,Bajo,1
40,Non-binary,PhD,Widowed,21085.0,683.0,37143.0,Home,Self-employed,17,Fair,0.5585182809787526,167457.0,4.0,Jamieton,TN,New Zealand,3.0,1,Alto,0
33,Female,PhD,Divorced,111029.0,612.0,12571.0,Home,Self-employed,17,Poor,0.5330879159464078,92326.0,2.0,Lake Katrinatown,RI,Azerbaijan,4.0,1,Alto,0
19,Male,Master's,Single,119359.0,700.0,29273.0,Auto,Unemployed,3,Poor,0.20821669939092394,46025.0,0.0,Charlesmouth,KS,Netherlands Antilles,3.0,1,Alto,0
45,Non-binary,High School,Widowed,105040.0,686.0,33741.0,Business,Self-employed,5,Good,0.5941173056822872,91737.0,1.0,Lake Angela,NC,Congo,0.0,0,Bajo,1
33,Non-binary,Bachelor's,Divorced,96680.0,722.0,39609.0,Personal,Unemployed,4,Poor,0.17302207787381294,270426.0,3.0,Anthonyside,CO,Spain,4.0,2,Alto,0
32,Male,PhD,Widowed,80873.0,641.0,14170.0,Auto,Self-employed,3,Poor,0.124077607125168,285836.0,0.0,Martinezstad,DC,Congo,2.0,1,Medio,2
55,Female,Bachelor's,Married,48842.0,725.0,16022.0,Auto,Unemployed,8,Fair,0.4057024336285029,60717.0,1.0,Estradaview,VI,French Southern Territories,3.0,1,Alto,0
52,Non-binary,Bachelor's,Single,59935.0,733.0,27917.0,Business,Self-employed,9,Fair,0.2546324208350753,84796.0,3.0,Alisonfort,CO,Dominican Republic,1.0,0,Bajo,1
18,Male,PhD,Single,102162.0,787.0,9257.0,Auto,Self-employed,13,Good,0.4509187972877028,124304.0,3.0,Nealburgh,DE,American Samoa,4.0,1,Alto,0
65,Male,Bachelor's,Single,72774.0,760.0,20024.0,Auto,Employed,11,Poor,0.49493773778754546,204048.0,4.0,Angelaport,ND,Kenya,1.0,2,Bajo,1
51,Non-binary,Master's,Married,54094.0,665.0,29331.0,Home,Self-employed,16,Good,0.14684022134311422,64763.0,1.0,New Megan,WA,Philippines,4.0,1,Alto,0
25,Non-binary,Master's,Single,69223.0,605.0,18106.0,Home,Employed,0,Poor,0.2079960540738788,180613.0,4.0,North Richardstad,AZ,Hong Kong,0.0,2,Medio,2
25,Non-binary,PhD,Married,94543.0,654.0,45729.0,Auto,Employed,17,Excellent,0.5250990743602341,221495.0,3.0,Smithtown,PR,Sierra Leone,4.0,1,Alto,0
58,Male,High School,Widowed,46817.0,605.0,43687.0,Business,Unemployed,4,Excellent,0.3095497119479804,84090.0,0.0,Morrisburgh,IL,Russian Federation,2.0,1,Medio,2
22,Non-binary,Bachelor's,Married,55330.0,678.0,39042.0,Home,Self-employed,3,Fair,0.5568104159922325,95980.0,4.0,Nathanielport,MA,Croatia,1.0,1,Medio,2
63,Female,High School,Widowed,68469.0,791.0,10648.0,Personal,Self-employed,5,Excellent,0.19201099721506867,161967.0,4.0,Port Dean,ND,Tajikistan,1.0,1,Bajo,1
45,Non-binary,Bachelor's,Divorced,35352.0,697.0,29027.0,Personal,Self-employed,2,Poor,0.47636677570065267,135580.0,2.0,Saraburgh,OK,Serbia,1.0,1,Alto,0
68,Female,Bachelor's,Single,85875.0,734.0,31832.0,Business,Unemployed,14,Poor,0.34408210772424797,296084.0,2.0,North Ashleeburgh,MS,Kyrgyz Republic,0.0,2,Bajo,1
46,Non-binary,High School,Widowed,45432.0,629.0,31241.0,Home,Self-employed,19,Poor,0.2984538332986655,48680.0,3.0,Lake Gregorymouth,MH,Togo,0.0,0,Medio,2
58,Male,PhD,Married,26294.0,694.0,45476.0,Personal,Self-employed,16,Good,0.3897778086133147,289226.0,1.0,Austinfort,KY,Greenland,3.0,1,Alto,0
54,Female,High School,Divorced,112981.0,770.0,12655.0,Auto,Employed,13,Poor,0.5575740985600536,180768.0,2.0,Halltown,DE,Myanmar,1.0,1,Bajo,1
50,Non-binary,Bachelor's,Divorced,87507.0,791.0,28989.0,Auto,Self-employed,15,Poor,0.4664994432249219,129479.0,3.0,West Kaitlynchester,GU,Cote d'Ivoire,3.0,0,Alto,0
27,Non-binary,PhD,Widowed,109966.0,603.0,40669.0,Personal,Self-employed,9,Good,0.22844274443759724,162749.0,4.0,North John,IN,Cyprus,0.0,1,Medio,2
38,Female,Bachelor's,Married,29585.0,620.0,14235.0,Business,Employed,11,Fair,0.5202417907175536,252818.0,0.0,Port Marcusland,DE,Haiti,1.0,2,Alto,0
68,Female,High School,Single,37038.0,702.0,49536.0,Auto,Employed,18,Poor,0.2578277115926436,195688.0,0.0,Samanthachester,MP,Belize,1.0,1,Alto,0
33,Non-binary,Bachelor's,Single,71663.0,716.0,26554.0,Business,Employed,0,Fair,0.19066379015091425,283913.0,1.0,South Melanie,SC,Zimbabwe,0.0,0,Bajo,1
29,Male,Bachelor's,Divorced,60409.0,757.0,19914.0,Auto,Self-employed,9,Fair,0.3326499097275375,190318.0,4.0,Port Jonathanhaven,CT,Tokelau,1.0,2,Bajo,1
39,Male,PhD,Widowed,60785.0,701.0,31070.0,Business,Employed,0,Poor,0.14846057469027238,75432.0,1.0,New Aaron,WY,Saint Helena,0.0,2,Bajo,1
20,Non-binary,High School,Widowed,110027.0,638.0,40037.0,Personal,Unemployed,5,Good,0.38910675476155776,295028.0,1.0,New John,IN,Maldives,1.0,1,Medio,2
60,Non-binary,Bachelor's,Single,119978.0,731.0,15814.0,Business,Employed,16,Poor,0.46774363103155137,238117.0,3.0,Port Davidfort,PW,Mauritania,1.0,0,Bajo,1
28,Non-binary,High School,Widowed,29218.0,726.0,33722.0,Auto,Unemployed,7,Excellent,0.32611162722999254,269422.0,2.0,Tiffanyborough,MI,Greece,4.0,2,Alto,0
60,Female,High School,Single,64185.0,739.0,37225.0,Business,Self-employed,18,Excellent,0.39788849750086797,47069.0,0.0,Housefort,WY,Jersey,2.0,0,Bajo,1
64,Non-binary,PhD,Widowed,25587.0,646.0,21863.0,Personal,Self-employed,11,Poor,0.13912116584468423,165537.0,2.0,North Erinhaven,UT,Senegal,2.0,1,Alto,0
21,Female,Bachelor's,Married,27088.0,793.0,14713.0,Personal,Employed,10,Excellent,0.33742811843330567,188577.0,4.0,Jeffreyshire,MO,South Georgia and the South Sandwich Islands,1.0,0,Alto,0
63,Male,Master's,Widowed,82814.0,608.0,48671.0,Business,Self-employed,12,Poor,0.3497889392138954,71855.0,1.0,Timothyfort,OK,Mauritius,0.0,1,Medio,2
62,Non-binary,High School,Widowed,28576.0,778.0,46302.0,Home,Unemployed,18,Poor,0.18296622897457435,121705.0,2.0,New Derrickport,PA,Paraguay,0.0,0,Alto,0
25,Female,High School,Widowed,76278.0,717.0,35296.0,Business,Self-employed,19,Fair,0.5986987212454019,283700.0,3.0,New Shannon,NH,Tokelau,0.0,0,Bajo,1
38,Non-binary,Master's,Married,24509.0,635.0,34456.0,Auto,Unemployed,8,Good,0.39341128076327003,226101.0,3.0,Madisonfort,OK,Guernsey,0.0,1,Alto,0
65,Male,Bachelor's,Widowed,77995.0,617.0,45315.0,Home,Employed,3,Poor,0.4063417060379554,181800.0,2.0,South Sylvia,TX,Iran,0.0,1,Medio,2
60,Non-binary,PhD,Widowed,71943.0,785.0,27310.0,Business,Employed,8,Poor,0.3685788363481506,63159.0,1.0,Lewisview,WA,Japan,1.0,2,Bajo,1
33,Non-binary,Master's,Widowed,95993.0,694.0,43565.0,Auto,Employed,19,Excellent,0.23751615568436155,31344.0,3.0,West Ashleybury,WI,Bouvet Island (Bouvetoya),1.0,0,Bajo,1
18,Female,Master's,Divorced,116775.0,605.0,20458.0,Business,Self-employed,5,Excellent,0.44906509163645103,116748.0,2.0,Philipshire,MS,Samoa,1.0,2,Medio,2
43,Non-binary,PhD,Married,85671.0,711.0,9622.0,Personal,Employed,11,Fair,0.19125874831997644,283805.0,1.0,West Thomas,ME,Poland,2.0,1,Bajo,1
58,Female,Master's,Married,55342.0,731.0,48280.0,Auto,Unemployed,10,Fair,0.211479589551172,246221.0,2.0,South Andrea,GA,Hong Kong,2.0,1,Bajo,1
23,Non-binary,Master's,Divorced,84467.0,687.0,11499.0,Business,Self-employed,7,Fair,0.5358805826637346,55184.0,1.0,Lovefurt,ME,Denmark,1.0,0,Bajo,1
36,Female,High School,Widowed,119128.0,701.0,9512.0,Business,Employed,3,Good,0.3462754100368489,153043.0,3.0,South Christopherberg,SC,Tanzania,4.0,2,Alto,0
61,Non-binary,PhD,Widowed,38368.0,667.0,8110.0,Personal,Unemployed,5,Good,0.4577358648337764,111260.0,1.0,Youngville,OK,Mali,0.0,1,Alto,0
50,Male,Bachelor's,Married,110956.0,636.0,45521.0,Personal,Employed,19,Excellent,0.3632152760296343,130273.0,2.0,West Coleberg,OK,United Kingdom,0.0,1,Medio,2
43,Female,Bachelor's,Divorced,55402.0,680.0,48524.0,Home,Unemployed,6,Excellent,0.19677863428759632,125447.0,2.0,New Tonya,GU,United States Virgin Islands,3.0,1,Alto,0
29,Non-binary,Bachelor's,Widowed,99587.0,710.0,35985.0,Personal,Employed,7,Good,0.1941327556057024,137567.0,0.0,Bartonbury,PA,Mayotte,0.0,0,Bajo,1
27,Female,PhD,Single,87868.0,769.0,34657.0,Personal,Employed,17,Good,0.3132796960343204,137789.0,0.0,Lake Victoria,IA,Suriname,4.0,1,Alto,0
69,Female,Master's,Single,98488.0,608.0,23714.0,Auto,Self-employed,3,Fair,0.2523374304991446,167426.0,1.0,Port Angelafort,NJ,Kenya,2.0,0,Medio,2
49,Male,Bachelor's,Married,34037.0,707.0,5089.0,Auto,Unemployed,1,Excellent,0.3624005483249907,42641.0,2.0,Jonfurt,MA,Cyprus,1.0,2,Alto,0
46,Male,High School,Married,45968.0,742.0,43456.0,Auto,Unemployed,17,Poor,0.11459041369591441,64246.0,0.0,Josetown,ID,Solomon Islands,3.0,2,Alto,0
44,Male,Master's,Widowed,78574.0,756.0,23879.0,Business,Unemployed,17,Fair,0.17226453203241213,74020.0,3.0,Lake Scottshire,MO,Jersey,0.0,0,Bajo,1
53,Male,Master's,Widowed,56389.0,627.0,28298.0,Auto,Employed,0,Good,0.4151225444774279,130079.0,0.0,Lake Shelly,MD,Madagascar,1.0,0,Medio,2
32,Female,High School,Divorced,51300.0,704.0,15210.0,Business,Self-employed,9,Poor,0.5244113091714822,45843.0,4.0,New Edward,LA,Chad,3.0,0,Alto,0
51,Non-binary,Bachelor's,Single,103470.0,648.0,32338.0,Auto,Unemployed,5,Excellent,0.26782641078202096,215866.0,1.0,Lake Paul,TN,Saint Lucia,1.0,0,Medio,2
41,Female,PhD,Married,23244.0,643.0,23669.0,Personal,Unemployed,16,Fair,0.32184215008576067,204232.0,1.0,Josephbury,IL,Somalia,2.0,1,Alto,0
25,Female,High School,Widowed,54527.0,749.0,43157.0,Business,Self-employed,13,Good,0.25479898770607157,292640.0,4.0,Kathleenmouth,IN,Timor-Leste,3.0,0,Alto,0
57,Male,PhD,Divorced,28573.0,635.0,41467.0,Home,Unemployed,16,Excellent,0.16169051585641894,251822.0,0.0,Phillipsburgh,NV,Ecuador,1.0,2,Alto,0
62,Male,High School,Single,102607.0,796.0,48778.0,Home,Unemployed,3,Good,0.5590417977259178,134888.0,4.0,North Courtneyshire,HI,United Arab Emirates,2.0,2,Bajo,1
54,Male,Bachelor's,Single,100684.0,789.0,24029.0,Business,Employed,0,Good,0.5491447553803853,123609.0,1.0,East Russell,VI,Lao People's Democratic Republic,0.0,0,Bajo,1
27,Female,High School,Single,62851.0,760.0,47262.0,Auto,Unemployed,8,Poor,0.21305934495187198,65663.0,3.0,Johnbury,GA,Argentina,0.0,1,Bajo,1
23,Non-binary,PhD,Divorced,81104.0,640.0,49117.0,Home,Unemployed,17,Good,0.21417224706772006,115447.0,0.0,Catherineton,IA,New Zealand,0.0,0,Medio,2
24,Non-binary,PhD,Widowed,59530.0,643.0,9867.0,Home,Employed,1,Good,0.10718698464434559,60623.0,0.0,Lake Patrick,WI,Bhutan,4.0,1,Alto,0
33,Non-binary,PhD,Married,36473.0,732.0,18271.0,Business,Self-employed,9,Excellent,0.28043365508168006,270967.0,1.0,Lake Maryburgh,HI,Paraguay,3.0,0,Alto,0
52,Non-binary,High School,Married,118730.0,777.0,42422.0,Personal,Unemployed,9,Good,0.4439095874568293,137763.0,1.0,Barryburgh,NV,Bhutan,0.0,0,Bajo,1
69,Female,PhD,Divorced,35164.0,773.0,39238.0,Auto,Unemployed,12,Poor,0.46984122976892007,219447.0,2.0,West Jay,MN,Sudan,1.0,2,Alto,0
23,Male,PhD,Married,78348.0,688.0,31187.0,Personal,Employed,5,Excellent,0.3440718786995016,146034.0,3.0,East Shannonchester,CT,Malaysia,4.0,2,Alto,0
48,Female,Master's,Widowed,24487.0,766.0,24558.0,Business,Self-employed,15,Poor,0.543407914092646,21121.0,0.0,Kevinhaven,MP,Nigeria,2.0,0,Alto,0
50,Female,Bachelor's,Widowed,34242.0,729.0,49741.0,Auto,Employed,11,Excellent,0.35468558266011574,116384.0,4.0,Lanefurt,NC,Djibouti,0.0,2,Alto,0
63,Male,Master's,Married,118754.0,634.0,10600.0,Business,Employed,10,Poor,0.45020584170498057,236301.0,0.0,Kaylaton,AK,Montenegro,2.0,1,Medio,2
69,Non-binary,High School,Widowed,29934.0,648.0,5047.0,Auto,Employed,19,Good,0.26727074529049366,249131.0,4.0,Stanleystad,MH,Cayman Islands,1.0,1,Alto,0
25,Non-binary,High School,Widowed,114682.0,642.0,27681.0,Personal,Self-employed,19,Excellent,0.22217644638529369,147431.0,1.0,Lake Katrinaview,AZ,Botswana,4.0,2,Alto,0
37,Non-binary,Master's,Widowed,108765.0,728.0,47977.0,Home,Employed,1,Good,0.11201094691838584,169794.0,1.0,Port Devin,HI,San Marino,3.0,1,Alto,0
54,Non-binary,Master's,Married,76739.0,708.0,20716.0,Auto,Employed,7,Excellent,0.3532476369857872,288233.0,2.0,West Robert,ND,Gabon,3.0,0,Alto,0
40,Male,PhD,Divorced,58692.0,796.0,26636.0,Auto,Unemployed,6,Poor,0.5786470358737787,23097.0,0.0,North Nicholas,WY,French Southern Territories,1.0,2,Bajo,1
55,Female,Master's,Single,37610.0,605.0,5950.0,Personal,Unemployed,14,Fair,0.5964277208262717,184025.0,2.0,South Jamesshire,IL,Iraq,4.0,0,Alto,0
64,Male,High School,Single,98743.0,663.0,42677.0,Personal,Self-employed,2,Excellent,0.3197594643344621,52757.0,4.0,New Laurenborough,MO,Netherlands Antilles,0.0,0,Medio,2
54,Non-binary,High School,Single,86940.0,717.0,49055.0,Personal,Employed,10,Good,0.26500301564026163,183079.0,4.0,Markfurt,NV,Norfolk Island,3.0,2,Alto,0
66,Non-binary,High School,Married,94658.0,693.0,28968.0,Home,Employed,11,Fair,0.482927345062795,163930.0,3.0,Dominguezburgh,TX,Iraq,1.0,0,Bajo,1
49,Female,Master's,Single,95012.0,623.0,45016.0,Home,Employed,7,Poor,0.19031426772895496,168437.0,1.0,Port David,WA,Maldives,4.0,2,Alto,0
55,Male,Bachelor's,Widowed,115071.0,710.0,18983.0,Home,Unemployed,10,Good,0.4283351698758293,283955.0,1.0,East Sarahburgh,MS,Bulgaria,2.0,1,Bajo,1
34,Male,PhD,Divorced,30426.0,781.0,48374.0,Business,Unemployed,10,Poor,0.4005074334794163,269040.0,1.0,Barbaraside,AZ,Dominican Republic,4.0,1,Alto,0
60,Non-binary,High School,Divorced,79491.0,635.0,5778.0,Home,Unemployed,8,Excellent,0.5052480604399174,113629.0,3.0,Guzmanside,MO,Vanuatu,2.0,2,Medio,2
33,Female,High School,Widowed,69454.0,694.0,33429.0,Home,Unemployed,8,Excellent,0.29993975065806533,229741.0,3.0,Gallagherborough,MT,Bolivia,1.0,0,Bajo,1
34,Female,Bachelor's,Married,60854.0,684.0,39157.0,Auto,Employed,2,Good,0.2108451841274737,294410.0,4.0,Adamport,HI,Mauritania,2.0,2,Bajo,1
59,Male,PhD,Widowed,60533.0,728.0,46577.0,Personal,Employed,11,Excellent,0.3834386792240406,164154.0,4.0,Kellychester,DC,Honduras,0.0,1,Bajo,1
25,Non-binary,PhD,Widowed,56394.0,667.0,33587.0,Home,Unemployed,4,Fair,0.555625110646495,258313.0,4.0,Gonzalezside,MS,Peru,0.0,0,Medio,2
18,Male,Bachelor's,Married,59435.0,752.0,34386.0,Business,Unemployed,1,Excellent,0.4928162160747461,30678.0,2.0,Kimchester,RI,Falkland Islands (Malvinas),4.0,0,Alto,0
45,Female,High School,Divorced,95692.0,724.0,48520.0,Home,Self-employed,11,Fair,0.44575936005001704,129956.0,4.0,Williamsberg,NJ,Greece,2.0,0,Bajo,1
58,Non-binary,Bachelor's,Widowed,112752.0,732.0,30410.0,Auto,Employed,3,Fair,0.3360981934444135,39285.0,3.0,East Rachelfurt,WV,France,0.0,1,Bajo,1
62,Female,Bachelor's,Widowed,42277.0,662.0,31612.0,Personal,Employed,1,Fair,0.16363775879305156,87495.0,2.0,Stephenschester,NH,Rwanda,3.0,1,Alto,0
56,Male,Master's,Single,22042.0,713.0,9191.0,Personal,Self-employed,18,Fair,0.2612898648053239,154372.0,1.0,Port Michaelmouth,TN,Comoros,2.0,2,Alto,0
48,Non-binary,High School,Divorced,114243.0,732.0,48760.0,Home,Unemployed,14,Fair,0.3066985948835076,137057.0,2.0,Morganstad,WY,Armenia,1.0,1,Bajo,1
34,Male,PhD,Married,68841.0,756.0,9017.0,Auto,Employed,2,Fair,0.1525241775637741,95203.0,0.0,East Lisa,VI,Austria,1.0,0,Bajo,1
50,Male,Master's,Married,61815.0,739.0,44959.0,Business,Self-employed,0,Excellent,0.5941101082685052,165626.0,3.0,North Daniel,VT,Tanzania,3.0,2,Alto,0
51,Male,Bachelor's,Single,67950.0,630.0,19250.0,Business,Unemployed,11,Good,0.19822838331719175,52635.0,2.0,North Jacob,CO,Philippines,3.0,1,Alto,0
21,Male,Bachelor's,Single,63774.0,640.0,46175.0,Home,Self-employed,10,Poor,0.14046851576760563,208854.0,4.0,Katherineland,NM,Gibraltar,1.0,1,Medio,2
45,Non-binary,High School,Single,30924.0,667.0,5927.0,Business,Self-employed,15,Good,0.1652049280873096,42909.0,3.0,Amyhaven,FL,Niger,1.0,2,Alto,0
18,Female,High School,Widowed,96610.0,641.0,40789.0,Personal,Employed,2,Poor,0.4325119870790617,85402.0,1.0,Port Debra,NE,Romania,0.0,1,Medio,2
41,Non-binary,Master's,Married,50178.0,612.0,23382.0,Home,Employed,15,Excellent,0.43194236485401505,69109.0,0.0,New John,IA,Zambia,3.0,1,Alto,0
30,Male,Bachelor's,Single,118161.0,613.0,33626.0,Auto,Employed,10,Fair,0.2966637105686927,118315.0,4.0,Porterport,NJ,Palestinian Territory,4.0,2,Alto,0
49,Male,Master's,Single,118315.0,738.0,6839.0,Business,Self-employed,15,Excellent,0.11606999659007708,214804.0,1.0,Adrianaborough,NC,Bolivia,4.0,2,Alto,0
45,Male,PhD,Married,100729.0,756.0,6844.0,Home,Unemployed,5,Fair,0.3089905700884732,96553.0,3.0,Port Kimberlybury,IA,Timor-Leste,3.0,2,Alto,0
35,Female,Master's,Single,115369.0,600.0,47202.0,Auto,Self-employed,4,Fair,0.2396732686722233,100617.0,0.0,Davidbury,WA,Cocos (Keeling) Islands,3.0,1,Alto,0
36,Non-binary,Bachelor's,Divorced,103468.0,762.0,16797.0,Home,Self-employed,7,Poor,0.3359164708237877,234932.0,0.0,Wardmouth,ID,Denmark,3.0,2,Alto,0
20,Male,High School,Widowed,114324.0,657.0,30194.0,Business,Self-employed,13,Good,0.19838974901778098,115281.0,4.0,Port Josephbury,AK,Nepal,3.0,0,Alto,0
52,Non-binary,PhD,Divorced,109017.0,768.0,46113.0,Home,Self-employed,9,Poor,0.2802178873601525,104830.0,2.0,Andersonton,ND,Holy See (Vatican City State),0.0,1,Bajo,1
49,Non-binary,Bachelor's,Married,64350.0,789.0,35132.0,Business,Employed,15,Poor,0.5292342918466538,262003.0,0.0,Medinaville,PA,Faroe Islands,1.0,2,Bajo,1
37,Female,Master's,Married,55098.0,740.0,49665.0,Home,Unemployed,10,Poor,0.27430725729876926,72601.0,0.0,Spencefort,GA,Cambodia,0.0,1,Bajo,1
68,Female,PhD,Widowed,109690.0,719.0,23335.0,Auto,Self-employed,8,Poor,0.2134377217087299,51488.0,2.0,Rubenside,HI,Montserrat,4.0,2,Alto,0
43,Non-binary,Master's,Married,100857.0,618.0,21236.0,Business,Self-employed,5,Poor,0.12082368542137947,158629.0,3.0,Smithstad,FM,New Zealand,2.0,1,Medio,2
27,Male,Bachelor's,Widowed,61119.0,625.0,6147.0,Business,Employed,7,Fair,0.2704308683768133,122821.0,2.0,New Sharon,SD,Uruguay,3.0,2,Alto,0
26,Male,Bachelor's,Single,47618.0,788.0,10085.0,Home,Unemployed,6,Good,0.11571846180460973,167898.0,3.0,Lake Jamesshire,MD,British Indian Ocean Territory (Chagos Archipelago),1.0,0,Bajo,1
52,Female,High School,Single,79004.0,772.0,19822.0,Home,Employed,3,Fair,0.3551623064757419,223224.0,4.0,Lake Gregorytown,NY,Indonesia,1.0,1,Bajo,1
33,Male,Master's,Widowed,96465.0,722.0,34985.0,Business,Unemployed,17,Excellent,0.2653018754133386,291272.0,1.0,Arnoldland,DE,Libyan Arab Jamahiriya,4.0,0,Alto,0
35,Non-binary,High School,Divorced,63773.0,723.0,15267.0,Home,Unemployed,0,Fair,0.31703774900386306,183098.0,1.0,Edwardport,MH,Argentina,1.0,0,Bajo,1
35,Non-binary,Bachelor's,Widowed,22458.0,723.0,14551.0,Personal,Employed,1,Fair,0.13465332328940918,160511.0,2.0,South Thomas,FM,Nigeria,3.0,2,Alto,0
45,Female,Master's,Divorced,72462.0,765.0,46320.0,Business,Unemployed,17,Good,0.42442826854093807,282973.0,0.0,Leeport,DC,Lebanon,3.0,0,Alto,0
21,Female,Bachelor's,Widowed,88917.0,669.0,18699.0,Home,Unemployed,16,Good,0.31598261216147283,200676.0,3.0,Brittanyland,OH,Nauru,1.0,0,Medio,2
69,Male,High School,Divorced,115017.0,754.0,21294.0,Business,Self-employed,7,Poor,0.4904741144837639,296733.0,0.0,Lake David,NY,Saudi Arabia,0.0,2,Bajo,1
46,Male,Bachelor's,Widowed,118351.0,701.0,22112.0,Auto,Unemployed,12,Good,0.2305427133891231,68483.0,4.0,New Jose,MN,Uganda,0.0,1,Bajo,1
32,Non-binary,Bachelor's,Widowed,23352.0,694.0,46893.0,Home,Unemployed,12,Good,0.4944125439467848,73579.0,4.0,Myersfurt,KY,French Southern Territories,2.0,1,Alto,0
26,Male,PhD,Single,89634.0,624.0,26398.0,Personal,Employed,8,Excellent,0.10951826084490582,272809.0,3.0,Ramirezstad,OR,Guadeloupe,1.0,2,Medio,2
65,Female,Bachelor's,Single,45381.0,643.0,13860.0,Personal,Employed,5,Poor,0.3539255537830499,111050.0,4.0,West Robert,KY,Mauritius,4.0,0,Alto,0
69,Female,Master's,Widowed,73821.0,675.0,39326.0,Home,Unemployed,10,Fair,0.4631891904014106,125141.0,2.0,Lake Juliestad,OH,New Caledonia,0.0,0,Medio,2
35,Non-binary,PhD,Single,51174.0,737.0,38405.0,Home,Employed,12,Poor,0.5801457470269874,267330.0,3.0,New Willieport,VT,Kiribati,4.0,1,Alto,0
68,Female,PhD,Widowed,95446.0,655.0,27381.0,Auto,Employed,5,Good,0.2990611110187039,168007.0,1.0,Melanieshire,HI,Netherlands Antilles,4.0,2,Alto,0
36,Female,PhD,Divorced,84558.0,622.0,21918.0,Personal,Unemployed,8,Good,0.22867081852039708,132884.0,1.0,Rogersmouth,MO,Somalia,4.0,0,Alto,0
65,Non-binary,High School,Divorced,43202.0,714.0,5233.0,Business,Employed,0,Good,0.41231806992240805,46124.0,2.0,Whitefurt,OR,Turkmenistan,3.0,2,Alto,0
40,Female,Bachelor's,Divorced,106724.0,623.0,37855.0,Personal,Employed,19,Excellent,0.41116552569849374,105548.0,1.0,Zunigaview,IL,Chad,1.0,2,Medio,2
50,Non-binary,PhD,Widowed,28262.0,755.0,36543.0,Home,Employed,9,Fair,0.25032454677630966,261596.0,2.0,Schmidtview,SD,Svalbard & Jan Mayen Islands,0.0,1,Alto,0
46,Non-binary,PhD,Divorced,61521.0,682.0,24449.0,Business,Unemployed,11,Poor,0.12489077798933043,213281.0,4.0,Taylorstad,AR,Saint Lucia,1.0,1,Bajo,1
61,Female,PhD,Widowed,21617.0,636.0,34140.0,Personal,Self-employed,18,Good,0.188425401024683,216344.0,1.0,South Christiestad,AR,Congo,2.0,1,Alto,0
47,Non-binary,Master's,Single,36689.0,743.0,10269.0,Auto,Employed,7,Fair,0.24861463909731554,127982.0,2.0,Mariaport,NV,Central African Republic,4.0,0,Alto,0
27,Non-binary,Bachelor's,Married,60868.0,734.0,35842.0,Business,Self-employed,13,Poor,0.5053574442101154,247389.0,0.0,Hallside,IN,Guam,2.0,0,Bajo,1
57,Non-binary,Bachelor's,Married,111467.0,755.0,33082.0,Personal,Employed,4,Fair,0.14528166349155744,237561.0,2.0,Lopezville,NM,Pakistan,4.0,0,Alto,0
57,Non-binary,Master's,Married,114022.0,691.0,31953.0,Home,Self-employed,18,Poor,0.5184179796463899,108579.0,2.0,South Cynthiabury,CO,San Marino,3.0,0,Alto,0
45,Female,Bachelor's,Married,50339.0,640.0,22366.0,Home,Self-employed,11,Poor,0.14795548170270514,234501.0,4.0,Victoriachester,WY,Croatia,4.0,0,Alto,0
47,Non-binary,PhD,Single,108636.0,767.0,19418.0,Business,Employed,7,Fair,0.2817058535472181,162558.0,2.0,Normachester,NE,Turkmenistan,4.0,2,Alto,0
40,Male,Master's,Single,117556.0,637.0,38345.0,Business,Self-employed,15,Fair,0.11728318108009353,262617.0,3.0,Nathanburgh,ME,Papua New Guinea,4.0,0,Alto,0
59,Female,Bachelor's,Divorced,94874.0,694.0,5656.0,Home,Self-employed,3,Fair,0.389504361919928,157035.0,0.0,Mirandaborough,AR,United States Minor Outlying Islands,2.0,2,Bajo,1
45,Female,High School,Divorced,117520.0,636.0,47405.0,Auto,Employed,1,Excellent,0.20705794546335707,168813.0,2.0,Timothymouth,IN,Barbados,1.0,0,Medio,2
48,Non-binary,High School,Widowed,88285.0,669.0,40252.0,Home,Unemployed,12,Poor,0.14593463632264184,278719.0,4.0,Port Johnmouth,NM,Guatemala,4.0,2,Alto,0
44,Male,PhD,Married,56282.0,680.0,46392.0,Home,Unemployed,17,Good,0.18439386383209014,94527.0,4.0,Port Samantha,WA,Bangladesh,0.0,0,Bajo,1
40,Non-binary,High School,Widowed,35389.0,683.0,47018.0,Personal,Employed,2,Poor,0.12257018910700743,135857.0,1.0,Johnburgh,IL,Guam,4.0,2,Alto,0
63,Female,Master's,Divorced,54510.0,639.0,45442.0,Business,Unemployed,19,Poor,0.2660074750192245,80302.0,2.0,Lake Sarah,MD,Niger,2.0,0,Medio,2
52,Non-binary,High School,Single,35819.0,768.0,22031.0,Auto,Self-employed,19,Fair,0.4807276656017363,244986.0,4.0,Gouldview,UT,Burkina Faso,2.0,2,Alto,0
58,Male,High School,Married,44992.0,602.0,6377.0,Auto,Employed,12,Good,0.21051338772600894,134748.0,2.0,Davidshire,DE,Azerbaijan,4.0,1,Alto,0
68,Male,PhD,Single,80062.0,757.0,19873.0,Business,Unemployed,11,Good,0.16622956870390518,244674.0,4.0,South Rebecca,WY,Mayotte,0.0,2,Bajo,1
57,Female,High School,Widowed,103557.0,651.0,45236.0,Business,Unemployed,13,Excellent,0.40544187954995825,210178.0,3.0,Bryanview,RI,Mauritania,4.0,0,Alto,0
41,Male,Master's,Divorced,36120.0,717.0,7603.0,Business,Self-employed,1,Excellent,0.3490875029456647,118470.0,3.0,Joycefort,KS,Ecuador,4.0,2,Alto,0
45,Male,Bachelor's,Single,80503.0,707.0,46280.0,Auto,Employed,8,Poor,0.4998193887867606,80930.0,4.0,Faulknerberg,IL,Malaysia,2.0,2,Bajo,1
40,Female,High School,Divorced,20975.0,689.0,38601.0,Auto,Unemployed,9,Good,0.39238231547552904,61744.0,4.0,Myerstown,WV,Equatorial Guinea,2.0,0,Alto,0
19,Female,High School,Single,55800.0,616.0,30423.0,Home,Employed,9,Good,0.1358407541701642,237363.0,1.0,South Cassandra,AZ,Bahrain,0.0,1,Medio,2
44,Non-binary,Bachelor's,Single,38223.0,637.0,24330.0,Business,Employed,11,Good,0.5966919943827874,30736.0,4.0,Port Christopher,WA,Reunion,4.0,2,Alto,0
64,Female,Bachelor's,Widowed,117069.0,618.0,39562.0,Home,Unemployed,0,Poor,0.13380070086474652,29487.0,3.0,North Hannah,AK,Egypt,4.0,1,Alto,0
67,Non-binary,Master's,Divorced,72494.0,626.0,30745.0,Business,Employed,3,Excellent,0.5361317067600464,116879.0,4.0,East Joshua,AR,Kazakhstan,0.0,0,Medio,2
37,Non-binary,PhD,Widowed,119251.0,687.0,15104.0,Personal,Self-employed,10,Fair,0.12558740837439872,164633.0,4.0,West Belindaton,UT,Mauritania,4.0,0,Alto,0
20,Female,PhD,Single,87986.0,612.0,32980.0,Home,Self-employed,15,Fair,0.2802589474391922,36442.0,3.0,Lake Melanie,VI,Bouvet Island (Bouvetoya),3.0,2,Alto,0
54,Female,High School,Divorced,70278.0,711.0,30712.0,Auto,Unemployed,14,Fair,0.2689012676476089,282689.0,3.0,South Katherine,MH,Poland,1.0,1,Bajo,1
25,Female,Master's,Widowed,34482.0,754.0,49079.0,Auto,Unemployed,7,Fair,0.3673183767665342,32526.0,3.0,Williamsbury,OR,Belgium,4.0,0,Alto,0
32,Non-binary,Bachelor's,Divorced,28916.0,707.0,35641.0,Home,Unemployed,15,Poor,0.33250466289783176,125751.0,0.0,Thomasmouth,ID,Bangladesh,4.0,1,Alto,0
22,Female,High School,Widowed,117977.0,658.0,27607.0,Business,Unemployed,3,Excellent,0.5349678796392124,191282.0,1.0,Charlesview,IL,Norway,1.0,0,Medio,2
34,Female,PhD,Married,39423.0,759.0,40517.0,Home,Employed,4,Good,0.47203905263208124,177051.0,3.0,Willisberg,OK,Finland,4.0,0,Alto,0
47,Non-binary,PhD,Married,73149.0,785.0,19125.0,Personal,Unemployed,19,Fair,0.23957220498123002,168064.0,0.0,East Carlychester,LA,Malawi,0.0,1,Bajo,1
19,Non-binary,PhD,Married,118111.0,687.0,12630.0,Personal,Employed,3,Good,0.2792091741048929,159829.0,3.0,New Lucas,ME,Ecuador,4.0,2,Alto,0
38,Male,Master's,Divorced,114048.0,743.0,45727.0,Auto,Unemployed,3,Poor,0.1418672298841885,256465.0,3.0,Lindseybury,TN,Micronesia,4.0,1,Alto,0
36,Male,PhD,Married,99973.0,701.0,12242.0,Auto,Self-employed,14,Good,0.513146259460762,177224.0,0.0,Mcknightside,WV,Saint Kitts and Nevis,0.0,2,Bajo,1
46,Female,High School,Married,36786.0,652.0,30890.0,Personal,Self-employed,17,Poor,0.26755509641416664,220829.0,4.0,Millershire,MT,Uzbekistan,2.0,0,Alto,0
47,Male,Bachelor's,Single,118039.0,622.0,34797.0,Personal,Employed,5,Excellent,0.5579329462330784,32326.0,4.0,East Michelletown,WI,Zimbabwe,3.0,2,Alto,0
67,Female,Master's,Married,52261.0,614.0,44857.0,Auto,Employed,16,Excellent,0.1739868081116693,239420.0,2.0,New Ashley,NJ,Brunei Darussalam,1.0,2,Medio,2
38,Male,Bachelor's,Divorced,67367.0,651.0,5850.0,Personal,Self-employed,3,Fair,0.5792806141069072,289472.0,3.0,Carterchester,GU,Japan,4.0,0,Alto,0
39,Non-binary,Master's,Single,21929.0,774.0,29107.0,Auto,Self-employed,17,Excellent,0.35749740097590166,72603.0,1.0,Russellchester,PA,Azerbaijan,1.0,0,Alto,0
40,Male,High School,Divorced,27084.0,750.0,5357.0,Auto,Self-employed,4,Excellent,0.311581047009057,109976.0,2.0,Katiefort,NJ,Venezuela,4.0,2,Alto,0
48,Non-binary,PhD,Widowed,106624.0,785.0,12703.0,Auto,Unemployed,10,Poor,0.16021338933174625,233430.0,1.0,Johnsonhaven,NM,Spain,3.0,0,Alto,0
41,Non-binary,Master's,Married,66861.0,786.0,37893.0,Personal,Self-employed,9,Excellent,0.10540146624808142,285876.0,2.0,New Christopher,GA,Pakistan,1.0,0,Bajo,1
57,Male,Bachelor's,Married,65311.0,602.0,11262.0,Business,Unemployed,9,Fair,0.5183341598479835,134811.0,2.0,North Clarence,HI,Cuba,3.0,2,Alto,0
64,Non-binary,High School,Widowed,47868.0,656.0,40105.0,Auto,Self-employed,18,Good,0.27697655496187257,25531.0,2.0,North Danielmouth,PA,Paraguay,4.0,1,Alto,0
57,Male,PhD,Divorced,77153.0,681.0,5787.0,Personal,Self-employed,9,Fair,0.36978692965916415,84569.0,4.0,Schwartzfurt,NE,New Caledonia,1.0,2,Bajo,1
30,Non-binary,PhD,Married,76068.0,729.0,43772.0,Personal,Self-employed,19,Poor,0.2837687494332869,63678.0,2.0,North Juanshire,UT,Chile,0.0,1,Bajo,1
59,Female,Bachelor's,Single,23573.0,653.0,17090.0,Home,Unemployed,16,Good,0.2559884924643736,48821.0,0.0,North Javiershire,NJ,Pakistan,1.0,2,Alto,0
31,Female,Bachelor's,Married,95204.0,686.0,8264.0,Home,Unemployed,1,Fair,0.3438925913113168,110768.0,4.0,Christophershire,MN,Samoa,4.0,2,Alto,0
31,Female,PhD,Widowed,64112.0,728.0,25822.0,Personal,Self-employed,3,Excellent,0.5799338027046694,239559.0,2.0,Kimberlyside,NE,Faroe Islands,0.0,1,Bajo,1
56,Non-binary,High School,Single,36184.0,779.0,27444.0,Auto,Unemployed,1,Excellent,0.5330548597121639,206862.0,0.0,Smithshire,SD,Kiribati,4.0,1,Alto,0
59,Male,PhD,Widowed,23376.0,639.0,13933.0,Auto,Self-employed,16,Fair,0.4930459175756302,178206.0,0.0,West Chadfurt,MD,Greenland,2.0,0,Alto,0
35,Male,Master's,Divorced,56415.0,618.0,5228.0,Personal,Self-employed,16,Poor,0.26799602041549,104274.0,1.0,Gilbertland,OH,Maldives,2.0,1,Medio,2
52,Female,Bachelor's,Married,79618.0,603.0,8244.0,Auto,Unemployed,5,Fair,0.33915793633329616,211923.0,1.0,Quinnmouth,MD,Namibia,2.0,1,Medio,2
61,Non-binary,High School,Married,33219.0,719.0,26958.0,Business,Unemployed,9,Fair,0.4801559514161704,121818.0,0.0,North Dakotaberg,DE,Lesotho,4.0,1,Alto,0
20,Non-binary,High School,Divorced,92949.0,658.0,24734.0,Auto,Unemployed,12,Good,0.5461643818440931,292573.0,3.0,West Donna,AK,Gibraltar,0.0,2,Medio,2
64,Non-binary,Bachelor's,Widowed,63152.0,649.0,36556.0,Home,Self-employed,4,Good,0.25509525580398096,142627.0,2.0,South Eric,VA,Senegal,2.0,2,Medio,2
61,Male,PhD,Widowed,66025.0,721.0,25986.0,Business,Employed,10,Excellent,0.15851328375678744,128601.0,2.0,Rickymouth,MO,Gambia,2.0,2,Bajo,1
64,Non-binary,PhD,Divorced,23044.0,669.0,38298.0,Auto,Employed,6,Good,0.28037521273754007,150426.0,3.0,Danielfort,KY,Brazil,1.0,0,Alto,0
59,Female,High School,Widowed,37349.0,626.0,30905.0,Business,Employed,5,Excellent,0.5128058790064529,254331.0,4.0,East Johnland,HI,Andorra,4.0,0,Alto,0
43,Male,High School,Divorced,97085.0,664.0,16427.0,Auto,Unemployed,19,Poor,0.14651579252970012,186491.0,3.0,Deleonside,VT,Luxembourg,1.0,1,Medio,2
64,Non-binary,High School,Divorced,85573.0,667.0,14241.0,Business,Employed,16,Fair,0.32348919666644793,230858.0,0.0,East Angelaburgh,AS,British Virgin Islands,1.0,1,Medio,2
33,Non-binary,PhD,Divorced,118538.0,699.0,16065.0,Personal,Self-employed,1,Poor,0.5587775333631123,34832.0,2.0,New Jonathanhaven,NH,Myanmar,3.0,1,Alto,0
52,Non-binary,Master's,Single,109577.0,607.0,35235.0,Personal,Self-employed,8,Excellent,0.5576261258134538,72940.0,0.0,South Rosston,CT,Malawi,0.0,2,Medio,2
65,Non-binary,Bachelor's,Divorced,82104.0,701.0,16654.0,Business,Unemployed,2,Fair,0.5318525032958136,284799.0,4.0,Laurastad,LA,Yemen,4.0,1,Alto,0
64,Male,Bachelor's,Divorced,96355.0,764.0,31279.0,Home,Employed,4,Good,0.3790508431145473,226010.0,1.0,Spencerbury,FL,Latvia,3.0,1,Alto,0
39,Male,Master's,Divorced,41649.0,708.0,39830.0,Home,Unemployed,10,Good,0.25622071151485026,183171.0,0.0,West Steven,GA,Tokelau,1.0,2,Bajo,1
50,Male,PhD,Married,90640.0,704.0,16990.0,Personal,Employed,12,Poor,0.32283692836241173,258480.0,4.0,Myersmouth,DE,Spain,1.0,0,Bajo,1
34,Male,Master's,Divorced,80064.0,610.0,13916.0,Personal,Employed,15,Excellent,0.5153541106384785,54664.0,4.0,Justinhaven,DE,United Kingdom,0.0,0,Medio,2
65,Non-binary,PhD,Divorced,54515.0,730.0,45396.0,Home,Unemployed,18,Good,0.3635935117045139,195559.0,2.0,Burgessberg,AZ,Swaziland,1.0,0,Bajo,1
69,Female,PhD,Widowed,58487.0,720.0,44491.0,Personal,Self-employed,10,Excellent,0.308022924630738,209169.0,4.0,North Stephanieville,MT,Fiji,1.0,2,Bajo,1
40,Male,PhD,Divorced,94279.0,686.0,35574.0,Auto,Unemployed,7,Good,0.1832191814694791,288771.0,3.0,South Johnport,PW,Anguilla,3.0,0,Alto,0
39,Female,High School,Single,117217.0,659.0,7799.0,Auto,Employed,17,Good,0.3067612073353383,86523.0,0.0,West Jeffreyfurt,CA,Zambia,2.0,1,Medio,2
27,Female,Bachelor's,Single,117555.0,659.0,27489.0,Home,Employed,0,Poor,0.5535993553315228,186467.0,4.0,Thompsonstad,AR,Slovenia,1.0,2,Medio,2
53,Female,PhD,Divorced,31654.0,645.0,38221.0,Business,Unemployed,15,Fair,0.5138506494519568,96027.0,0.0,New Meganfurt,AR,Colombia,4.0,0,Alto,0
34,Non-binary,Master's,Single,99845.0,796.0,37891.0,Business,Unemployed,10,Poor,0.2848619446692019,273085.0,0.0,South Oscar,PW,Bouvet Island (Bouvetoya),3.0,0,Alto,0
29,Non-binary,High School,Married,66971.0,709.0,25326.0,Home,Employed,0,Poor,0.38767336120253915,151112.0,4.0,New Candice,FL,Saint Vincent and the Grenadines,2.0,0,Bajo,1
26,Female,Bachelor's,Married,105694.0,685.0,18794.0,Business,Unemployed,0,Good,0.32022384290087424,23653.0,3.0,Margarettown,MS,Japan,2.0,2,Bajo,1
43,Non-binary,High School,Widowed,110855.0,647.0,47202.0,Auto,Self-employed,9,Excellent,0.5234626286291568,259672.0,2.0,East Crystalland,OR,China,3.0,1,Alto,0
63,Female,High School,Widowed,79220.0,688.0,33483.0,Home,Employed,7,Fair,0.30798116255634966,225436.0,3.0,West Antonioville,TN,Falkland Islands (Malvinas),2.0,2,Bajo,1
40,Non-binary,PhD,Single,36462.0,795.0,11803.0,Business,Self-employed,6,Excellent,0.304785790098677,275977.0,2.0,Jordanshire,NV,United Kingdom,4.0,1,Alto,0
47,Male,Master's,Single,29442.0,790.0,47083.0,Business,Employed,14,Good,0.24705034277317164,85377.0,3.0,Richchester,PW,Suriname,2.0,2,Alto,0
54,Non-binary,High School,Widowed,116666.0,667.0,14997.0,Auto,Self-employed,6,Fair,0.38808660041477017,135539.0,4.0,East Jimmymouth,MN,Czech Republic,4.0,1,Alto,0
20,Female,High School,Widowed,29635.0,715.0,23199.0,Home,Self-employed,12,Excellent,0.18932884323593183,291653.0,2.0,Port Sandraport,KS,Norway,1.0,2,Alto,0
53,Female,Bachelor's,Widowed,48432.0,724.0,25236.0,Home,Employed,19,Good,0.3560137678056863,137318.0,2.0,Careystad,VI,Netherlands,0.0,2,Bajo,1
42,Female,PhD,Divorced,20207.0,753.0,25012.0,Personal,Self-employed,17,Poor,0.26436402832359573,171961.0,3.0,Williamsfort,SD,Jordan,2.0,1,Alto,0
54,Male,PhD,Divorced,56366.0,767.0,10059.0,Personal,Unemployed,1,Good,0.50378578282968,278832.0,2.0,Cindymouth,WY,Yemen,1.0,2,Bajo,1
20,Male,Bachelor's,Single,65406.0,681.0,24184.0,Personal,Unemployed,4,Poor,0.13533237702510162,285040.0,3.0,New Jenniferberg,FL,Togo,1.0,0,Bajo,1
37,Male,High School,Divorced,51058.0,793.0,27730.0,Home,Unemployed,1,Excellent,0.5862527798956345,144059.0,0.0,Lake Todd,ID,Saudi Arabia,2.0,2,Bajo,1
58,Male,High School,Divorced,34620.0,610.0,32400.0,Personal,Employed,3,Excellent,0.4710678316456093,94326.0,3.0,East Joseph,MI,Sierra Leone,4.0,2,Alto,0
39,Male,PhD,Widowed,75313.0,672.0,18578.0,Home,Employed,2,Poor,0.2593670217486075,170754.0,4.0,East Monicaton,MA,Philippines,1.0,1,Medio,2
40,Male,Bachelor's,Married,39465.0,678.0,34998.0,Personal,Unemployed,18,Good,0.3578081410879388,222171.0,2.0,South Samuel,PR,Martinique,3.0,2,Alto,0
66,Female,Bachelor's,Widowed,39861.0,601.0,48146.0,Business,Self-employed,6,Poor,0.4415080502663916,162537.0,1.0,South Robert,WA,Kazakhstan,4.0,2,Alto,0
34,Non-binary,Bachelor's,Widowed,115930.0,676.0,26833.0,Personal,Unemployed,4,Excellent,0.4642957741252962,211588.0,1.0,New Monica,MP,Korea,4.0,2,Alto,0
29,Male,PhD,Single,26771.0,730.0,8160.0,Business,Unemployed,11,Poor,0.1221129247158799,292613.0,4.0,East Eric,UT,Seychelles,2.0,2,Alto,0
20,Non-binary,Bachelor's,Single,42740.0,754.0,5991.0,Auto,Self-employed,17,Good,0.48758326171364774,257827.0,0.0,Thomashaven,IA,Ghana,3.0,0,Alto,0
57,Female,Bachelor's,Widowed,79204.0,776.0,44157.0,Personal,Employed,0,Good,0.11318302000813998,80333.0,1.0,Port Cody,CO,Romania,1.0,0,Bajo,1
55,Female,PhD,Married,82968.0,679.0,14046.0,Business,Self-employed,13,Good,0.2925624278593565,270764.0,0.0,North Kimberly,MT,New Zealand,0.0,1,Medio,2
67,Female,Bachelor's,Single,92105.0,762.0,21479.0,Personal,Unemployed,6,Good,0.2138801537703762,240264.0,2.0,Browntown,OK,Cambodia,2.0,1,Bajo,1
48,Male,Master's,Married,76997.0,740.0,30977.0,Auto,Employed,3,Poor,0.3308264982956103,120880.0,3.0,West Edwardberg,FL,Micronesia,2.0,1,Bajo,1
21,Female,Bachelor's,Divorced,30040.0,725.0,41888.0,Personal,Unemployed,1,Poor,0.38712182135738427,143314.0,3.0,Clarktown,WY,Swaziland,1.0,2,Alto,0
65,Non-binary,PhD,Divorced,21080.0,761.0,8547.0,Auto,Self-employed,9,Excellent,0.14473601352474372,284256.0,2.0,Taylorshire,WA,French Southern Territories,4.0,0,Alto,0
38,Female,Bachelor's,Married,36760.0,603.0,42083.0,Personal,Unemployed,15,Poor,0.4488417445006915,156342.0,3.0,Port Kara,DE,United Kingdom,1.0,0,Alto,0
51,Male,Bachelor's,Single,105549.0,748.0,18199.0,Personal,Self-employed,8,Excellent,0.2254559344610523,205428.0,0.0,Kellyberg,AZ,Australia,3.0,2,Alto,0
29,Male,PhD,Widowed,46272.0,661.0,12650.0,Home,Self-employed,18,Good,0.3580779206968583,293068.0,1.0,Brianmouth,AR,Tokelau,4.0,2,Alto,0
30,Non-binary,High School,Divorced,37187.0,717.0,34501.0,Personal,Unemployed,8,Good,0.5691688242876269,286851.0,0.0,South Taratown,SD,Tokelau,3.0,0,Alto,0
48,Female,PhD,Widowed,116742.0,670.0,15456.0,Business,Self-employed,5,Poor,0.4061427894639337,78874.0,1.0,Mathewsborough,AZ,Argentina,0.0,1,Medio,2
29,Non-binary,High School,Single,91123.0,711.0,28082.0,Business,Employed,5,Good,0.4649793844799367,116211.0,4.0,North Malik,AL,Kuwait,0.0,1,Bajo,1
59,Female,Bachelor's,Single,41106.0,757.0,44531.0,Personal,Unemployed,18,Excellent,0.4822676605200237,255402.0,0.0,Smithborough,MA,Macao,3.0,1,Alto,0
59,Non-binary,Bachelor's,Married,80481.0,721.0,31165.0,Home,Employed,10,Fair,0.4343823518452864,281346.0,0.0,South Sharonmouth,CA,Spain,2.0,2,Bajo,1
40,Non-binary,High School,Divorced,40551.0,784.0,42257.0,Home,Employed,9,Fair,0.2786745695843935,199119.0,4.0,Ronaldberg,MD,Saudi Arabia,1.0,2,Bajo,1
24,Female,Bachelor's,Single,89206.0,610.0,30320.0,Auto,Self-employed,8,Excellent,0.4540122739391578,171313.0,0.0,Kathleentown,MO,Liechtenstein,4.0,0,Alto,0
49,Female,PhD,Widowed,116815.0,794.0,35439.0,Business,Unemployed,12,Poor,0.2933335597148543,47063.0,4.0,West Melissamouth,ID,Wallis and Futuna,3.0,2,Alto,0
28,Non-binary,Bachelor's,Divorced,83996.0,615.0,28543.0,Personal,Unemployed,6,Excellent,0.3244733268024974,240596.0,4.0,Youngborough,ND,Turkmenistan,4.0,2,Alto,0
63,Male,Master's,Divorced,24094.0,765.0,25450.0,Business,Unemployed,4,Poor,0.22973777562224593,281069.0,0.0,Markchester,NC,British Indian Ocean Territory (Chagos Archipelago),4.0,1,Alto,0
64,Non-binary,Bachelor's,Married,38643.0,694.0,34278.0,Auto,Employed,8,Good,0.343749211773414,161189.0,3.0,Reillyside,GU,Jersey,1.0,0,Alto,0
51,Non-binary,PhD,Married,106708.0,739.0,20411.0,Auto,Self-employed,17,Fair,0.4412089164791566,143215.0,4.0,Markland,SC,Belize,3.0,0,Alto,0
42,Female,Bachelor's,Divorced,103247.0,708.0,21059.0,Auto,Unemployed,3,Fair,0.37104863770494845,199480.0,4.0,South Candace,MS,American Samoa,3.0,2,Alto,0
48,Male,Master's,Married,36484.0,615.0,16213.0,Auto,Unemployed,2,Fair,0.19604939178377026,20203.0,2.0,Morrisville,RI,Latvia,4.0,1,Alto,0
42,Female,PhD,Single,119007.0,601.0,38500.0,Business,Self-employed,18,Good,0.32074070149927936,71820.0,0.0,West Nathaniel,VT,Albania,0.0,1,Medio,2
25,Male,Master's,Single,26473.0,651.0,18307.0,Business,Self-employed,16,Excellent,0.1774794255964862,48972.0,4.0,West Joshuashire,HI,United States Virgin Islands,0.0,2,Alto,0
66,Non-binary,Bachelor's,Widowed,70551.0,743.0,30104.0,Business,Self-employed,2,Excellent,0.3836022666101039,172089.0,3.0,Lake Debra,IA,French Southern Territories,2.0,2,Bajo,1
65,Non-binary,Master's,Married,51481.0,686.0,45890.0,Business,Unemployed,19,Excellent,0.3732360463570934,157694.0,0.0,Farrellchester,MI,Uruguay,1.0,2,Bajo,1
22,Non-binary,High School,Divorced,88165.0,738.0,44765.0,Auto,Unemployed,3,Fair,0.42513184965730877,94271.0,2.0,Rogerbury,NM,Tokelau,0.0,0,Bajo,1
69,Non-binary,Bachelor's,Married,31344.0,628.0,16623.0,Auto,Self-employed,17,Poor,0.3122908736335769,80124.0,0.0,Davidfort,IL,Tunisia,0.0,1,Alto,0
51,Female,Bachelor's,Widowed,90766.0,651.0,25240.0,Auto,Employed,11,Fair,0.4563018350947524,163457.0,2.0,East Dawn,MH,Kenya,2.0,1,Medio,2
64,Non-binary,PhD,Married,51094.0,758.0,7215.0,Business,Unemployed,16,Fair,0.4221520362100908,190645.0,3.0,East Douglas,MD,Mayotte,2.0,1,Bajo,1
33,Non-binary,Master's,Divorced,83554.0,743.0,48664.0,Home,Unemployed,16,Fair,0.25459302000788886,96989.0,0.0,Brooksville,AS,Pitcairn Islands,0.0,1,Bajo,1
53,Male,Master's,Divorced,62876.0,690.0,39134.0,Auto,Employed,9,Good,0.5466924539341621,55565.0,4.0,North Jennifer,DC,Bermuda,4.0,1,Alto,0
58,Female,PhD,Divorced,59113.0,716.0,17384.0,Auto,Self-employed,15,Excellent,0.3669053643028911,140585.0,1.0,Lake Taylorfurt,UT,Montenegro,3.0,0,Alto,0
65,Non-binary,Master's,Married,24054.0,731.0,15988.0,Home,Employed,15,Excellent,0.18172125766540706,114409.0,3.0,Lake Aaronside,AZ,Central African Republic,1.0,2,Alto,0
63,Non-binary,Master's,Divorced,107017.0,770.0,42405.0,Personal,Unemployed,9,Fair,0.5456232693573372,128462.0,3.0,Matthewhaven,AS,Niger,4.0,1,Alto,0
61,Male,Master's,Divorced,81271.0,659.0,32241.0,Home,Unemployed,5,Good,0.12787198142425796,118172.0,4.0,Port Lori,AK,Serbia,1.0,0,Medio,2
61,Male,Bachelor's,Single,26732.0,668.0,31107.0,Auto,Unemployed,16,Poor,0.18197442685304285,64741.0,0.0,Flowersshire,NH,Kyrgyz Republic,4.0,0,Alto,0
24,Female,Master's,Married,109043.0,721.0,41973.0,Personal,Self-employed,17,Excellent,0.24396478453394446,154466.0,4.0,South Kenneth,WA,Taiwan,0.0,1,Bajo,1
68,Male,Master's,Single,73389.0,669.0,43202.0,Business,Employed,14,Poor,0.30381318587168693,204985.0,2.0,West Jacob,NJ,Christmas Island,3.0,1,Alto,0
21,Non-binary,Master's,Married,100337.0,687.0,36805.0,Home,Employed,4,Excellent,0.3216078108837094,274938.0,2.0,Port Michellehaven,HI,South Africa,0.0,2,Bajo,1
38,Non-binary,Bachelor's,Married,50268.0,759.0,16460.0,Business,Self-employed,13,Excellent,0.5188672128124685,278633.0,4.0,Sanchezmouth,VT,Zambia,4.0,0,Alto,0
49,Non-binary,PhD,Divorced,37637.0,690.0,25005.0,Business,Employed,3,Good,0.5809759981135868,55875.0,0.0,East Daniel,MN,Niue,4.0,1,Alto,0
56,Male,High School,Widowed,42597.0,644.0,35406.0,Auto,Employed,11,Poor,0.14643968422864437,188660.0,3.0,West Barbarafurt,NJ,Faroe Islands,2.0,2,Medio,2
69,Non-binary,High School,Married,36040.0,737.0,11112.0,Personal,Self-employed,4,Excellent,0.30194464129892706,79983.0,3.0,South George,KS,Mauritania,4.0,1,Alto,0
21,Female,High School,Divorced,96729.0,649.0,28026.0,Auto,Unemployed,9,Excellent,0.27540321102257204,70784.0,0.0,Port Angela,WI,Serbia,4.0,2,Alto,0
33,Male,High School,Divorced,51147.0,724.0,24812.0,Personal,Unemployed,11,Poor,0.31022743214401605,222225.0,3.0,North Brendanhaven,MP,Comoros,4.0,1,Alto,0
22,Male,High School,Single,100746.0,776.0,45106.0,Personal,Unemployed,8,Excellent,0.5968182704197631,110919.0,2.0,Susanfurt,VA,Japan,0.0,0,Bajo,1
39,Female,High School,Divorced,93634.0,642.0,8039.0,Home,Employed,3,Good,0.4909689635776663,24931.0,2.0,Tuckerview,CA,Western Sahara,4.0,0,Alto,0
57,Female,PhD,Married,89998.0,765.0,21077.0,Home,Employed,7,Fair,0.26177906553117514,263635.0,4.0,Brittanyside,KS,Cote d'Ivoire,2.0,1,Bajo,1
66,Female,High School,Widowed,96990.0,762.0,16970.0,Auto,Employed,10,Fair,0.23844605437777341,165982.0,3.0,Port Kelly,TN,Peru,0.0,0,Bajo,1
29,Non-binary,Master's,Single,41086.0,632.0,8447.0,Auto,Employed,11,Fair,0.14837641894658585,45835.0,3.0,West Christopher,GU,Turkey,3.0,2,Alto,0
68,Male,Master's,Divorced,92035.0,728.0,34079.0,Auto,Unemployed,1,Fair,0.5018989478634373,49615.0,3.0,West Jenniferland,MP,Poland,4.0,2,Alto,0
43,Non-binary,Bachelor's,Married,116889.0,611.0,20317.0,Home,Unemployed,10,Poor,0.31710313004628754,91033.0,0.0,New Dennis,VT,Sierra Leone,2.0,0,Medio,2
61,Female,Master's,Single,116920.0,698.0,34671.0,Auto,Unemployed,8,Fair,0.4742075803719582,193391.0,1.0,Smithborough,NH,Uruguay,0.0,2,Bajo,1
67,Male,Bachelor's,Widowed,93098.0,640.0,14192.0,Auto,Unemployed,9,Poor,0.543843539125099,162013.0,2.0,Port Bradley,MO,Comoros,4.0,2,Alto,0
19,Male,Master's,Single,90494.0,701.0,44737.0,Business,Employed,17,Fair,0.43914323712035785,247167.0,2.0,Nicoleborough,AS,Palau,1.0,0,Bajo,1
62,Male,PhD,Widowed,111512.0,794.0,26061.0,Home,Unemployed,13,Poor,0.17063969231889917,90373.0,4.0,Margaretland,MN,Luxembourg,0.0,1,Bajo,1
43,Non-binary,Master's,Married,111860.0,623.0,16743.0,Auto,Unemployed,19,Excellent,0.16866112954919685,115657.0,1.0,Stanleybury,KS,Estonia,4.0,2,Alto,0
21,Female,High School,Widowed,65330.0,619.0,48155.0,Home,Self-employed,19,Fair,0.45929984463428386,113279.0,3.0,New Adam,MS,Grenada,3.0,2,Alto,0
52,Non-binary,PhD,Single,47603.0,665.0,49815.0,Business,Self-employed,13,Good,0.3065549734789341,87571.0,0.0,Port Charles,IN,Greece,4.0,0,Alto,0
23,Female,Master's,Single,44512.0,757.0,24839.0,Personal,Self-employed,17,Good,0.4592740349138619,102429.0,1.0,Danieltown,SC,Gabon,2.0,2,Bajo,1
23,Female,High School,Married,35648.0,705.0,5496.0,Home,Self-employed,1,Excellent,0.4744612113896719,211248.0,3.0,Lake Courtney,IL,Netherlands,3.0,1,Alto,0
38,Male,Bachelor's,Married,72182.0,624.0,34000.0,Business,Self-employed,7,Fair,0.3584478659849123,256579.0,1.0,Michaelbury,DC,Saint Kitts and Nevis,3.0,0,Alto,0
69,Male,PhD,Single,23034.0,793.0,11923.0,Personal,Unemployed,1,Excellent,0.39728799281425464,255166.0,1.0,New Nicoleview,ID,Cayman Islands,4.0,0,Alto,0
46,Female,PhD,Single,24409.0,721.0,45270.0,Home,Employed,10,Poor,0.590358335604193,228689.0,2.0,Elizabethbury,NE,Tajikistan,4.0,1,Alto,0
20,Male,High School,Married,68575.0,686.0,38653.0,Auto,Employed,0,Excellent,0.1718169017742209,216093.0,3.0,West Lauren,AR,Netherlands,1.0,0,Bajo,1
20,Female,Master's,Widowed,48688.0,780.0,45080.0,Business,Self-employed,4,Excellent,0.20680387605792058,85342.0,3.0,East Stephaniemouth,SC,France,2.0,2,Bajo,1
58,Male,High School,Married,85430.0,681.0,20415.0,Auto,Employed,12,Fair,0.29771275321939183,190710.0,3.0,Katherineview,KS,New Caledonia,4.0,1,Alto,0
47,Male,Master's,Divorced,68704.0,626.0,18672.0,Home,Unemployed,16,Excellent,0.12380133413081293,233651.0,4.0,New Laura,VI,Azerbaijan,2.0,0,Medio,2
52,Non-binary,High School,Single,42625.0,619.0,28194.0,Business,Unemployed,3,Excellent,0.1097376621598172,98874.0,4.0,Bakerport,PW,Cyprus,1.0,1,Medio,2
34,Female,High School,Widowed,58738.0,634.0,37272.0,Home,Self-employed,10,Poor,0.38030080542065225,190369.0,3.0,Andrewton,CO,Puerto Rico,4.0,0,Alto,0
40,Female,High School,Married,88769.0,622.0,13320.0,Home,Self-employed,15,Poor,0.42503825974203013,111560.0,2.0,South Kimberly,DC,Slovenia,2.0,0,Medio,2
66,Non-binary,PhD,Divorced,23512.0,761.0,5368.0,Business,Employed,14,Good,0.5241155540452715,199402.0,0.0,Cobbview,CO,Morocco,4.0,2,Alto,0
62,Male,Master's,Married,102755.0,766.0,37035.0,Auto,Self-employed,17,Fair,0.2716346785820686,177527.0,0.0,Michaelfurt,UT,Malawi,0.0,0,Bajo,1
65,Male,High School,Single,94102.0,660.0,41884.0,Personal,Unemployed,4,Poor,0.5078133753607824,168309.0,0.0,West Sharon,PA,Namibia,2.0,1,Medio,2
23,Male,Bachelor's,Widowed,35077.0,684.0,45861.0,Home,Self-employed,11,Fair,0.5748394324705096,270279.0,1.0,Manningberg,WV,Spain,0.0,1,Alto,0
68,Non-binary,PhD,Single,48774.0,638.0,11797.0,Home,Employed,5,Fair,0.4409346094535478,280685.0,3.0,Watsonshire,HI,Saint Kitts and Nevis,0.0,1,Medio,2
38,Female,Master's,Married,84557.0,736.0,23495.0,Business,Unemployed,13,Good,0.48870040425274397,119112.0,2.0,Butlerton,OH,Saint Pierre and Miquelon,0.0,0,Bajo,1
53,Non-binary,High School,Single,111071.0,659.0,15634.0,Personal,Employed,1,Poor,0.22478597010130832,82934.0,2.0,Sherrihaven,NH,Tuvalu,2.0,2,Medio,2
48,Male,PhD,Married,25769.0,728.0,30657.0,Auto,Employed,3,Excellent,0.5963982587336577,136759.0,1.0,Sonyaville,NV,Kiribati,3.0,0,Alto,0
59,Male,High School,Widowed,39332.0,761.0,8243.0,Personal,Self-employed,9,Good,0.36167892290596637,291571.0,1.0,Lawsonhaven,NM,Guyana,3.0,0,Alto,0
44,Male,High School,Married,69966.0,651.0,31592.0,Home,Employed,6,Poor,0.3391364620777697,62134.0,3.0,South Christophertown,WA,Grenada,3.0,1,Alto,0
22,Female,PhD,Single,61230.0,661.0,17515.0,Personal,Employed,0,Fair,0.2962937779017243,229799.0,1.0,Port Christopher,CA,Fiji,3.0,1,Alto,0
52,Non-binary,Bachelor's,Single,62180.0,762.0,47971.0,Home,Employed,16,Fair,0.5734866363397739,214999.0,1.0,North Nicholasbury,AS,Anguilla,0.0,1,Bajo,1
29,Female,Bachelor's,Married,104267.0,754.0,9531.0,Business,Employed,5,Excellent,0.5349676460639069,192729.0,0.0,Kellybury,CA,Martinique,4.0,1,Alto,0
51,Male,High School,Married,90422.0,769.0,22219.0,Personal,Unemployed,11,Fair,0.46020490349500487,147198.0,1.0,Myersstad,GA,Togo,1.0,0,Bajo,1
28,Male,Bachelor's,Married,105000.0,763.0,45284.0,Business,Unemployed,15,Fair,0.3911564248810451,276451.0,1.0,East Andrew,OH,Hong Kong,1.0,0,Bajo,1
63,Female,Bachelor's,Single,114583.0,749.0,8324.0,Auto,Employed,7,Fair,0.4277809202696591,214885.0,3.0,Rubioborough,LA,Belgium,4.0,1,Alto,0
18,Male,High School,Widowed,28787.0,726.0,48484.0,Auto,Employed,4,Fair,0.19626717133230617,73082.0,0.0,Port Kathleen,AZ,Latvia,1.0,2,Alto,0
50,Non-binary,PhD,Widowed,24096.0,704.0,23889.0,Home,Employed,6,Poor,0.47972456545223285,71600.0,1.0,Michaelshire,MP,Mozambique,0.0,1,Alto,0
69,Non-binary,Master's,Single,100596.0,658.0,25983.0,Personal,Unemployed,12,Poor,0.4585021803371656,221759.0,1.0,East Darrenview,KY,Ecuador,0.0,0,Medio,2
49,Female,Master's,Married,39984.0,657.0,16472.0,Auto,Self-employed,0,Excellent,0.5695563982979402,98187.0,4.0,Johnnytown,AL,Saint Barthelemy,2.0,2,Alto,0
50,Non-binary,High School,Single,82453.0,701.0,12802.0,Business,Self-employed,3,Poor,0.13549041046769736,20374.0,0.0,Tamarastad,HI,Tajikistan,2.0,2,Bajo,1
18,Male,PhD,Married,65798.0,757.0,40467.0,Business,Unemployed,12,Excellent,0.13494765783311882,69521.0,2.0,Hullmouth,ND,Cape Verde,2.0,1,Bajo,1
22,Non-binary,Master's,Widowed,74235.0,692.0,27277.0,Personal,Unemployed,8,Excellent,0.1782341661615159,254998.0,1.0,South Johnton,SC,Jordan,4.0,2,Alto,0
38,Non-binary,Bachelor's,Single,93480.0,733.0,49851.0,Personal,Self-employed,19,Excellent,0.44580369422522914,31189.0,0.0,Brandyland,SC,French Guiana,2.0,0,Bajo,1
32,Non-binary,Bachelor's,Married,68640.0,757.0,39149.0,Auto,Unemployed,6,Good,0.34325213643312225,134970.0,2.0,West Kathrynside,TX,Saint Pierre and Miquelon,1.0,0,Bajo,1
64,Non-binary,Master's,Married,103634.0,644.0,32694.0,Auto,Employed,18,Good,0.14109432032449434,101682.0,4.0,South Deborahborough,VA,Botswana,2.0,1,Medio,2
46,Male,Bachelor's,Single,63739.0,710.0,32254.0,Business,Unemployed,15,Good,0.5196548392211633,87440.0,3.0,Port Christopher,WY,Singapore,2.0,0,Bajo,1
33,Female,PhD,Divorced,60376.0,612.0,16928.0,Home,Self-employed,2,Fair,0.5734432307771484,182076.0,1.0,South Matthewstad,VA,Bouvet Island (Bouvetoya),0.0,2,Medio,2
64,Female,PhD,Married,99428.0,708.0,7806.0,Personal,Unemployed,18,Good,0.4160443667382654,83412.0,2.0,West Hannahburgh,NH,Nigeria,3.0,0,Alto,0
18,Male,Bachelor's,Widowed,54986.0,643.0,45149.0,Home,Unemployed,2,Excellent,0.45659126582208487,278807.0,1.0,Leemouth,MT,Czech Republic,2.0,1,Medio,2
37,Non-binary,Master's,Widowed,38330.0,763.0,28925.0,Personal,Employed,4,Poor,0.2663525445694962,150125.0,4.0,West Justinville,MP,Mexico,1.0,1,Alto,0
21,Female,Bachelor's,Widowed,36447.0,619.0,24804.0,Home,Unemployed,19,Good,0.5946035599111396,245890.0,0.0,North Whitney,IN,Italy,1.0,0,Alto,0
58,Non-binary,PhD,Single,71434.0,747.0,5877.0,Auto,Employed,18,Excellent,0.2555138845219693,30394.0,1.0,Shawnport,NH,Namibia,0.0,1,Bajo,1
46,Non-binary,PhD,Divorced,75744.0,631.0,40701.0,Personal,Self-employed,0,Fair,0.29061867733951485,102832.0,4.0,Markfort,NE,Montenegro,3.0,0,Alto,0
42,Male,High School,Single,37830.0,677.0,30839.0,Home,Unemployed,8,Poor,0.20651781699504776,157713.0,0.0,North James,OR,Slovakia (Slovak Republic),1.0,1,Alto,0
18,Non-binary,Master's,Divorced,20500.0,623.0,28188.0,Auto,Employed,6,Good,0.2860130067156802,195069.0,0.0,Lake Davidfort,AZ,Guyana,2.0,2,Alto,0
67,Non-binary,Master's,Married,27649.0,754.0,38572.0,Home,Employed,18,Fair,0.28992425426590973,60915.0,4.0,Laurenfurt,GU,Belarus,1.0,0,Alto,0
22,Non-binary,Bachelor's,Widowed,90639.0,620.0,44101.0,Home,Self-employed,16,Good,0.4554125597299927,297705.0,2.0,Jerrybury,WI,Bahamas,1.0,2,Medio,2
42,Non-binary,Bachelor's,Widowed,98348.0,766.0,9290.0,Personal,Self-employed,16,Fair,0.3829996872356033,150748.0,2.0,Michealfurt,AK,Tuvalu,0.0,2,Bajo,1
43,Non-binary,PhD,Single,89131.0,629.0,8138.0,Personal,Unemployed,10,Excellent,0.38377057910159684,115995.0,0.0,Daviesmouth,MN,Norway,2.0,1,Medio,2
54,Male,Master's,Widowed,110253.0,676.0,21023.0,Auto,Unemployed,9,Excellent,0.4598341255802687,297512.0,4.0,South Christopher,IL,Tanzania,3.0,0,Alto,0
30,Male,Master's,Widowed,50083.0,706.0,39686.0,Personal,Self-employed,14,Fair,0.22119270735325067,209096.0,4.0,Melissaberg,NC,Saint Vincent and the Grenadines,4.0,0,Alto,0
19,Non-binary,High School,Single,119539.0,787.0,29398.0,Personal,Self-employed,12,Fair,0.45363694064463145,272660.0,2.0,Goodmouth,OR,United Arab Emirates,3.0,1,Alto,0
57,Male,Master's,Widowed,52322.0,665.0,49360.0,Home,Employed,10,Fair,0.31199835115778685,87211.0,0.0,Reesechester,DE,Antigua and Barbuda,2.0,1,Medio,2
47,Male,PhD,Married,101664.0,603.0,49634.0,Home,Unemployed,7,Excellent,0.4743525989443561,172928.0,2.0,East Ashley,AR,Niue,2.0,0,Medio,2
26,Male,High School,Divorced,84823.0,638.0,10910.0,Business,Self-employed,3,Good,0.4880665322139577,186680.0,0.0,West Annburgh,NC,Venezuela,3.0,1,Alto,0
19,Non-binary,Master's,Divorced,27509.0,695.0,41472.0,Personal,Unemployed,12,Excellent,0.24428049411232303,202553.0,4.0,Georgeton,AS,Guinea,1.0,2,Alto,0
33,Non-binary,High School,Widowed,80746.0,755.0,41549.0,Personal,Self-employed,4,Fair,0.2236579980939832,159574.0,0.0,Vargaston,MD,Western Sahara,1.0,1,Bajo,1
28,Non-binary,PhD,Divorced,113812.0,746.0,30454.0,Business,Employed,12,Poor,0.37403168827719635,129584.0,1.0,West Dannystad,NH,Netherlands Antilles,4.0,1,Alto,0
25,Male,Bachelor's,Married,23685.0,645.0,11305.0,Home,Self-employed,8,Fair,0.24959259688166188,153499.0,3.0,Jacksontown,UT,Romania,1.0,0,Alto,0
64,Male,Bachelor's,Single,69766.0,786.0,18225.0,Business,Self-employed,0,Fair,0.4609561484957606,266355.0,2.0,Austinview,MP,Saint Vincent and the Grenadines,0.0,0,Bajo,1
19,Male,Master's,Married,83878.0,677.0,22185.0,Home,Self-employed,19,Good,0.5141850712391518,159423.0,2.0,Christinashire,OH,Turks and Caicos Islands,4.0,2,Alto,0
42,Non-binary,High School,Married,110085.0,739.0,45168.0,Business,Employed,3,Excellent,0.26033588862206514,69790.0,0.0,Port David,OR,Palau,4.0,2,Alto,0
57,Non-binary,Bachelor's,Single,85270.0,678.0,30572.0,Home,Self-employed,8,Fair,0.33719326816240636,238405.0,0.0,Owenside,CA,French Polynesia,3.0,2,Alto,0
62,Male,Master's,Widowed,48183.0,764.0,30923.0,Auto,Unemployed,19,Fair,0.3584988154562986,271579.0,4.0,West Lorettaton,KS,Philippines,1.0,2,Bajo,1
33,Female,High School,Widowed,68063.0,792.0,16333.0,Business,Self-employed,18,Fair,0.3250381939581196,137463.0,4.0,Michaelhaven,MI,Malta,0.0,0,Bajo,1
64,Male,Bachelor's,Married,68865.0,652.0,10871.0,Home,Employed,19,Excellent,0.26182284441750825,61829.0,4.0,Port Robertport,MD,Morocco,3.0,2,Alto,0
48,Male,PhD,Divorced,79051.0,710.0,7543.0,Business,Self-employed,18,Excellent,0.31796083049527435,281996.0,4.0,Michaelchester,WA,Armenia,4.0,1,Alto,0
52,Male,Master's,Married,114079.0,641.0,42680.0,Home,Employed,10,Fair,0.5495026554069139,226391.0,2.0,New Marcchester,MT,Bolivia,0.0,1,Medio,2
37,Non-binary,Bachelor's,Single,106512.0,689.0,46229.0,Personal,Employed,13,Poor,0.3471298055520473,82012.0,0.0,Lake Charles,GA,Turkmenistan,0.0,1,Bajo,1
67,Male,PhD,Single,110731.0,662.0,26339.0,Personal,Unemployed,13,Good,0.3342478684290341,74433.0,4.0,Snyderville,KY,Rwanda,3.0,2,Alto,0
35,Male,High School,Single,96043.0,760.0,20191.0,Personal,Employed,0,Excellent,0.5216487787161432,27218.0,3.0,New Sandra,PR,Pitcairn Islands,3.0,1,Alto,0
61,Non-binary,Bachelor's,Married,111818.0,782.0,46277.0,Personal,Unemployed,5,Good,0.3112570694850777,263264.0,4.0,East Isaac,MN,Estonia,3.0,2,Alto,0
67,Non-binary,High School,Widowed,28109.0,725.0,45290.0,Business,Employed,19,Poor,0.10571139022220569,271959.0,1.0,Scottbury,IL,Nepal,4.0,2,Alto,0
30,Female,Bachelor's,Divorced,67198.0,788.0,40789.0,Business,Unemployed,2,Good,0.5946912411365236,201682.0,3.0,Patrickberg,MO,Jordan,0.0,1,Bajo,1
33,Male,High School,Single,60912.0,629.0,11333.0,Home,Employed,12,Poor,0.22720487974097767,176881.0,3.0,South Garychester,VA,Gambia,2.0,1,Medio,2
49,Female,Master's,Divorced,28915.0,619.0,10605.0,Personal,Self-employed,11,Poor,0.39755774312931214,122499.0,2.0,Clarkberg,AL,Andorra,1.0,1,Alto,0
51,Non-binary,Master's,Single,27636.0,670.0,27624.0,Auto,Self-employed,3,Excellent,0.41078802519049484,148385.0,4.0,Brandonview,IN,Niger,0.0,2,Alto,0
32,Non-binary,High School,Widowed,100227.0,707.0,21858.0,Auto,Self-employed,15,Good,0.4369887039602224,33999.0,1.0,Bakerhaven,UT,Libyan Arab Jamahiriya,2.0,2,Bajo,1
29,Female,Master's,Divorced,31844.0,724.0,27715.0,Personal,Employed,1,Fair,0.4750670631419659,92747.0,1.0,Lake Kathrynville,WV,Senegal,1.0,1,Alto,0
43,Non-binary,High School,Widowed,53831.0,762.0,37475.0,Business,Self-employed,10,Excellent,0.3650457424384994,96524.0,0.0,Brownfort,TX,Faroe Islands,0.0,1,Bajo,1
50,Male,High School,Divorced,58805.0,695.0,6411.0,Home,Employed,15,Poor,0.5257100186268079,87887.0,0.0,Lindsayfurt,MS,Algeria,4.0,0,Alto,0
45,Non-binary,Master's,Widowed,113740.0,666.0,37601.0,Personal,Employed,2,Poor,0.3450350260741015,95202.0,1.0,Boydborough,AS,Greenland,2.0,1,Medio,2
27,Female,PhD,Divorced,115906.0,773.0,21189.0,Auto,Self-employed,1,Excellent,0.2562447915684086,20806.0,1.0,West Joseph,IA,Botswana,1.0,0,Bajo,1
65,Male,PhD,Widowed,74017.0,779.0,8500.0,Business,Unemployed,2,Good,0.5558809988323032,237616.0,2.0,Mckenzieville,MT,China,4.0,0,Alto,0
61,Non-binary,Bachelor's,Married,70907.0,655.0,47020.0,Home,Unemployed,13,Excellent,0.2923982702003567,75841.0,4.0,New Paul,OR,Reunion,1.0,2,Medio,2
27,Non-binary,High School,Divorced,28195.0,712.0,42212.0,Business,Unemployed,11,Poor,0.15762114341878344,26200.0,3.0,North Joeshire,MA,British Indian Ocean Territory (Chagos Archipelago),1.0,0,Alto,0
19,Female,Master's,Married,74933.0,711.0,14319.0,Business,Self-employed,8,Excellent,0.2450866264696648,29044.0,4.0,Lake Ashley,WA,Panama,1.0,1,Bajo,1
51,Female,Master's,Single,21287.0,676.0,28354.0,Auto,Employed,16,Poor,0.20426881577358827,50379.0,1.0,South Jamesshire,UT,Hungary,3.0,1,Alto,0
35,Female,High School,Widowed,41291.0,645.0,35429.0,Home,Unemployed,8,Excellent,0.3248930166023233,66197.0,2.0,South Christian,MH,Sri Lanka,3.0,1,Alto,0
32,Non-binary,High School,Divorced,112211.0,696.0,8500.0,Business,Employed,4,Excellent,0.39553375629049636,109557.0,4.0,West Nicole,OK,Uganda,0.0,0,Bajo,1
54,Male,High School,Married,31357.0,659.0,14147.0,Business,Self-employed,4,Excellent,0.162903408508173,130225.0,4.0,Matthewberg,RI,Croatia,2.0,0,Alto,0
55,Male,Master's,Widowed,83960.0,622.0,36522.0,Business,Self-employed,11,Excellent,0.2767853274474681,130539.0,0.0,East Joshua,NM,Martinique,1.0,0,Medio,2
44,Male,High School,Single,25267.0,759.0,34310.0,Personal,Unemployed,16,Excellent,0.4086763172871076,116602.0,0.0,East Jerryfort,NJ,Monaco,0.0,1,Alto,0
25,Female,PhD,Divorced,77805.0,628.0,45270.0,Business,Self-employed,6,Fair,0.25167461799048696,28786.0,2.0,Douglasborough,HI,Kyrgyz Republic,4.0,1,Alto,0
20,Non-binary,Bachelor's,Single,70469.0,766.0,34621.0,Home,Unemployed,6,Poor,0.5000241965918516,207073.0,1.0,Stevensonfort,MO,Seychelles,1.0,0,Bajo,1
58,Female,High School,Divorced,32863.0,757.0,41300.0,Business,Self-employed,1,Fair,0.39502092512573317,72517.0,4.0,Flowersfort,LA,Greece,2.0,0,Alto,0
24,Female,Master's,Single,52827.0,775.0,42631.0,Personal,Unemployed,15,Excellent,0.1836517065943921,27385.0,4.0,East Suzannefort,AL,Dominica,3.0,2,Alto,0
65,Female,Master's,Divorced,53756.0,621.0,9973.0,Auto,Self-employed,17,Good,0.1907837581786895,140940.0,1.0,North Seanfort,GU,French Guiana,1.0,1,Medio,2
44,Non-binary,PhD,Widowed,112477.0,684.0,9457.0,Personal,Employed,12,Fair,0.14537047112809895,103709.0,0.0,Port Lisa,IN,Tajikistan,4.0,1,Alto,0
46,Non-binary,Master's,Widowed,91153.0,637.0,21825.0,Business,Unemployed,5,Excellent,0.18378138697788157,177338.0,3.0,Kaylaville,OR,Italy,3.0,1,Alto,0
31,Male,PhD,Married,98619.0,786.0,11766.0,Home,Unemployed,5,Fair,0.13976746317278696,58544.0,0.0,South Glennstad,IA,Malta,2.0,0,Bajo,1
58,Female,High School,Married,102055.0,640.0,17556.0,Home,Employed,4,Fair,0.37033811861044375,57066.0,4.0,South Michaelabury,LA,France,3.0,1,Alto,0
21,Male,PhD,Widowed,40698.0,704.0,13616.0,Business,Employed,10,Excellent,0.18199168634079785,103913.0,2.0,Lake Kaylaton,SC,Afghanistan,0.0,0,Bajo,1
29,Female,PhD,Divorced,90994.0,733.0,30575.0,Auto,Self-employed,3,Poor,0.24865343524015185,176470.0,0.0,North Carlos,NH,Heard Island and McDonald Islands,1.0,0,Bajo,1
46,Male,PhD,Widowed,35793.0,753.0,25804.0,Personal,Unemployed,11,Excellent,0.2318001681317148,180326.0,2.0,Ruthmouth,CT,Kenya,2.0,1,Alto,0
29,Male,PhD,Widowed,62464.0,732.0,42258.0,Home,Unemployed,9,Poor,0.1933565992280966,51960.0,3.0,Danielmouth,VA,Anguilla,2.0,2,Bajo,1
34,Non-binary,PhD,Divorced,107893.0,748.0,35977.0,Auto,Unemployed,5,Excellent,0.5996737957869442,233874.0,0.0,Hannahberg,AK,Maldives,3.0,0,Alto,0
52,Female,PhD,Divorced,55297.0,706.0,20336.0,Home,Unemployed,9,Poor,0.4907833795134464,221561.0,3.0,Tonyburgh,MN,South Georgia and the South Sandwich Islands,2.0,0,Bajo,1
48,Male,Master's,Single,50956.0,665.0,42987.0,Home,Employed,11,Fair,0.46978251632472723,297747.0,2.0,Wilsonland,IA,Georgia,4.0,0,Alto,0
18,Female,High School,Widowed,74716.0,607.0,40179.0,Business,Self-employed,17,Poor,0.5865484838117238,63995.0,1.0,Lake Curtis,DC,Guam,3.0,2,Alto,0
28,Female,PhD,Divorced,106364.0,761.0,48271.0,Business,Employed,12,Good,0.414278071356768,126917.0,1.0,Olsonfurt,MA,Saint Pierre and Miquelon,3.0,0,Alto,0
61,Male,High School,Widowed,52333.0,651.0,5063.0,Home,Employed,2,Fair,0.18647592546439704,219479.0,2.0,West Amandaberg,NE,Bahamas,1.0,2,Medio,2
69,Non-binary,PhD,Single,101397.0,782.0,5796.0,Home,Unemployed,18,Good,0.4859780367870331,79903.0,1.0,South Maria,NE,South Georgia and the South Sandwich Islands,0.0,0,Bajo,1
52,Non-binary,Bachelor's,Divorced,114977.0,690.0,13387.0,Business,Self-employed,8,Poor,0.42363570112967397,22313.0,4.0,Brownville,NM,Falkland Islands (Malvinas),0.0,2,Bajo,1
31,Female,High School,Divorced,27006.0,705.0,14243.0,Personal,Employed,2,Excellent,0.22249005761986781,124339.0,3.0,New Shawnview,NC,Bolivia,0.0,0,Alto,0
62,Male,PhD,Widowed,94712.0,717.0,14034.0,Home,Employed,12,Good,0.32285685318591395,281997.0,2.0,Melissastad,SD,China,2.0,2,Bajo,1
50,Male,PhD,Single,31440.0,606.0,35668.0,Personal,Unemployed,9,Poor,0.5808779143657756,114033.0,3.0,Stephaniehaven,MH,Guinea,0.0,2,Alto,0
69,Male,High School,Single,89683.0,600.0,47081.0,Personal,Employed,0,Poor,0.19078088155870962,204105.0,4.0,Lopezstad,SD,Maldives,2.0,2,Medio,2
50,Male,PhD,Widowed,38361.0,670.0,29273.0,Personal,Self-employed,8,Excellent,0.48920148706298294,188908.0,2.0,Port Kirstenport,UT,Cambodia,2.0,2,Alto,0
62,Female,Master's,Widowed,103514.0,616.0,44715.0,Personal,Unemployed,5,Fair,0.5866947126851568,52491.0,4.0,Howardport,HI,Finland,3.0,2,Alto,0
45,Non-binary,High School,Widowed,62548.0,742.0,47007.0,Business,Self-employed,14,Poor,0.11516359568386716,210363.0,2.0,Ayalaton,MO,United Kingdom,0.0,0,Bajo,1
25,Female,PhD,Married,108260.0,721.0,32988.0,Home,Unemployed,16,Fair,0.5882937490285919,239363.0,0.0,South Cheryl,PW,Tokelau,3.0,0,Alto,0
68,Male,Bachelor's,Married,107942.0,790.0,16254.0,Auto,Employed,7,Excellent,0.19680584244293234,282736.0,2.0,Sandraside,IN,Belgium,2.0,0,Bajo,1
48,Female,Master's,Widowed,42820.0,626.0,23075.0,Personal,Self-employed,16,Excellent,0.49343698481040243,39627.0,3.0,Port Chadmouth,ND,Hungary,4.0,1,Alto,0
53,Male,High School,Divorced,37335.0,664.0,31726.0,Business,Self-employed,14,Excellent,0.19541267820370764,87735.0,0.0,North Clarencechester,WA,United Arab Emirates,1.0,0,Alto,0
68,Male,Master's,Single,83232.0,729.0,37146.0,Auto,Unemployed,13,Fair,0.2772550804455646,112573.0,4.0,New Tracyhaven,NM,Vanuatu,0.0,0,Bajo,1
44,Female,Bachelor's,Widowed,77202.0,731.0,37968.0,Home,Employed,1,Excellent,0.1439160732226715,288036.0,0.0,West Mary,AS,Armenia,4.0,2,Alto,0
61,Female,High School,Divorced,31320.0,748.0,14762.0,Home,Employed,5,Fair,0.20213110161562978,142102.0,3.0,Christianhaven,MT,Norway,1.0,1,Alto,0
54,Female,Master's,Widowed,41971.0,718.0,21620.0,Auto,Unemployed,16,Excellent,0.5094422576337938,21926.0,1.0,Gordonville,VI,Isle of Man,4.0,2,Alto,0
19,Male,Bachelor's,Divorced,101596.0,769.0,22751.0,Auto,Self-employed,19,Excellent,0.3828293101666479,57709.0,4.0,East Steven,NE,Turks and Caicos Islands,2.0,1,Bajo,1
38,Female,PhD,Widowed,119152.0,656.0,14695.0,Auto,Unemployed,5,Excellent,0.2766412762873601,137629.0,0.0,West Cynthia,CA,Singapore,0.0,2,Medio,2
47,Female,PhD,Divorced,84713.0,733.0,49788.0,Business,Unemployed,15,Excellent,0.34577669160943725,120722.0,3.0,Benjaminmouth,LA,Bermuda,1.0,1,Bajo,1
44,Non-binary,High School,Widowed,75810.0,714.0,29253.0,Auto,Unemployed,11,Poor,0.47627579755154215,168604.0,2.0,Turnerborough,PR,Malta,0.0,2,Bajo,1
55,Male,Bachelor's,Single,39798.0,746.0,31088.0,Home,Unemployed,12,Excellent,0.34054292341417725,217624.0,0.0,South Joel,WA,Costa Rica,1.0,2,Alto,0
43,Non-binary,Master's,Divorced,46015.0,767.0,29686.0,Home,Unemployed,12,Good,0.33473170118588724,48608.0,1.0,Justinshire,OR,Cuba,0.0,0,Bajo,1
59,Non-binary,High School,Married,31351.0,626.0,16810.0,Business,Employed,12,Poor,0.2874300994346686,237587.0,3.0,West Jeffreyfort,MT,Costa Rica,1.0,2,Alto,0
68,Non-binary,Master's,Divorced,64763.0,610.0,16474.0,Home,Self-employed,3,Excellent,0.2741918714927253,204689.0,3.0,Williefurt,IA,Algeria,2.0,1,Medio,2
23,Female,High School,Single,31440.0,649.0,8610.0,Home,Employed,6,Good,0.33968239771806874,230457.0,2.0,Allenville,NV,Angola,0.0,0,Alto,0
21,Female,Master's,Single,54072.0,705.0,25706.0,Auto,Self-employed,0,Poor,0.2232515047549032,238086.0,3.0,Heatherland,KY,Jordan,3.0,1,Alto,0
23,Non-binary,PhD,Widowed,77219.0,670.0,12264.0,Personal,Unemployed,16,Fair,0.4442894975766162,213498.0,1.0,Annettebury,MA,Sierra Leone,3.0,0,Alto,0
62,Female,PhD,Single,81429.0,642.0,15732.0,Home,Self-employed,5,Good,0.4525640283038901,221531.0,2.0,Loganburgh,ME,Tajikistan,0.0,1,Medio,2
39,Non-binary,Master's,Single,37469.0,765.0,13408.0,Business,Unemployed,16,Poor,0.44605459941101433,272447.0,1.0,Michaelbury,ID,Nicaragua,0.0,1,Alto,0
36,Non-binary,Bachelor's,Married,87762.0,615.0,23131.0,Auto,Employed,18,Poor,0.3963988531233763,141271.0,1.0,Amandaton,MS,Oman,0.0,1,Medio,2
37,Male,Bachelor's,Single,58196.0,670.0,17813.0,Business,Unemployed,4,Good,0.19190187322392652,167890.0,2.0,East Williammouth,KY,Pitcairn Islands,0.0,2,Medio,2
52,Non-binary,PhD,Widowed,61274.0,782.0,25030.0,Personal,Unemployed,13,Poor,0.341781776647908,231295.0,1.0,Scottbury,RI,Ecuador,0.0,2,Bajo,1
44,Non-binary,Bachelor's,Single,94590.0,631.0,28255.0,Home,Employed,10,Good,0.2962294419653567,267112.0,0.0,Robertsmouth,WY,Marshall Islands,4.0,2,Alto,0
58,Non-binary,Bachelor's,Married,45600.0,643.0,30491.0,Personal,Unemployed,14,Fair,0.41766559355791477,41377.0,3.0,Stevenstad,VT,Somalia,3.0,2,Alto,0
27,Non-binary,Bachelor's,Married,23048.0,698.0,27894.0,Auto,Self-employed,10,Fair,0.43896270763179823,35120.0,3.0,Whitestad,CO,South Georgia and the South Sandwich Islands,3.0,2,Alto,0
63,Non-binary,PhD,Divorced,41545.0,743.0,30233.0,Personal,Employed,15,Good,0.4858518610349931,76096.0,0.0,Lake Christophermouth,DE,Timor-Leste,4.0,0,Alto,0
61,Non-binary,Bachelor's,Divorced,36643.0,648.0,42473.0,Personal,Self-employed,9,Fair,0.519747378167399,257763.0,2.0,Clarkshire,ND,Ghana,0.0,2,Alto,0
54,Female,High School,Widowed,67429.0,624.0,16059.0,Personal,Unemployed,2,Poor,0.3343066550722963,129450.0,3.0,New Alexanderside,PR,Comoros,2.0,0,Medio,2
44,Male,PhD,Divorced,94904.0,676.0,29749.0,Home,Self-employed,11,Good,0.561421030572861,144296.0,3.0,Michaelton,VT,Kenya,2.0,0,Medio,2
43,Male,Bachelor's,Widowed,42743.0,653.0,5633.0,Business,Employed,6,Good,0.3968882769742639,150504.0,2.0,Hernandezhaven,PA,Swaziland,0.0,1,Medio,2
22,Non-binary,High School,Divorced,33423.0,715.0,36856.0,Business,Unemployed,6,Fair,0.5553693628403708,154147.0,3.0,Weberfurt,PR,American Samoa,3.0,1,Alto,0
55,Female,Master's,Single,71673.0,628.0,15170.0,Home,Employed,5,Fair,0.3258034857260109,145327.0,2.0,West Kristinaborough,RI,Singapore,4.0,1,Alto,0
35,Male,Bachelor's,Widowed,22594.0,674.0,26707.0,Home,Employed,15,Good,0.22755976778956075,238913.0,0.0,Lake Thomaston,IN,Myanmar,2.0,1,Alto,0
66,Female,High School,Married,57487.0,731.0,28084.0,Auto,Unemployed,13,Excellent,0.4772517066936055,153122.0,2.0,Lopezview,NV,Slovenia,4.0,2,Alto,0
50,Female,Bachelor's,Married,83830.0,742.0,28147.0,Business,Self-employed,0,Fair,0.14193031868449993,57148.0,3.0,New Paula,WI,Gibraltar,3.0,2,Alto,0
54,Non-binary,PhD,Divorced,24271.0,776.0,11635.0,Business,Self-employed,9,Excellent,0.5367167190064698,65680.0,1.0,South Andrea,AZ,Namibia,1.0,2,Alto,0
41,Male,PhD,Married,113375.0,747.0,28670.0,Personal,Employed,3,Good,0.30456375338733743,279725.0,0.0,East Heathertown,SD,Fiji,1.0,2,Bajo,1
29,Female,Bachelor's,Single,118303.0,746.0,43849.0,Personal,Unemployed,16,Excellent,0.5827537763473193,29205.0,1.0,West Katherineborough,CT,Ecuador,3.0,0,Alto,0
25,Male,PhD,Single,114819.0,760.0,7366.0,Home,Employed,14,Poor,0.4337182315681345,63100.0,3.0,Michaelland,AK,British Virgin Islands,4.0,0,Alto,0
68,Female,PhD,Widowed,27066.0,694.0,34495.0,Personal,Self-employed,15,Good,0.2792489085404535,43190.0,3.0,Nelsonchester,FM,Guyana,2.0,0,Alto,0
19,Male,PhD,Single,99345.0,779.0,10505.0,Home,Self-employed,3,Fair,0.3898868608857563,106765.0,0.0,North Matthew,NV,Nicaragua,2.0,0,Bajo,1
30,Female,PhD,Married,84042.0,640.0,49808.0,Auto,Self-employed,1,Fair,0.1173117789676956,62599.0,4.0,Waynebury,FL,Luxembourg,2.0,1,Medio,2
29,Male,High School,Married,79332.0,768.0,25748.0,Business,Unemployed,5,Excellent,0.5260604794091149,198991.0,4.0,East Kristinfurt,KY,Cambodia,3.0,1,Alto,0
66,Female,High School,Married,59823.0,611.0,25919.0,Business,Unemployed,3,Fair,0.154704832177074,252041.0,2.0,South Michael,DE,Somalia,1.0,2,Medio,2
55,Female,High School,Divorced,71342.0,628.0,14899.0,Home,Employed,3,Poor,0.5700836595326886,127499.0,3.0,Port Theresaside,FM,North Macedonia,4.0,2,Alto,0
18,Male,Bachelor's,Single,108197.0,700.0,49550.0,Home,Employed,9,Good,0.25842558573649155,79841.0,3.0,New Ginatown,KY,Bahrain,0.0,0,Bajo,1
46,Male,PhD,Divorced,48365.0,782.0,46094.0,Home,Unemployed,11,Excellent,0.1177806581331903,35719.0,3.0,Lake Carlfurt,IA,Cayman Islands,0.0,2,Bajo,1
23,Non-binary,Master's,Widowed,104816.0,682.0,15427.0,Auto,Self-employed,12,Fair,0.4612302156638841,227103.0,1.0,Johnport,GU,Chile,1.0,2,Bajo,1
44,Non-binary,Bachelor's,Single,92197.0,693.0,41984.0,Home,Employed,18,Fair,0.4237692722647509,99475.0,0.0,South Stephen,WA,Isle of Man,0.0,2,Bajo,1
30,Female,Master's,Single,48239.0,716.0,9194.0,Business,Employed,5,Excellent,0.385383032991374,243622.0,2.0,New Tina,DE,Marshall Islands,1.0,1,Bajo,1
64,Female,PhD,Widowed,25738.0,657.0,47392.0,Home,Employed,11,Fair,0.4900563575583219,36750.0,1.0,Melissabury,SD,Vietnam,3.0,2,Alto,0
23,Female,High School,Married,47358.0,725.0,37083.0,Business,Employed,9,Poor,0.5116883241534598,276591.0,3.0,Alvaradohaven,GU,Holy See (Vatican City State),1.0,2,Bajo,1
56,Non-binary,High School,Single,29551.0,790.0,23560.0,Personal,Employed,5,Excellent,0.18440099264830198,154716.0,3.0,Lake Robin,MD,Estonia,4.0,1,Alto,0
51,Female,PhD,Widowed,62185.0,666.0,49812.0,Auto,Self-employed,14,Excellent,0.5820663408854577,215503.0,3.0,Boothhaven,NH,Slovenia,4.0,2,Alto,0
46,Male,Bachelor's,Married,50802.0,784.0,12800.0,Business,Unemployed,0,Excellent,0.4791338228329076,71391.0,1.0,Annehaven,SD,Thailand,0.0,2,Bajo,1
66,Male,High School,Single,90883.0,762.0,29662.0,Business,Self-employed,18,Good,0.259877262075752,119162.0,4.0,Stricklandtown,AL,French Guiana,3.0,1,Alto,0
62,Male,Master's,Single,25176.0,732.0,22507.0,Auto,Unemployed,14,Poor,0.5602927389156489,291845.0,2.0,Dustinville,SC,Seychelles,2.0,0,Alto,0
32,Female,Bachelor's,Divorced,95583.0,688.0,34497.0,Home,Unemployed,3,Poor,0.49897437585157944,182352.0,2.0,Steeletown,CO,Czech Republic,0.0,1,Bajo,1
43,Male,High School,Widowed,106842.0,673.0,49293.0,Auto,Employed,9,Poor,0.43682714231734765,175259.0,2.0,Adamsshire,MD,Saint Martin,4.0,2,Alto,0
54,Male,High School,Married,73252.0,765.0,17660.0,Auto,Employed,11,Fair,0.5885151492403035,261861.0,2.0,New Jonathan,RI,Monaco,0.0,0,Bajo,1
38,Male,Master's,Single,74532.0,742.0,17271.0,Home,Employed,12,Fair,0.5177219340609556,25869.0,3.0,New Edwin,MA,Uruguay,4.0,1,Alto,0
55,Female,PhD,Married,95569.0,672.0,31938.0,Home,Unemployed,14,Good,0.20859522352096668,277090.0,3.0,North Donnafort,VA,Cameroon,0.0,0,Medio,2
24,Male,PhD,Single,99883.0,740.0,7410.0,Home,Unemployed,15,Fair,0.1717092631287425,121933.0,0.0,Port Karishire,PW,Chile,2.0,2,Bajo,1
50,Female,Bachelor's,Single,23658.0,611.0,42193.0,Auto,Self-employed,9,Good,0.13698834528481016,159226.0,1.0,Christopherbury,WI,Bangladesh,2.0,1,Alto,0
22,Male,PhD,Married,106078.0,725.0,40992.0,Auto,Unemployed,14,Good,0.5410604858053518,58615.0,4.0,South Miguelberg,VI,United Kingdom,2.0,2,Bajo,1
19,Female,Bachelor's,Widowed,55449.0,630.0,10128.0,Personal,Unemployed,19,Poor,0.47746296812393163,222415.0,0.0,East Sheryl,CO,Luxembourg,1.0,2,Medio,2
24,Non-binary,Master's,Single,106120.0,621.0,48561.0,Home,Unemployed,5,Poor,0.31161991592829086,291001.0,4.0,South George,RI,Svalbard & Jan Mayen Islands,3.0,0,Alto,0
37,Male,Bachelor's,Married,41540.0,713.0,5111.0,Personal,Self-employed,14,Poor,0.11781668472335174,47454.0,1.0,Swansonfurt,ME,Dominica,4.0,2,Alto,0
39,Male,Master's,Single,59893.0,722.0,21693.0,Personal,Employed,13,Fair,0.5206521103800934,234037.0,3.0,South Kathryn,DE,Mayotte,1.0,1,Bajo,1
51,Non-binary,Master's,Divorced,41711.0,626.0,19715.0,Auto,Employed,0,Good,0.4730137669459312,111339.0,4.0,Burgessfurt,CT,Kuwait,0.0,1,Medio,2
59,Non-binary,High School,Widowed,23576.0,726.0,34162.0,Personal,Unemployed,9,Good,0.3328208585451885,32629.0,0.0,Tomhaven,VA,Nepal,3.0,2,Alto,0
62,Female,Bachelor's,Widowed,46207.0,615.0,36781.0,Auto,Self-employed,6,Good,0.31123046567258994,282889.0,4.0,Castanedashire,FL,Costa Rica,3.0,2,Alto,0
65,Male,Master's,Single,37942.0,730.0,5240.0,Business,Self-employed,17,Excellent,0.5502358804185068,165444.0,3.0,West Kelseymouth,SC,Guam,3.0,1,Alto,0
50,Non-binary,Bachelor's,Divorced,59958.0,678.0,20079.0,Personal,Employed,14,Good,0.5470171877343443,124174.0,4.0,Lake Danielville,TN,Grenada,4.0,2,Alto,0
22,Non-binary,PhD,Divorced,53208.0,712.0,5152.0,Auto,Employed,9,Good,0.12881281980147793,108323.0,0.0,Kathrynshire,WV,Togo,1.0,0,Bajo,1
57,Non-binary,PhD,Divorced,113993.0,735.0,44979.0,Personal,Self-employed,3,Excellent,0.3520948077468743,54077.0,0.0,North Derek,OK,Niger,4.0,0,Alto,0
69,Female,Master's,Married,72723.0,690.0,7609.0,Home,Self-employed,17,Poor,0.1162723172720255,286649.0,0.0,West Danielleport,TX,Morocco,2.0,2,Bajo,1
60,Female,PhD,Widowed,47525.0,735.0,8633.0,Auto,Employed,2,Good,0.2615235231623759,204459.0,0.0,East Katherine,ME,Niue,2.0,1,Bajo,1
38,Male,Master's,Divorced,64411.0,794.0,5739.0,Business,Employed,9,Good,0.191625530695381,265680.0,2.0,Hillmouth,GA,Monaco,0.0,0,Bajo,1
38,Male,High School,Divorced,103004.0,774.0,12980.0,Home,Unemployed,12,Poor,0.16922001761701946,204003.0,2.0,West Patriciaport,NH,Falkland Islands (Malvinas),4.0,1,Alto,0
28,Non-binary,High School,Married,115402.0,768.0,41417.0,Personal,Employed,3,Fair,0.24515704571224908,63120.0,3.0,Rossview,PW,Norfolk Island,3.0,0,Alto,0
32,Female,Bachelor's,Widowed,112930.0,631.0,15413.0,Home,Self-employed,7,Fair,0.3310073110574506,170794.0,4.0,Troyshire,MO,Turkey,0.0,0,Medio,2
38,Female,High School,Divorced,25015.0,615.0,47084.0,Personal,Self-employed,3,Poor,0.319605628864401,92488.0,0.0,Cynthiaton,SC,Niger,0.0,1,Alto,0
24,Male,High School,Widowed,119272.0,704.0,42677.0,Auto,Self-employed,6,Fair,0.1151901075841463,111913.0,3.0,East Sandramouth,MO,Mexico,2.0,2,Bajo,1
35,Non-binary,PhD,Widowed,119884.0,775.0,45296.0,Business,Self-employed,19,Fair,0.5354172770630296,233975.0,1.0,Ricardoberg,AL,Yemen,0.0,0,Bajo,1
43,Female,High School,Widowed,23217.0,741.0,36107.0,Home,Self-employed,16,Good,0.10936569718904873,66589.0,2.0,New Jacobtown,KS,Australia,4.0,1,Alto,0
37,Non-binary,Master's,Married,104131.0,684.0,38706.0,Personal,Self-employed,2,Poor,0.41079301067227403,262570.0,1.0,East Dustinton,DC,Tajikistan,2.0,0,Bajo,1
46,Female,High School,Divorced,114485.0,667.0,17719.0,Business,Employed,4,Good,0.23403485674094912,180679.0,3.0,Anthonyside,GA,Mayotte,2.0,2,Medio,2
60,Female,High School,Divorced,44119.0,616.0,29829.0,Business,Self-employed,3,Poor,0.371403589719253,184141.0,0.0,West Johnchester,ND,Guernsey,4.0,1,Alto,0
34,Female,Master's,Married,96133.0,631.0,9677.0,Personal,Unemployed,12,Excellent,0.11507681247345228,265344.0,4.0,Rossshire,GA,Lithuania,0.0,2,Medio,2
64,Male,Master's,Divorced,81589.0,659.0,49502.0,Auto,Employed,4,Excellent,0.4730639952227933,244764.0,2.0,Samuelville,AZ,Bouvet Island (Bouvetoya),4.0,0,Alto,0
60,Male,Bachelor's,Married,93124.0,791.0,21559.0,Auto,Self-employed,18,Good,0.33772805150260565,90509.0,0.0,Jacobfort,ND,Saint Helena,2.0,1,Bajo,1
63,Female,PhD,Divorced,80369.0,759.0,45434.0,Auto,Self-employed,10,Good,0.23731422136669553,289186.0,1.0,West Raymondburgh,MN,Namibia,4.0,2,Alto,0
31,Male,Bachelor's,Widowed,51182.0,752.0,41815.0,Auto,Self-employed,3,Excellent,0.5795749011496754,22178.0,2.0,Washingtonport,MD,Western Sahara,1.0,0,Bajo,1
46,Male,High School,Single,29495.0,620.0,6143.0,Personal,Self-employed,18,Good,0.4355786465872167,216388.0,4.0,Lake Robertmouth,AK,Peru,4.0,0,Alto,0
61,Non-binary,Bachelor's,Single,43439.0,607.0,19802.0,Business,Unemployed,18,Fair,0.20033402308434708,161475.0,1.0,Port Shawn,OK,Grenada,4.0,1,Alto,0
49,Non-binary,Master's,Widowed,112534.0,639.0,45544.0,Home,Self-employed,5,Poor,0.54554107845903,48464.0,4.0,New Rebecca,KS,United States Minor Outlying Islands,1.0,2,Medio,2
54,Female,PhD,Married,94210.0,755.0,45882.0,Business,Employed,6,Excellent,0.21369976343608046,293614.0,2.0,Saunderschester,ND,Peru,0.0,0,Bajo,1
69,Male,Master's,Single,96524.0,703.0,38530.0,Auto,Employed,0,Fair,0.29965124455029724,27115.0,2.0,Jonesshire,KS,Faroe Islands,4.0,2,Alto,0
39,Male,PhD,Divorced,24539.0,789.0,16107.0,Home,Employed,7,Excellent,0.11122026475433225,93619.0,2.0,Lisatown,NH,Germany,2.0,0,Alto,0
67,Non-binary,PhD,Widowed,83828.0,662.0,38072.0,Auto,Employed,3,Excellent,0.13002018563755283,234175.0,2.0,Jessicamouth,PA,Lao People's Democratic Republic,0.0,2,Medio,2
33,Male,PhD,Married,20794.0,737.0,11073.0,Home,Unemployed,11,Poor,0.41926701835197455,248812.0,4.0,West Dawn,DE,Zambia,2.0,0,Alto,0
31,Male,Master's,Widowed,80385.0,790.0,34774.0,Personal,Self-employed,0,Excellent,0.5354242277185993,238785.0,0.0,Nielsenhaven,AZ,Congo,4.0,1,Alto,0
59,Male,PhD,Married,20972.0,753.0,13905.0,Home,Self-employed,0,Poor,0.13993286420713233,37510.0,3.0,East Hannahmouth,MI,Bolivia,4.0,0,Alto,0
69,Male,PhD,Widowed,75037.0,685.0,40819.0,Business,Unemployed,9,Poor,0.5781194723548677,276311.0,1.0,East Karen,RI,Russian Federation,1.0,2,Bajo,1
37,Female,PhD,Single,97123.0,771.0,30777.0,Personal,Self-employed,10,Poor,0.408388533996486,83719.0,2.0,Mayfurt,HI,Palau,4.0,2,Alto,0
25,Non-binary,PhD,Married,92832.0,718.0,45198.0,Auto,Employed,15,Poor,0.28603988454580564,106439.0,3.0,South Claudia,NC,Niue,1.0,0,Bajo,1
55,Non-binary,Bachelor's,Married,99698.0,725.0,39079.0,Personal,Self-employed,0,Fair,0.22465468637640182,93750.0,2.0,North Danielmouth,TX,Saint Martin,1.0,2,Bajo,1
50,Non-binary,Master's,Divorced,103460.0,623.0,34363.0,Auto,Unemployed,7,Poor,0.11578350613624208,64808.0,2.0,Gonzalezstad,MO,Denmark,1.0,2,Medio,2
59,Female,PhD,Widowed,107762.0,786.0,38375.0,Home,Unemployed,16,Good,0.4043721893003339,198172.0,0.0,Port Brianberg,IN,Seychelles,3.0,1,Alto,0
63,Non-binary,High School,Widowed,91616.0,654.0,29211.0,Home,Unemployed,0,Good,0.3747386299539973,285021.0,0.0,Jenniferfort,OH,Finland,1.0,0,Medio,2
36,Female,Bachelor's,Single,115719.0,629.0,7717.0,Personal,Self-employed,1,Poor,0.3829765658562989,127974.0,1.0,New Oliviashire,MT,Kuwait,2.0,1,Medio,2
20,Non-binary,High School,Divorced,100066.0,682.0,40863.0,Personal,Self-employed,5,Good,0.4606078445989841,22404.0,4.0,Ballardhaven,AS,Jordan,4.0,2,Alto,0
26,Female,Bachelor's,Divorced,42347.0,713.0,30194.0,Business,Employed,5,Poor,0.46314446051850977,36720.0,2.0,North Anthony,AL,Finland,3.0,2,Alto,0
49,Male,PhD,Divorced,84261.0,640.0,49666.0,Home,Employed,11,Good,0.47557635451212743,299724.0,0.0,Erikaberg,AZ,Jordan,4.0,2,Alto,0
62,Non-binary,Bachelor's,Divorced,30204.0,624.0,37010.0,Auto,Unemployed,4,Poor,0.5788518159892784,141946.0,1.0,West Kim,WA,Guinea-Bissau,3.0,1,Alto,0
37,Non-binary,Master's,Single,32872.0,756.0,20874.0,Home,Self-employed,15,Poor,0.43663728277693636,147220.0,4.0,East Staceytown,NV,Cook Islands,1.0,0,Alto,0
45,Male,PhD,Widowed,27444.0,670.0,6110.0,Home,Employed,5,Excellent,0.3093949186966738,233568.0,4.0,New Jasonfurt,ME,Kazakhstan,4.0,0,Alto,0
45,Non-binary,Master's,Single,118489.0,725.0,8210.0,Business,Employed,8,Good,0.31599538050360754,155283.0,1.0,Lake Nicoleburgh,PW,El Salvador,4.0,0,Alto,0
66,Non-binary,PhD,Single,58921.0,708.0,34994.0,Business,Employed,4,Poor,0.4092006207388258,284886.0,4.0,Ericshire,FL,Georgia,0.0,1,Bajo,1
56,Non-binary,High School,Divorced,104688.0,782.0,42080.0,Home,Unemployed,10,Good,0.3843581889020139,119743.0,0.0,Lucasstad,WY,Armenia,1.0,2,Bajo,1
25,Male,Bachelor's,Divorced,114414.0,659.0,7012.0,Personal,Employed,0,Fair,0.2673380108166019,167209.0,2.0,South Robertview,MA,Comoros,2.0,1,Medio,2
62,Female,PhD,Married,21223.0,639.0,17587.0,Auto,Self-employed,19,Fair,0.5170503185287119,216580.0,3.0,Whiteton,MP,Barbados,3.0,1,Alto,0
64,Non-binary,PhD,Divorced,112489.0,772.0,18035.0,Business,Self-employed,5,Good,0.2798421874064706,240769.0,2.0,Vangfurt,MH,Mongolia,3.0,0,Alto,0
48,Female,PhD,Divorced,109833.0,665.0,31151.0,Home,Self-employed,0,Fair,0.3317123096954422,147114.0,1.0,Armstrongborough,KY,Guinea,1.0,0,Medio,2
53,Male,High School,Divorced,51657.0,752.0,13471.0,Personal,Employed,0,Fair,0.24883774458722138,25898.0,1.0,New Timothy,OH,South Georgia and the South Sandwich Islands,0.0,2,Bajo,1
52,Male,Master's,Single,60455.0,611.0,34180.0,Home,Unemployed,7,Excellent,0.20213211731156208,33208.0,3.0,Port Justinville,MH,Tuvalu,0.0,2,Medio,2
61,Male,Bachelor's,Divorced,82303.0,740.0,45679.0,Home,Unemployed,14,Poor,0.23146509635954352,64211.0,1.0,East Jonathan,RI,Mexico,4.0,1,Alto,0
48,Male,High School,Single,38226.0,779.0,17161.0,Auto,Employed,10,Excellent,0.5469899193846737,143612.0,4.0,Anthonymouth,MA,San Marino,3.0,2,Alto,0
54,Female,High School,Married,27771.0,713.0,13476.0,Business,Self-employed,0,Good,0.3627917314028314,95825.0,1.0,Beckville,NC,Mozambique,2.0,1,Alto,0
40,Female,Master's,Single,114450.0,787.0,49311.0,Auto,Employed,2,Poor,0.3366699798343845,196558.0,0.0,Dawnburgh,OK,San Marino,0.0,1,Bajo,1
34,Female,PhD,Single,118531.0,611.0,28718.0,Home,Employed,8,Excellent,0.15958793967384236,73318.0,1.0,Donaldburgh,WY,Western Sahara,4.0,2,Alto,0
58,Non-binary,Bachelor's,Single,86201.0,602.0,21335.0,Home,Employed,9,Fair,0.48545313848451854,53878.0,0.0,Port Davidbury,NC,United Kingdom,2.0,1,Medio,2
64,Non-binary,Bachelor's,Widowed,45475.0,671.0,32875.0,Home,Self-employed,1,Fair,0.5894264828353573,41939.0,0.0,Arnoldborough,MT,Mexico,0.0,0,Medio,2
32,Female,PhD,Married,30807.0,657.0,28581.0,Business,Unemployed,4,Excellent,0.4878683131741398,46049.0,2.0,Miketon,ND,French Guiana,2.0,1,Alto,0
49,Female,Bachelor's,Widowed,79183.0,648.0,40472.0,Personal,Self-employed,15,Poor,0.34710243733513524,177122.0,3.0,Brownfort,MH,Barbados,1.0,1,Medio,2
18,Female,PhD,Married,110447.0,767.0,7415.0,Home,Employed,18,Good,0.2974081684309008,202149.0,2.0,Mistyfort,CA,Eritrea,3.0,0,Alto,0
23,Male,High School,Widowed,85873.0,741.0,42572.0,Personal,Self-employed,9,Good,0.16197616312919103,260010.0,1.0,North Chelsea,WA,Nauru,0.0,1,Bajo,1
42,Male,Master's,Divorced,118475.0,653.0,34745.0,Business,Unemployed,1,Poor,0.13695798946864143,175204.0,3.0,Andreton,WV,Bouvet Island (Bouvetoya),4.0,1,Alto,0
30,Female,High School,Widowed,112305.0,780.0,36361.0,Home,Unemployed,17,Fair,0.540170928285709,108452.0,1.0,New Colleen,SC,Bermuda,1.0,2,Bajo,1
25,Male,High School,Divorced,85957.0,756.0,33344.0,Personal,Employed,9,Fair,0.48796568032972254,293088.0,0.0,Jessicaberg,SD,Saint Lucia,4.0,0,Alto,0
19,Female,High School,Married,44509.0,774.0,7800.0,Business,Self-employed,17,Excellent,0.3242656629642122,31645.0,1.0,Norrisport,FL,Suriname,3.0,1,Alto,0
21,Male,Bachelor's,Married,97017.0,614.0,41646.0,Auto,Employed,12,Fair,0.5052750519128616,111831.0,0.0,Rachelstad,VI,Georgia,1.0,1,Medio,2
57,Female,Master's,Divorced,101975.0,799.0,30736.0,Home,Employed,8,Poor,0.3953603423054133,108729.0,0.0,North Amy,MO,Sierra Leone,2.0,1,Bajo,1
44,Female,Bachelor's,Widowed,93356.0,655.0,8247.0,Business,Unemployed,3,Excellent,0.16448880444051292,123836.0,0.0,Lake John,SD,Botswana,1.0,2,Medio,2
59,Non-binary,Bachelor's,Single,79228.0,621.0,33142.0,Business,Unemployed,2,Poor,0.5226288452217329,251021.0,4.0,North Lisa,MO,Armenia,1.0,0,Medio,2
39,Non-binary,Bachelor's,Married,109609.0,719.0,28577.0,Personal,Unemployed,16,Fair,0.46589433332947117,294121.0,3.0,East Nicole,VA,Haiti,4.0,0,Alto,0
50,Female,Master's,Married,102160.0,730.0,43681.0,Business,Employed,18,Good,0.5146513034259635,237236.0,4.0,South Travisfort,ID,United States Virgin Islands,3.0,2,Alto,0
65,Non-binary,Master's,Single,65161.0,672.0,47662.0,Auto,Employed,4,Poor,0.4499463236772343,75389.0,4.0,East Darrell,NJ,Morocco,4.0,1,Alto,0
22,Female,PhD,Divorced,49046.0,792.0,33352.0,Business,Employed,13,Fair,0.4458305866277825,211701.0,0.0,South Samuel,PA,Namibia,4.0,1,Alto,0
59,Non-binary,PhD,Married,97148.0,697.0,9064.0,Personal,Self-employed,11,Fair,0.28276756859203744,243137.0,1.0,Nicoleshire,OR,Libyan Arab Jamahiriya,1.0,2,Bajo,1
63,Non-binary,PhD,Single,115202.0,665.0,8078.0,Auto,Unemployed,16,Good,0.5213553322226717,219012.0,1.0,New Calvinstad,CT,Ethiopia,2.0,2,Medio,2
30,Non-binary,High School,Widowed,43118.0,793.0,39139.0,Business,Unemployed,12,Poor,0.14239257674611747,63732.0,2.0,Phillipview,WV,Indonesia,0.0,1,Bajo,1
25,Female,PhD,Married,51828.0,710.0,12317.0,Home,Employed,8,Excellent,0.5219511891952264,61941.0,3.0,North Laurenborough,NJ,Trinidad and Tobago,4.0,2,Alto,0
66,Female,Bachelor's,Married,117317.0,607.0,34264.0,Personal,Unemployed,11,Fair,0.3180457018133631,269586.0,0.0,East Julieport,NH,Kazakhstan,3.0,2,Alto,0
18,Female,PhD,Married,102174.0,723.0,49436.0,Home,Employed,11,Good,0.5816622775097736,75233.0,4.0,Matthewfort,KY,Timor-Leste,2.0,1,Bajo,1
43,Female,Master's,Divorced,76298.0,687.0,6962.0,Home,Self-employed,1,Poor,0.14922624236998758,155206.0,4.0,East Susan,GU,Cote d'Ivoire,2.0,1,Bajo,1
41,Male,Bachelor's,Married,20553.0,667.0,22999.0,Business,Unemployed,17,Good,0.5604420338471606,118512.0,4.0,Elizabethtown,DC,Greenland,2.0,1,Alto,0
63,Non-binary,Master's,Married,86551.0,700.0,32175.0,Business,Unemployed,14,Poor,0.3780749429686121,76655.0,4.0,Coopermouth,HI,Nicaragua,3.0,0,Alto,0
43,Female,High School,Widowed,50924.0,635.0,24834.0,Auto,Employed,14,Good,0.10038238316124906,233700.0,4.0,Normanfort,NH,Bolivia,0.0,1,Medio,2
44,Non-binary,High School,Divorced,28303.0,681.0,32180.0,Personal,Self-employed,7,Excellent,0.5360676084469865,196239.0,3.0,New Briannafort,KY,Grenada,3.0,1,Alto,0
51,Male,High School,Married,110917.0,644.0,23902.0,Auto,Unemployed,2,Fair,0.2322326112567306,199020.0,0.0,North Tylerburgh,SC,Martinique,4.0,0,Alto,0
42,Female,Master's,Widowed,90393.0,641.0,47582.0,Home,Employed,19,Fair,0.1574925971717577,149662.0,4.0,Laurenstad,MN,Samoa,4.0,2,Alto,0
21,Non-binary,Bachelor's,Single,105687.0,660.0,28241.0,Home,Unemployed,9,Excellent,0.2498523900874359,287888.0,2.0,Lynchton,ME,Kiribati,3.0,1,Alto,0
39,Non-binary,Master's,Widowed,107667.0,698.0,28304.0,Home,Unemployed,11,Poor,0.38958987369019604,224597.0,1.0,Jenniferstad,NE,Austria,1.0,1,Bajo,1
56,Male,Master's,Single,60225.0,731.0,27281.0,Auto,Self-employed,1,Poor,0.29418611926485105,295586.0,2.0,Contrerasport,ND,Eritrea,3.0,2,Alto,0
22,Male,PhD,Married,88211.0,662.0,16311.0,Business,Employed,19,Fair,0.3920604316312333,80913.0,2.0,New Carol,HI,Tajikistan,1.0,1,Medio,2
23,Female,Master's,Married,98191.0,664.0,43458.0,Auto,Unemployed,1,Fair,0.34337638912901924,170724.0,4.0,Kingside,ME,Poland,3.0,1,Alto,0
55,Non-binary,PhD,Married,117858.0,743.0,5290.0,Auto,Employed,3,Excellent,0.4341930413974663,37513.0,4.0,West Michelleview,NY,Angola,0.0,2,Bajo,1
36,Male,Bachelor's,Widowed,119656.0,710.0,39405.0,Auto,Self-employed,5,Fair,0.5702300967781956,216575.0,1.0,New Patricialand,MH,Armenia,0.0,1,Bajo,1
26,Male,Master's,Married,57682.0,778.0,31581.0,Personal,Employed,9,Poor,0.29895657545042353,195709.0,2.0,New Danielville,AS,Nicaragua,2.0,1,Bajo,1
39,Male,PhD,Married,45390.0,705.0,10183.0,Auto,Self-employed,4,Poor,0.15634852607586977,121494.0,4.0,Josephchester,DC,Suriname,3.0,0,Alto,0
20,Non-binary,PhD,Divorced,101541.0,626.0,5982.0,Personal,Employed,16,Fair,0.17495990063985287,111917.0,0.0,East Kellyberg,KS,Yemen,4.0,0,Alto,0
69,Female,High School,Married,111414.0,788.0,44552.0,Business,Unemployed,2,Good,0.26251404915333043,70257.0,2.0,New Scottton,HI,Bermuda,2.0,0,Bajo,1
66,Female,High School,Widowed,29529.0,663.0,21825.0,Business,Unemployed,11,Fair,0.5438414525116416,247025.0,3.0,East Jeremy,KY,Reunion,2.0,1,Alto,0
66,Female,Bachelor's,Divorced,23801.0,601.0,37355.0,Auto,Employed,8,Good,0.24344535068360676,118869.0,1.0,Vasquezport,NV,Australia,3.0,2,Alto,0
34,Non-binary,Bachelor's,Divorced,72018.0,683.0,16563.0,Auto,Unemployed,17,Good,0.5390050764075727,50331.0,4.0,Port Elizabethshire,WV,Barbados,1.0,0,Bajo,1
41,Male,PhD,Divorced,41943.0,665.0,10901.0,Business,Employed,18,Good,0.3472023486561767,102543.0,3.0,Cynthiaside,AS,Ireland,0.0,1,Medio,2
23,Female,High School,Married,93198.0,694.0,46011.0,Personal,Unemployed,17,Fair,0.37647648496166464,156337.0,1.0,Baileyburgh,PR,Eritrea,3.0,1,Alto,0
53,Female,Bachelor's,Widowed,78434.0,636.0,27482.0,Personal,Employed,3,Poor,0.4525279799263726,231512.0,1.0,Johnsonfort,IN,Rwanda,3.0,1,Alto,0
41,Female,Master's,Married,21132.0,714.0,5042.0,Home,Self-employed,11,Poor,0.15387123884289863,197553.0,2.0,Lake Kyle,WI,Heard Island and McDonald Islands,2.0,2,Alto,0
19,Female,High School,Divorced,92009.0,655.0,27046.0,Home,Employed,1,Fair,0.34556714233518215,42639.0,3.0,North Brandonport,OH,Kenya,4.0,2,Alto,0
47,Female,High School,Single,31101.0,715.0,8849.0,Home,Unemployed,14,Excellent,0.5539048984497552,77633.0,3.0,Caseyland,FL,Algeria,0.0,2,Alto,0
39,Non-binary,Bachelor's,Single,30967.0,622.0,46590.0,Auto,Unemployed,7,Poor,0.48342894696492855,289035.0,1.0,Jimenezberg,CT,Kyrgyz Republic,0.0,2,Alto,0
40,Male,High School,Divorced,103449.0,757.0,40983.0,Business,Self-employed,16,Excellent,0.3318432291356278,275739.0,1.0,North Tiffanymouth,HI,Niue,2.0,2,Bajo,1
37,Male,Bachelor's,Divorced,95893.0,778.0,7897.0,Auto,Employed,9,Excellent,0.45347927453155956,149100.0,4.0,Kimberlyland,AZ,Eritrea,0.0,2,Bajo,1
68,Female,Master's,Widowed,81050.0,639.0,12787.0,Business,Employed,12,Good,0.5813111820186095,72382.0,3.0,Johnsonshire,IA,Andorra,2.0,1,Medio,2
58,Non-binary,Bachelor's,Divorced,21634.0,633.0,45582.0,Business,Unemployed,14,Fair,0.5901308128426235,102968.0,2.0,Lake Coryville,MI,New Zealand,2.0,1,Alto,0
51,Male,Bachelor's,Married,103962.0,645.0,9123.0,Personal,Unemployed,1,Poor,0.4732992915087699,43776.0,1.0,New Kelsey,VI,Puerto Rico,1.0,1,Medio,2
37,Female,PhD,Divorced,52795.0,679.0,21659.0,Business,Unemployed,12,Poor,0.23327694794296563,116944.0,3.0,Margaretborough,PA,Angola,1.0,2,Medio,2
50,Non-binary,Master's,Married,65097.0,704.0,9445.0,Personal,Self-employed,1,Fair,0.16821357091085995,279062.0,0.0,West Davidfort,OH,Jordan,2.0,0,Bajo,1
25,Non-binary,Master's,Single,44680.0,618.0,21524.0,Auto,Employed,3,Poor,0.4407557287064586,257922.0,1.0,East Amystad,CA,Egypt,0.0,0,Medio,2
19,Female,Bachelor's,Divorced,39109.0,604.0,27368.0,Auto,Employed,13,Poor,0.339270328264919,62536.0,3.0,Marymouth,MS,French Guiana,0.0,1,Alto,0
18,Male,High School,Married,69671.0,676.0,12337.0,Personal,Self-employed,11,Good,0.21103694730930359,227807.0,0.0,Freemanberg,VT,Bolivia,4.0,2,Alto,0
34,Female,Bachelor's,Divorced,36220.0,642.0,13855.0,Auto,Self-employed,8,Excellent,0.5721807996658276,33193.0,1.0,Lake Calebport,VI,Heard Island and McDonald Islands,3.0,1,Alto,0
19,Male,Master's,Divorced,97124.0,760.0,6231.0,Auto,Self-employed,16,Good,0.40678729208310704,38253.0,4.0,Michelleview,MS,Slovenia,1.0,1,Bajo,1
33,Male,Master's,Divorced,61703.0,710.0,12866.0,Business,Unemployed,16,Excellent,0.5549853870145561,29149.0,2.0,South Jessica,GA,Central African Republic,3.0,1,Alto,0
49,Female,PhD,Divorced,68582.0,684.0,17960.0,Personal,Unemployed,17,Fair,0.255737557019447,28673.0,0.0,New Benjamin,MP,Israel,4.0,2,Alto,0
47,Male,PhD,Divorced,95103.0,793.0,23703.0,Auto,Employed,12,Good,0.2019198903721969,296789.0,0.0,Whiteville,AL,Slovenia,1.0,0,Bajo,1
27,Male,Bachelor's,Widowed,107519.0,712.0,20212.0,Personal,Employed,12,Fair,0.3991895911995593,192040.0,1.0,Parrishbury,LA,Christmas Island,0.0,0,Bajo,1
47,Female,Bachelor's,Widowed,91386.0,711.0,39372.0,Personal,Employed,2,Fair,0.5016538739136264,207638.0,1.0,West Edwardview,RI,Isle of Man,3.0,2,Alto,0
50,Female,PhD,Single,110709.0,701.0,20223.0,Personal,Employed,8,Excellent,0.40998119120432364,39493.0,4.0,East Barbarashire,FL,Nauru,3.0,0,Alto,0
30,Female,Bachelor's,Widowed,66666.0,795.0,48316.0,Business,Employed,6,Poor,0.35923019688622715,157982.0,2.0,Port Davidland,NJ,Guam,4.0,0,Alto,0
61,Male,Bachelor's,Married,63148.0,788.0,16297.0,Home,Unemployed,15,Poor,0.5035010224192703,150940.0,0.0,Williamborough,WY,Nigeria,2.0,1,Bajo,1
23,Female,Master's,Divorced,116819.0,656.0,19526.0,Home,Unemployed,18,Poor,0.5699215529609261,90545.0,3.0,Bradyborough,IN,Bulgaria,4.0,0,Alto,0
31,Female,PhD,Married,27076.0,692.0,14625.0,Home,Unemployed,12,Poor,0.23048047304053396,194688.0,1.0,Port Jacqueline,VA,China,0.0,2,Alto,0
20,Non-binary,Bachelor's,Widowed,66972.0,759.0,10566.0,Home,Self-employed,3,Good,0.2322477492071526,142141.0,4.0,East Jean,MH,Benin,0.0,1,Bajo,1
65,Female,Master's,Widowed,46925.0,657.0,5770.0,Business,Employed,14,Excellent,0.5766392689258258,231157.0,2.0,Cohenshire,OK,Burkina Faso,4.0,1,Alto,0
68,Non-binary,High School,Married,40526.0,751.0,38044.0,Home,Employed,7,Good,0.18760813949754426,33907.0,1.0,Perryside,WA,Bhutan,4.0,2,Alto,0
49,Male,Bachelor's,Married,38280.0,741.0,26991.0,Home,Unemployed,2,Good,0.4992546672511011,72752.0,1.0,Mcguireshire,IA,Morocco,4.0,0,Alto,0
24,Male,PhD,Divorced,118557.0,740.0,43862.0,Business,Employed,15,Fair,0.4244015376979937,90121.0,2.0,Thomasview,MA,Iraq,2.0,0,Bajo,1
53,Non-binary,Bachelor's,Widowed,71952.0,661.0,47434.0,Auto,Self-employed,8,Good,0.3361679561794896,230133.0,2.0,Rhondabury,NM,Vietnam,4.0,1,Alto,0
68,Male,PhD,Single,79949.0,658.0,32763.0,Personal,Unemployed,12,Good,0.5372878088724229,51953.0,3.0,South Patrickfort,AR,Pakistan,0.0,1,Medio,2
68,Non-binary,PhD,Widowed,71920.0,745.0,44894.0,Personal,Unemployed,3,Good,0.43462325554405234,141671.0,4.0,South Maria,OH,Saint Barthelemy,2.0,1,Bajo,1
23,Non-binary,PhD,Single,101638.0,612.0,34984.0,Personal,Self-employed,18,Good,0.22156026287946115,173539.0,4.0,Cynthiabury,HI,Guinea,4.0,1,Alto,0
26,Male,Master's,Divorced,60430.0,727.0,18251.0,Personal,Employed,5,Fair,0.3089301742523416,39568.0,3.0,West Randy,ME,Trinidad and Tobago,1.0,2,Bajo,1
34,Male,Master's,Married,100303.0,702.0,21056.0,Business,Employed,18,Poor,0.5055261630264909,86384.0,1.0,Snyderville,FM,Mauritius,0.0,1,Bajo,1
52,Female,PhD,Widowed,28291.0,704.0,28218.0,Auto,Unemployed,0,Poor,0.3198376857609575,20907.0,4.0,Lake James,HI,Iceland,1.0,1,Alto,0
48,Non-binary,Bachelor's,Single,100039.0,699.0,5051.0,Business,Self-employed,18,Excellent,0.5771383602916024,236823.0,3.0,Kimberlyland,FM,Maldives,0.0,1,Bajo,1
43,Female,PhD,Divorced,85402.0,765.0,42972.0,Personal,Self-employed,18,Excellent,0.35097921563951573,103020.0,4.0,Kristiburgh,PA,British Indian Ocean Territory (Chagos Archipelago),2.0,1,Bajo,1
46,Non-binary,High School,Divorced,107986.0,765.0,6759.0,Home,Unemployed,18,Good,0.4014184036503984,110671.0,0.0,Meyerbury,AL,Sao Tome and Principe,0.0,0,Bajo,1
46,Non-binary,Master's,Single,49655.0,672.0,48840.0,Auto,Self-employed,4,Poor,0.5581548970221093,280754.0,2.0,Allenfurt,NC,Micronesia,4.0,2,Alto,0
37,Male,High School,Married,108378.0,665.0,26722.0,Business,Self-employed,3,Good,0.46605449823828893,229997.0,3.0,Port Michaelchester,MI,Mongolia,2.0,1,Medio,2
50,Non-binary,PhD,Divorced,49949.0,672.0,34045.0,Home,Self-employed,3,Good,0.5224100271443621,294278.0,1.0,West Rebekahburgh,KY,French Guiana,4.0,0,Alto,0
23,Female,PhD,Single,84005.0,761.0,45900.0,Home,Employed,18,Fair,0.3597393358083104,198457.0,3.0,Coxville,MN,Greenland,3.0,1,Alto,0
39,Non-binary,Bachelor's,Married,74453.0,668.0,11576.0,Auto,Unemployed,10,Fair,0.39758495566589624,45056.0,3.0,Jessicamouth,NH,Monaco,1.0,1,Medio,2
62,Female,Bachelor's,Widowed,23065.0,720.0,35879.0,Auto,Employed,13,Excellent,0.2837171907188253,163674.0,3.0,Washingtonbury,AK,Paraguay,0.0,1,Alto,0
36,Male,Bachelor's,Divorced,32453.0,785.0,41872.0,Business,Self-employed,1,Fair,0.5315004363886582,205871.0,1.0,West Fernando,MA,Guinea-Bissau,1.0,0,Alto,0
22,Female,Master's,Single,103422.0,772.0,46112.0,Business,Self-employed,18,Excellent,0.37766038652667544,117469.0,1.0,Jeffreyview,IL,Antigua and Barbuda,3.0,0,Alto,0
21,Male,PhD,Married,102025.0,742.0,10883.0,Personal,Unemployed,11,Poor,0.40370698798869586,206374.0,0.0,New Mercedes,NC,Congo,0.0,2,Bajo,1
62,Male,Bachelor's,Divorced,48562.0,755.0,39421.0,Business,Unemployed,1,Poor,0.3262347387841915,260685.0,0.0,Davismouth,WV,Netherlands Antilles,1.0,0,Bajo,1
37,Non-binary,Master's,Married,46957.0,720.0,40738.0,Auto,Self-employed,6,Excellent,0.31598594624562804,248629.0,4.0,East Bryanberg,FL,Argentina,1.0,0,Bajo,1
60,Non-binary,High School,Married,99833.0,736.0,23543.0,Auto,Employed,4,Good,0.12337598656865592,173426.0,4.0,Lake Terrihaven,NC,Cameroon,3.0,0,Alto,0
24,Male,Bachelor's,Divorced,106924.0,675.0,8356.0,Auto,Unemployed,12,Good,0.18262889016174047,157887.0,0.0,Susanbury,TX,South Georgia and the South Sandwich Islands,1.0,0,Medio,2
61,Female,Bachelor's,Widowed,28614.0,677.0,37315.0,Auto,Self-employed,16,Poor,0.2077222298324298,106510.0,2.0,South Jessica,UT,Kiribati,1.0,2,Alto,0
28,Female,PhD,Widowed,86629.0,635.0,21496.0,Business,Unemployed,7,Good,0.3505805766445539,289180.0,3.0,New Linda,ME,Georgia,2.0,1,Medio,2
36,Non-binary,Master's,Divorced,108927.0,726.0,9576.0,Business,Employed,4,Good,0.367745400117521,193470.0,4.0,Mathewton,KS,Niger,2.0,0,Bajo,1
34,Non-binary,Bachelor's,Divorced,64035.0,647.0,8849.0,Personal,Employed,19,Excellent,0.30087856220902864,205151.0,3.0,Nguyenside,VA,Uruguay,1.0,1,Medio,2
19,Female,PhD,Widowed,29741.0,769.0,29391.0,Home,Unemployed,14,Excellent,0.19350778075226263,242824.0,1.0,New Adrienne,NE,Liberia,2.0,0,Alto,0
31,Non-binary,Master's,Single,23042.0,698.0,31731.0,Business,Self-employed,13,Fair,0.49907484046546735,142202.0,4.0,Port Molly,NH,United States of America,4.0,1,Alto,0
36,Non-binary,High School,Widowed,74878.0,758.0,8866.0,Auto,Employed,2,Fair,0.1624299799097553,106415.0,2.0,Friedmanborough,PA,Brazil,2.0,0,Bajo,1
23,Non-binary,PhD,Single,99066.0,628.0,32935.0,Home,Unemployed,6,Poor,0.18926958091924503,213260.0,4.0,West Christopherstad,MD,India,1.0,1,Medio,2
35,Male,High School,Divorced,94891.0,625.0,31858.0,Home,Self-employed,4,Excellent,0.11959915351984826,150719.0,3.0,South Williamstad,ND,Micronesia,3.0,1,Alto,0
24,Female,PhD,Widowed,24318.0,602.0,36180.0,Auto,Unemployed,15,Good,0.22283769856370914,224104.0,0.0,North Elizabethton,ID,Saint Lucia,3.0,0,Alto,0
57,Female,PhD,Single,74638.0,780.0,45574.0,Personal,Unemployed,19,Excellent,0.45993902949464605,21339.0,3.0,Kellerview,DC,French Guiana,1.0,2,Bajo,1
42,Male,PhD,Single,75614.0,705.0,8529.0,Business,Self-employed,6,Good,0.327046607606566,43313.0,2.0,Abigailchester,SD,Hungary,3.0,1,Alto,0
67,Female,Bachelor's,Divorced,61420.0,747.0,8939.0,Auto,Employed,7,Excellent,0.43410725580423215,32010.0,1.0,Kelliview,LA,Taiwan,1.0,2,Bajo,1
44,Male,Bachelor's,Married,100759.0,746.0,42618.0,Home,Employed,17,Excellent,0.23937446957808048,67685.0,0.0,West Gregory,WA,Malta,3.0,2,Alto,0
69,Female,High School,Married,75965.0,766.0,35558.0,Business,Employed,5,Good,0.5184119789647201,253238.0,0.0,West Linda,MT,Argentina,3.0,1,Alto,0
45,Non-binary,Master's,Single,99517.0,798.0,23932.0,Home,Employed,8,Good,0.4390133613836993,212673.0,1.0,Leachport,CO,British Indian Ocean Territory (Chagos Archipelago),2.0,1,Bajo,1
46,Male,High School,Widowed,78396.0,697.0,12083.0,Home,Unemployed,12,Good,0.513367985435738,145711.0,1.0,Port Arthurtown,DC,Russian Federation,4.0,0,Alto,0
67,Female,Master's,Widowed,94397.0,663.0,8703.0,Business,Employed,4,Fair,0.33400947405922154,284242.0,1.0,Ryanton,VT,Saint Lucia,4.0,2,Alto,0
44,Non-binary,Master's,Single,75476.0,600.0,49125.0,Home,Self-employed,0,Poor,0.3938036013674636,290583.0,3.0,Darrenside,OR,Dominica,4.0,0,Alto,0
41,Non-binary,Bachelor's,Widowed,111665.0,642.0,42811.0,Business,Self-employed,1,Poor,0.38677766664721536,125504.0,0.0,Loriport,SC,United States Minor Outlying Islands,2.0,2,Medio,2
47,Female,Master's,Married,79426.0,655.0,6908.0,Business,Employed,8,Fair,0.10323783856002663,279489.0,0.0,New Johnny,AR,Switzerland,4.0,1,Alto,0
31,Non-binary,Master's,Married,35749.0,634.0,33917.0,Personal,Employed,13,Fair,0.17488157532073403,144908.0,0.0,North Jillville,AZ,Croatia,1.0,0,Alto,0
32,Female,Master's,Married,94236.0,684.0,29632.0,Home,Self-employed,6,Fair,0.1335909367800717,172709.0,3.0,West Randyport,ND,Isle of Man,4.0,2,Alto,0
33,Non-binary,High School,Married,114306.0,756.0,49245.0,Personal,Employed,2,Fair,0.4769117588299029,163080.0,1.0,Davidside,IL,Cuba,4.0,1,Alto,0
58,Female,Bachelor's,Divorced,72509.0,641.0,33540.0,Personal,Employed,18,Fair,0.25231926113153413,106550.0,0.0,Williamston,MA,Niue,0.0,1,Medio,2
55,Female,PhD,Widowed,60382.0,634.0,47469.0,Business,Employed,11,Good,0.5275341152014855,232541.0,3.0,Port Russelltown,KS,Madagascar,2.0,0,Medio,2
55,Male,PhD,Married,20420.0,758.0,44801.0,Auto,Employed,8,Excellent,0.46427618432516937,65367.0,0.0,Angelaview,CT,Philippines,1.0,1,Alto,0
54,Female,PhD,Divorced,30960.0,764.0,43903.0,Home,Employed,13,Good,0.1905965032751766,20311.0,3.0,West Angelaport,AZ,Somalia,2.0,0,Alto,0
65,Female,High School,Divorced,115289.0,655.0,34409.0,Home,Unemployed,1,Excellent,0.40265284513874844,209062.0,0.0,Wrightstad,MA,Antigua and Barbuda,2.0,2,Medio,2
66,Male,Master's,Divorced,107388.0,715.0,18604.0,Auto,Employed,15,Fair,0.4237960390268153,254633.0,3.0,East Sarah,AZ,Tuvalu,1.0,1,Bajo,1
27,Male,PhD,Widowed,70300.0,603.0,21696.0,Business,Self-employed,8,Good,0.41710821999596925,167792.0,1.0,East Manuelton,PR,Micronesia,1.0,0,Medio,2
29,Male,Bachelor's,Widowed,109788.0,781.0,27930.0,Auto,Unemployed,7,Fair,0.16748466803239634,103941.0,3.0,Joyceview,MP,South Georgia and the South Sandwich Islands,4.0,1,Alto,0
53,Non-binary,Bachelor's,Single,47494.0,600.0,48908.0,Home,Unemployed,1,Good,0.3253465252547276,178006.0,4.0,Combsport,VT,Congo,2.0,2,Medio,2
45,Female,Master's,Widowed,62730.0,765.0,13951.0,Auto,Employed,6,Good,0.40806377532687155,186070.0,3.0,Port Angela,WY,Isle of Man,0.0,0,Bajo,1
65,Male,PhD,Married,74606.0,797.0,48451.0,Personal,Unemployed,11,Excellent,0.4346085808145702,267235.0,3.0,Madisonland,ND,El Salvador,1.0,0,Bajo,1
44,Female,High School,Single,61596.0,717.0,29720.0,Personal,Employed,18,Fair,0.14644513268746698,43670.0,0.0,Alexandershire,MO,Oman,4.0,2,Alto,0
40,Non-binary,Master's,Married,50085.0,614.0,17809.0,Business,Unemployed,16,Excellent,0.1722859352070434,222248.0,2.0,Lake Jason,RI,Malawi,0.0,0,Medio,2
42,Female,Master's,Widowed,54426.0,780.0,41417.0,Personal,Unemployed,1,Poor,0.3814703308639611,118133.0,1.0,Meganfurt,KY,Turkey,4.0,1,Alto,0
20,Female,High School,Single,64345.0,713.0,34766.0,Home,Self-employed,15,Good,0.5320245185143198,252464.0,4.0,New James,NM,Wallis and Futuna,2.0,2,Bajo,1
41,Male,Master's,Widowed,83594.0,621.0,34607.0,Home,Employed,7,Fair,0.21547016654652965,288867.0,1.0,Smithchester,GA,Sweden,3.0,2,Alto,0
23,Male,PhD,Married,99858.0,615.0,42987.0,Personal,Self-employed,3,Good,0.34067023738393,111438.0,2.0,Davidborough,AK,North Macedonia,0.0,0,Medio,2
58,Non-binary,Bachelor's,Married,104873.0,727.0,31035.0,Auto,Employed,6,Fair,0.4232384063449751,133790.0,1.0,Ericaberg,OR,Saint Barthelemy,0.0,2,Bajo,1
50,Non-binary,PhD,Divorced,50929.0,669.0,34339.0,Personal,Employed,5,Fair,0.15496457970222557,276212.0,2.0,Port Karen,VA,Papua New Guinea,4.0,1,Alto,0
34,Female,PhD,Single,24752.0,797.0,46178.0,Home,Employed,16,Excellent,0.18977915865328118,290387.0,0.0,Sarahchester,MI,France,2.0,0,Alto,0
54,Non-binary,High School,Widowed,36693.0,693.0,24179.0,Home,Unemployed,2,Fair,0.16594774151382155,212641.0,1.0,West Katelyn,AK,Nauru,2.0,1,Alto,0
25,Non-binary,Bachelor's,Married,73509.0,749.0,39295.0,Business,Employed,8,Good,0.497322319389244,174688.0,2.0,Reneeberg,OH,Heard Island and McDonald Islands,2.0,2,Bajo,1
54,Female,Master's,Single,56126.0,744.0,21256.0,Personal,Self-employed,10,Excellent,0.4646101034077157,240153.0,0.0,East Russell,AZ,Thailand,2.0,2,Bajo,1
46,Female,High School,Single,60309.0,718.0,34668.0,Business,Unemployed,12,Fair,0.5639980433681033,146119.0,1.0,Lake Jodi,DE,Iceland,3.0,2,Alto,0
42,Female,PhD,Single,90942.0,646.0,30565.0,Business,Self-employed,5,Fair,0.30079382871688076,81812.0,1.0,Kimview,SD,Falkland Islands (Malvinas),2.0,2,Medio,2
21,Female,Master's,Divorced,32017.0,702.0,5622.0,Business,Self-employed,9,Fair,0.20475415929476584,202178.0,1.0,Lake Margaretburgh,OK,Nigeria,0.0,0,Alto,0
66,Male,PhD,Single,84997.0,722.0,45316.0,Business,Self-employed,15,Poor,0.4879951433477684,215865.0,0.0,Bakerchester,IA,New Zealand,4.0,0,Alto,0
52,Non-binary,Master's,Single,84586.0,658.0,8044.0,Personal,Unemployed,10,Excellent,0.5292998099555589,164099.0,0.0,Shawberg,WI,Sao Tome and Principe,2.0,2,Medio,2
53,Male,PhD,Widowed,41891.0,686.0,49896.0,Business,Unemployed,8,Good,0.45944285194305134,298836.0,3.0,New Lindsey,UT,United Arab Emirates,2.0,0,Bajo,1
56,Female,PhD,Married,72284.0,734.0,20058.0,Personal,Unemployed,5,Fair,0.3993433188340607,96572.0,3.0,Jessicaville,CA,Kazakhstan,0.0,2,Bajo,1
45,Female,High School,Single,21067.0,676.0,39155.0,Personal,Unemployed,17,Poor,0.3480848497385397,286987.0,4.0,West Paul,MI,Sri Lanka,1.0,2,Alto,0
44,Non-binary,Bachelor's,Single,76751.0,626.0,14198.0,Auto,Self-employed,8,Fair,0.26470247073023334,240416.0,0.0,Williamsonstad,MI,Canada,3.0,0,Alto,0
42,Female,Master's,Divorced,24753.0,608.0,35249.0,Auto,Employed,10,Fair,0.5842604650770321,77453.0,0.0,Lake Johnburgh,VI,Burundi,2.0,1,Alto,0
36,Non-binary,High School,Divorced,20826.0,617.0,18219.0,Home,Self-employed,3,Excellent,0.5529751825435585,101509.0,0.0,Port Shawnton,CO,San Marino,4.0,0,Alto,0
64,Male,High School,Divorced,24132.0,714.0,22161.0,Personal,Employed,12,Excellent,0.4955347335414506,206053.0,3.0,Lake Dennisfurt,TX,Equatorial Guinea,3.0,1,Alto,0
32,Female,Bachelor's,Single,54684.0,671.0,37649.0,Business,Employed,15,Good,0.14607645029861152,192752.0,1.0,Port Jessicaside,ME,India,4.0,0,Alto,0
25,Male,Bachelor's,Single,106450.0,630.0,44580.0,Business,Self-employed,4,Excellent,0.4376496308367579,178430.0,2.0,New Elizabethfort,CA,Singapore,2.0,1,Medio,2
22,Female,Bachelor's,Married,82513.0,774.0,32372.0,Auto,Self-employed,2,Good,0.13581374536356053,253747.0,0.0,Fosterburgh,MA,Libyan Arab Jamahiriya,3.0,1,Alto,0
51,Male,Bachelor's,Married,95093.0,663.0,49817.0,Personal,Unemployed,15,Fair,0.2027563980898581,227322.0,4.0,East Nicole,GA,Sao Tome and Principe,0.0,2,Medio,2
30,Female,Bachelor's,Married,81273.0,719.0,45326.0,Auto,Self-employed,2,Excellent,0.271724812094438,45797.0,4.0,Lauraside,NH,Mali,0.0,1,Bajo,1
36,Male,Bachelor's,Single,110141.0,760.0,15198.0,Personal,Unemployed,7,Good,0.40234613270087616,135329.0,0.0,Port Mikeview,WY,Cook Islands,4.0,0,Alto,0
34,Female,Bachelor's,Divorced,96864.0,637.0,34813.0,Personal,Unemployed,7,Good,0.2673533761117448,30910.0,0.0,East Anthonyberg,TN,Sierra Leone,4.0,0,Alto,0
58,Non-binary,Bachelor's,Married,112270.0,770.0,35434.0,Business,Self-employed,5,Good,0.4368802208895981,47254.0,1.0,Lake Christopherchester,CO,Guatemala,1.0,0,Bajo,1
54,Female,PhD,Married,97857.0,647.0,31619.0,Business,Employed,17,Excellent,0.16730948827005085,192176.0,3.0,Wilsonview,VA,Armenia,3.0,2,Alto,0
45,Non-binary,PhD,Divorced,28888.0,604.0,28287.0,Home,Employed,6,Poor,0.5782278002345619,182962.0,1.0,Paulaville,OK,Belgium,4.0,0,Alto,0
68,Non-binary,PhD,Divorced,108241.0,634.0,16079.0,Business,Self-employed,16,Poor,0.47548174307590996,126492.0,3.0,Christinaside,DE,Botswana,2.0,0,Medio,2
28,Female,Bachelor's,Single,44236.0,650.0,46203.0,Personal,Unemployed,15,Fair,0.3705969217431061,44381.0,1.0,South Johnland,VA,Tokelau,1.0,1,Medio,2
38,Male,PhD,Widowed,99538.0,601.0,36207.0,Home,Self-employed,5,Poor,0.480037400517331,72116.0,1.0,Turnerburgh,FL,Zambia,1.0,2,Medio,2
38,Female,High School,Married,22589.0,698.0,23239.0,Personal,Employed,12,Good,0.2838545128020673,173475.0,0.0,Nicholasview,MA,Timor-Leste,4.0,0,Alto,0
63,Female,High School,Divorced,34003.0,742.0,37867.0,Personal,Employed,18,Poor,0.4317412996607205,232798.0,2.0,Henrystad,ID,Comoros,2.0,0,Alto,0
39,Non-binary,PhD,Widowed,109360.0,687.0,37052.0,Business,Self-employed,7,Good,0.23368137301747471,250107.0,4.0,East Benjamin,LA,Saint Helena,3.0,1,Alto,0
22,Female,Bachelor's,Divorced,28155.0,622.0,33167.0,Auto,Self-employed,10,Fair,0.23084273951338466,206040.0,1.0,Mariahborough,WY,Indonesia,2.0,2,Alto,0
18,Female,PhD,Single,29416.0,737.0,9268.0,Auto,Self-employed,18,Fair,0.4506357957589161,107701.0,3.0,North Veronicafort,CO,Bhutan,4.0,0,Alto,0
32,Female,Master's,Single,115368.0,648.0,19868.0,Auto,Employed,16,Poor,0.42090223419680106,222738.0,3.0,Petersonberg,OH,Tokelau,2.0,0,Medio,2
28,Non-binary,Bachelor's,Divorced,78769.0,710.0,34044.0,Business,Self-employed,0,Good,0.20077599535392057,163856.0,1.0,West Rachelton,VI,Mongolia,4.0,0,Alto,0
33,Male,Bachelor's,Divorced,106643.0,679.0,25855.0,Business,Unemployed,13,Good,0.2604009494458561,44793.0,0.0,South Michelle,MH,Andorra,4.0,2,Alto,0
39,Non-binary,PhD,Widowed,30298.0,768.0,35459.0,Business,Employed,5,Poor,0.3735927555395344,227245.0,2.0,East Rachael,CT,Poland,0.0,2,Alto,0
69,Female,Bachelor's,Divorced,76289.0,739.0,41792.0,Auto,Employed,12,Poor,0.2572685224217578,139190.0,1.0,Phillipsbury,ND,Maldives,4.0,0,Alto,0
31,Male,Master's,Married,105311.0,771.0,20201.0,Business,Unemployed,15,Fair,0.5104914555264344,164652.0,3.0,Brentshire,OK,Libyan Arab Jamahiriya,2.0,0,Bajo,1
55,Female,Master's,Single,101919.0,767.0,49733.0,Business,Unemployed,0,Good,0.41533401879927523,278352.0,4.0,Cantrellshire,KS,Saudi Arabia,0.0,1,Bajo,1
19,Non-binary,PhD,Married,47256.0,633.0,25232.0,Personal,Self-employed,2,Fair,0.24001343578009163,191678.0,3.0,Lake Randallside,ID,Oman,0.0,2,Medio,2
35,Non-binary,High School,Married,92074.0,667.0,16463.0,Personal,Unemployed,7,Good,0.15418575903970325,250121.0,2.0,Garyville,MO,Bangladesh,3.0,0,Alto,0
20,Male,Bachelor's,Widowed,97160.0,602.0,25973.0,Home,Self-employed,0,Excellent,0.5997275397997104,245581.0,1.0,Lake Feliciamouth,HI,Japan,1.0,2,Medio,2
23,Male,High School,Widowed,33336.0,677.0,16780.0,Personal,Unemployed,2,Excellent,0.1473521946441537,286110.0,4.0,New Robert,UT,Cambodia,4.0,2,Alto,0
46,Male,Bachelor's,Divorced,110091.0,703.0,38993.0,Business,Unemployed,2,Poor,0.25011104269387907,116597.0,4.0,Lake Juliehaven,AZ,Nauru,3.0,0,Alto,0
27,Non-binary,Bachelor's,Single,65891.0,709.0,42301.0,Personal,Employed,0,Good,0.46723499104618094,160651.0,2.0,West Ashleyport,KY,Albania,1.0,0,Bajo,1
36,Female,PhD,Married,63201.0,749.0,42069.0,Business,Self-employed,0,Good,0.5638982857192563,211017.0,0.0,Claytonton,CA,Bangladesh,1.0,1,Bajo,1
22,Female,PhD,Single,113468.0,725.0,20660.0,Auto,Self-employed,7,Poor,0.40704912133264726,248882.0,1.0,Port Pamela,SD,Portugal,4.0,1,Alto,0
58,Non-binary,Bachelor's,Single,100598.0,709.0,37001.0,Auto,Employed,1,Fair,0.3699794256335365,181774.0,4.0,Valdezshire,ND,Bolivia,3.0,0,Alto,0
54,Female,High School,Married,29275.0,601.0,32337.0,Auto,Employed,3,Poor,0.5912668495244912,261487.0,2.0,Port David,NM,Taiwan,4.0,1,Alto,0
40,Non-binary,Master's,Single,73520.0,799.0,43171.0,Personal,Employed,5,Good,0.14786482002896803,235764.0,0.0,West Nicholasport,HI,Sri Lanka,4.0,2,Alto,0
37,Female,PhD,Divorced,55655.0,617.0,19322.0,Business,Employed,5,Excellent,0.23704815433419532,155437.0,1.0,Tonystad,NC,Azerbaijan,2.0,1,Medio,2
61,Male,High School,Widowed,111931.0,726.0,45902.0,Auto,Self-employed,18,Poor,0.29239830641230524,201374.0,2.0,North Carrie,NV,Bosnia and Herzegovina,0.0,2,Bajo,1
38,Male,High School,Divorced,85263.0,711.0,49562.0,Auto,Self-employed,12,Excellent,0.24333356062898578,78197.0,3.0,Joelview,MD,Croatia,1.0,0,Bajo,1
24,Non-binary,PhD,Single,26490.0,700.0,41963.0,Auto,Self-employed,8,Fair,0.5634464099288878,208578.0,4.0,Lake Haleystad,DC,Lithuania,1.0,1,Alto,0
52,Female,Bachelor's,Divorced,111192.0,784.0,32419.0,Auto,Unemployed,9,Excellent,0.42031978525671776,41922.0,0.0,Davismouth,NE,Tajikistan,3.0,1,Alto,0
21,Female,Master's,Widowed,38640.0,705.0,39939.0,Personal,Unemployed,4,Poor,0.22151677683519352,288044.0,1.0,North John,IN,Peru,1.0,1,Alto,0
62,Non-binary,PhD,Widowed,119056.0,681.0,14003.0,Personal,Employed,2,Poor,0.41178276494352717,192156.0,0.0,Port Kevin,LA,Bulgaria,3.0,1,Alto,0
66,Female,High School,Widowed,77295.0,637.0,25493.0,Business,Self-employed,14,Good,0.2933502559224802,188498.0,4.0,Scottview,AK,Luxembourg,0.0,0,Medio,2
40,Male,High School,Married,105915.0,605.0,25136.0,Auto,Employed,1,Poor,0.44433209810842156,139151.0,4.0,East Robertside,VI,Mongolia,0.0,2,Medio,2
21,Non-binary,Bachelor's,Single,112945.0,713.0,49676.0,Personal,Self-employed,10,Good,0.47246306705215146,240403.0,0.0,Markmouth,PW,Croatia,1.0,0,Bajo,1
52,Male,High School,Married,86332.0,614.0,34039.0,Auto,Self-employed,6,Good,0.35742685611048075,48358.0,3.0,Lake Lauren,NE,Saint Barthelemy,3.0,1,Alto,0
57,Female,High School,Widowed,92969.0,721.0,36036.0,Auto,Self-employed,10,Fair,0.17554263482879115,253728.0,1.0,Holtport,OH,Comoros,4.0,2,Alto,0
53,Non-binary,Bachelor's,Widowed,73642.0,721.0,8843.0,Business,Employed,15,Poor,0.4591097694916061,98641.0,0.0,Marissafurt,PW,Saudi Arabia,2.0,1,Bajo,1
65,Non-binary,Master's,Married,38128.0,651.0,20928.0,Home,Unemployed,15,Excellent,0.1850448756700571,263229.0,0.0,Allisonview,WI,Haiti,1.0,1,Alto,0
44,Male,Master's,Divorced,68242.0,729.0,16184.0,Home,Self-employed,4,Fair,0.17913123730719613,293082.0,3.0,Port Alexanderfurt,NC,Hong Kong,0.0,0,Bajo,1
28,Non-binary,High School,Single,94312.0,762.0,35060.0,Home,Self-employed,7,Good,0.41273227675089064,151361.0,1.0,Kaylaborough,MH,Japan,1.0,1,Bajo,1
25,Female,Bachelor's,Divorced,52399.0,600.0,31428.0,Personal,Unemployed,8,Good,0.5850251232107556,208476.0,2.0,Patriciamouth,IA,Tanzania,2.0,2,Medio,2
50,Female,PhD,Single,67646.0,612.0,22778.0,Business,Employed,19,Good,0.29601776359011966,80018.0,4.0,Bryanhaven,NH,Bosnia and Herzegovina,4.0,1,Alto,0
31,Non-binary,High School,Divorced,44180.0,651.0,47608.0,Personal,Self-employed,9,Fair,0.3848169313405386,212233.0,4.0,South Troy,OR,Gibraltar,4.0,1,Alto,0
63,Non-binary,Bachelor's,Single,90423.0,657.0,31479.0,Auto,Employed,9,Good,0.39517472228708217,235741.0,2.0,West Brianland,KY,Pitcairn Islands,1.0,2,Medio,2
57,Non-binary,Bachelor's,Single,101365.0,685.0,43195.0,Auto,Unemployed,16,Fair,0.20472961503061812,129023.0,2.0,Gatesbury,AK,Ireland,2.0,0,Bajo,1
36,Female,PhD,Divorced,97432.0,678.0,45857.0,Auto,Unemployed,19,Good,0.5586247758226673,103413.0,1.0,North Kimberlybury,IN,Chad,0.0,0,Medio,2
57,Non-binary,PhD,Single,49945.0,601.0,10139.0,Home,Self-employed,10,Good,0.5835576868783952,292328.0,3.0,Whitneyfort,NE,Lithuania,4.0,2,Alto,0
33,Female,Bachelor's,Married,77852.0,730.0,25411.0,Business,Self-employed,6,Good,0.2860263623596999,214161.0,4.0,Jeffreyton,MS,India,1.0,0,Bajo,1
69,Male,High School,Widowed,34941.0,745.0,49767.0,Business,Self-employed,13,Poor,0.12443440032737538,47788.0,1.0,New Ryan,ID,Botswana,4.0,0,Alto,0
25,Female,PhD,Divorced,74501.0,736.0,41376.0,Home,Employed,19,Excellent,0.24521828573462603,149850.0,1.0,Monicafurt,IA,Uruguay,2.0,2,Bajo,1
39,Female,Master's,Divorced,112085.0,635.0,21690.0,Business,Unemployed,13,Fair,0.348794632490819,34738.0,1.0,East Jason,HI,Albania,4.0,1,Alto,0
33,Non-binary,Bachelor's,Divorced,114088.0,615.0,26153.0,Home,Self-employed,14,Fair,0.5127795468962888,183161.0,4.0,Lake Stephanie,MT,Malaysia,4.0,1,Alto,0
58,Male,Bachelor's,Married,110302.0,660.0,9502.0,Personal,Self-employed,1,Fair,0.3200891652707556,220298.0,4.0,Lake Jeffrey,IA,Saint Pierre and Miquelon,1.0,1,Medio,2
56,Male,High School,Divorced,72703.0,753.0,10701.0,Home,Self-employed,6,Fair,0.2527127777104271,243990.0,4.0,West Jessicaton,LA,Rwanda,2.0,2,Bajo,1
25,Female,High School,Divorced,44315.0,731.0,34215.0,Auto,Employed,14,Fair,0.22664329903706723,79764.0,2.0,Mendozatown,ME,Romania,2.0,2,Bajo,1
32,Non-binary,High School,Single,52161.0,642.0,21352.0,Home,Unemployed,11,Fair,0.22444716702504572,253677.0,2.0,Port Cassie,OK,United States Minor Outlying Islands,4.0,1,Alto,0
26,Non-binary,High School,Widowed,50716.0,746.0,47005.0,Personal,Self-employed,14,Good,0.20085916727490113,20913.0,0.0,Hansenmouth,OH,Hungary,4.0,2,Alto,0
37,Male,High School,Divorced,103324.0,713.0,35198.0,Business,Unemployed,9,Poor,0.3190554101473,103197.0,1.0,New Sherriberg,ID,Kiribati,3.0,0,Alto,0
61,Male,PhD,Single,63016.0,743.0,40005.0,Home,Unemployed,0,Good,0.13122272714475167,54089.0,1.0,Lake Kimberlytown,AK,Burundi,3.0,1,Alto,0
63,Non-binary,High School,Single,103552.0,674.0,14848.0,Auto,Unemployed,7,Good,0.10579344433818152,298871.0,1.0,New Mariafort,MN,Palau,1.0,2,Medio,2
28,Male,PhD,Single,116717.0,607.0,36263.0,Auto,Employed,18,Poor,0.23639879451210213,153983.0,0.0,South Davidburgh,KY,Sri Lanka,2.0,0,Medio,2
52,Non-binary,Bachelor's,Married,41673.0,678.0,45364.0,Home,Unemployed,3,Fair,0.46556342878044854,291755.0,3.0,East Kathleenburgh,MA,Tanzania,1.0,0,Medio,2
69,Non-binary,High School,Divorced,44592.0,673.0,18632.0,Personal,Self-employed,3,Good,0.3360561543497763,87811.0,3.0,Larsonshire,AS,Panama,4.0,1,Alto,0
54,Female,High School,Single,52206.0,747.0,32881.0,Home,Self-employed,17,Poor,0.10752110249729144,272141.0,3.0,Emilyshire,WY,Dominica,4.0,0,Alto,0
64,Female,High School,Married,36246.0,749.0,36346.0,Home,Unemployed,4,Excellent,0.20507416946961696,281227.0,1.0,South Russell,KY,Slovakia (Slovak Republic),1.0,0,Alto,0
47,Female,Bachelor's,Widowed,83236.0,610.0,36626.0,Personal,Unemployed,4,Good,0.5835853710957501,230146.0,4.0,East Margaret,FL,Saint Kitts and Nevis,3.0,1,Alto,0
41,Female,High School,Single,57355.0,796.0,7289.0,Business,Employed,8,Good,0.3654716198396646,35049.0,0.0,Salazarstad,HI,Nepal,0.0,0,Bajo,1
61,Male,PhD,Widowed,68604.0,674.0,46311.0,Home,Unemployed,6,Poor,0.3763248401717899,30806.0,3.0,West Thomas,VI,Lithuania,3.0,0,Alto,0
20,Non-binary,Bachelor's,Single,67743.0,606.0,32003.0,Home,Employed,5,Excellent,0.2736734776052602,137387.0,1.0,Matthewsside,RI,Netherlands,1.0,0,Medio,2
51,Male,Bachelor's,Single,114067.0,764.0,15712.0,Personal,Self-employed,17,Poor,0.24605422530614937,93213.0,4.0,Port James,DC,Mayotte,3.0,0,Alto,0
35,Non-binary,PhD,Widowed,117104.0,614.0,36254.0,Personal,Unemployed,19,Poor,0.3126552211138226,269711.0,4.0,West Chad,LA,Costa Rica,4.0,0,Alto,0
27,Female,PhD,Divorced,34781.0,678.0,23656.0,Personal,Unemployed,14,Excellent,0.22130789408249327,232851.0,2.0,New Miguelton,DC,French Southern Territories,3.0,1,Alto,0
57,Male,Master's,Single,116548.0,622.0,30474.0,Home,Self-employed,8,Excellent,0.4038485008744852,106849.0,1.0,West Josephville,KY,Indonesia,0.0,0,Medio,2
67,Female,Bachelor's,Married,66894.0,639.0,46395.0,Auto,Unemployed,10,Poor,0.5726420837276803,46850.0,0.0,East Kathryn,PR,Armenia,2.0,1,Medio,2
47,Female,Bachelor's,Divorced,25618.0,790.0,17623.0,Auto,Employed,5,Excellent,0.2239790795829322,126259.0,4.0,Port Jeffrey,MD,Sri Lanka,1.0,2,Alto,0
35,Non-binary,PhD,Widowed,61524.0,655.0,19045.0,Home,Employed,3,Fair,0.17436588088160873,71934.0,2.0,Gilesshire,WA,Antigua and Barbuda,0.0,1,Medio,2
63,Non-binary,High School,Single,23239.0,609.0,25885.0,Personal,Self-employed,7,Excellent,0.18254378110133104,271117.0,3.0,South Anna,AL,Pakistan,1.0,0,Alto,0
52,Male,PhD,Married,115614.0,705.0,40230.0,Auto,Unemployed,19,Good,0.14650704772261705,199347.0,2.0,North Erinmouth,ID,Ghana,1.0,2,Bajo,1
45,Female,High School,Divorced,61277.0,707.0,13684.0,Business,Self-employed,2,Excellent,0.41301493243627496,62636.0,2.0,West Kimberlytown,CA,United States of America,2.0,0,Bajo,1
38,Female,High School,Married,100004.0,717.0,7111.0,Home,Unemployed,19,Excellent,0.5992324299473315,234330.0,3.0,Andrewstad,MS,Saint Vincent and the Grenadines,1.0,1,Bajo,1
58,Non-binary,Master's,Married,58237.0,674.0,5579.0,Business,Self-employed,17,Good,0.3426358878922974,290940.0,2.0,Scottmouth,OH,Hong Kong,2.0,0,Medio,2
63,Female,Bachelor's,Widowed,85930.0,745.0,42463.0,Home,Self-employed,16,Good,0.5186131650392225,138092.0,4.0,Richardside,CO,Reunion,1.0,1,Bajo,1
62,Female,PhD,Single,110688.0,737.0,5166.0,Personal,Self-employed,5,Poor,0.35520486545597907,166541.0,0.0,East Stacy,DC,Holy See (Vatican City State),3.0,0,Alto,0
55,Non-binary,Bachelor's,Married,91054.0,717.0,44771.0,Business,Employed,3,Fair,0.5086121437283501,165407.0,3.0,North Margaretburgh,MN,Taiwan,4.0,1,Alto,0
51,Male,High School,Married,42184.0,704.0,23154.0,Auto,Self-employed,3,Good,0.25054229324070265,155898.0,4.0,Lake Shannon,KS,Zambia,3.0,2,Alto,0
44,Female,PhD,Single,99837.0,763.0,33201.0,Personal,Self-employed,2,Fair,0.33536619304274984,141001.0,4.0,Jeffreyview,PW,Uruguay,1.0,0,Bajo,1
64,Non-binary,High School,Married,106066.0,649.0,17113.0,Auto,Self-employed,0,Excellent,0.417498595582832,142900.0,4.0,West Edwinshire,AR,Italy,2.0,1,Medio,2
58,Female,High School,Widowed,27141.0,744.0,39730.0,Auto,Employed,9,Fair,0.31626145971945596,235658.0,1.0,Coopertown,SD,Congo,3.0,2,Alto,0
64,Male,High School,Divorced,46558.0,650.0,17349.0,Auto,Self-employed,3,Poor,0.35253523991932034,182318.0,3.0,Muellermouth,PR,Lithuania,4.0,2,Alto,0
36,Female,PhD,Divorced,117773.0,680.0,37996.0,Home,Employed,6,Fair,0.22513530619029506,215412.0,4.0,Port Steven,ME,Myanmar,2.0,2,Bajo,1
39,Female,Bachelor's,Married,32683.0,764.0,30935.0,Home,Self-employed,1,Good,0.4669142741147473,34750.0,2.0,Port Christopher,UT,Estonia,3.0,2,Alto,0
49,Female,High School,Married,68355.0,787.0,16093.0,Personal,Self-employed,4,Fair,0.35814741657505345,72631.0,2.0,Toddville,GA,Lithuania,0.0,1,Bajo,1
31,Male,High School,Single,113749.0,683.0,24670.0,Personal,Employed,16,Fair,0.46382870503452034,285741.0,0.0,Tuckermouth,NY,Paraguay,0.0,2,Bajo,1
58,Non-binary,Bachelor's,Married,60533.0,672.0,21961.0,Home,Employed,4,Poor,0.29368543114644363,214730.0,4.0,Ochoatown,OK,Saudi Arabia,4.0,2,Alto,0
34,Female,High School,Single,57204.0,713.0,23615.0,Personal,Self-employed,1,Excellent,0.33545073474787446,135551.0,2.0,Parkerport,IL,Mauritius,2.0,0,Bajo,1
53,Male,Bachelor's,Married,50028.0,704.0,48831.0,Auto,Unemployed,8,Poor,0.5938414555345655,31424.0,0.0,Stephaniechester,MS,Kuwait,4.0,1,Alto,0
62,Non-binary,Bachelor's,Widowed,42369.0,764.0,8916.0,Personal,Employed,4,Excellent,0.11077441913552069,172757.0,2.0,West Ericaburgh,SD,Palau,4.0,2,Alto,0
69,Female,Master's,Divorced,23415.0,719.0,34713.0,Business,Unemployed,14,Fair,0.43061391511407465,258196.0,2.0,Hunttown,AS,Brazil,2.0,2,Alto,0
53,Non-binary,High School,Widowed,82969.0,625.0,8488.0,Personal,Self-employed,6,Excellent,0.43751068718700736,54530.0,3.0,South Amy,CO,Romania,2.0,0,Medio,2
37,Male,High School,Divorced,87238.0,694.0,33491.0,Home,Self-employed,0,Excellent,0.29599876603519626,164875.0,1.0,West Jason,DE,Honduras,1.0,0,Bajo,1
54,Male,PhD,Divorced,81276.0,719.0,35106.0,Home,Unemployed,8,Fair,0.1831477879741983,207728.0,0.0,East Barbara,ND,Iraq,4.0,0,Alto,0
64,Female,PhD,Widowed,97850.0,722.0,22349.0,Personal,Self-employed,2,Excellent,0.49718930958252716,84277.0,0.0,New Alexanderview,IL,Bahrain,1.0,0,Bajo,1
30,Male,Master's,Divorced,74607.0,716.0,32577.0,Home,Self-employed,13,Poor,0.5798813206290213,148715.0,4.0,Espinozaview,GU,Colombia,4.0,2,Alto,0
18,Male,PhD,Widowed,100350.0,730.0,41649.0,Personal,Unemployed,16,Good,0.5945430159241503,167172.0,2.0,West Stevenside,VI,Isle of Man,1.0,1,Bajo,1
31,Female,Master's,Widowed,35640.0,630.0,12649.0,Auto,Employed,16,Poor,0.4986910336213629,33121.0,3.0,Clarkchester,PR,Mozambique,0.0,1,Alto,0
47,Male,Bachelor's,Divorced,70646.0,769.0,32503.0,Personal,Employed,12,Poor,0.5951116071261008,49616.0,2.0,East Priscilla,CO,Mozambique,4.0,1,Alto,0
29,Non-binary,High School,Single,76342.0,613.0,25436.0,Business,Employed,15,Fair,0.2494993232773303,248335.0,1.0,Nicholasberg,MI,Seychelles,0.0,2,Medio,2
56,Male,High School,Married,30515.0,746.0,31287.0,Home,Unemployed,12,Excellent,0.4615387715065611,132289.0,0.0,Carlosburgh,NE,Egypt,0.0,0,Alto,0
46,Male,High School,Single,20093.0,681.0,47765.0,Auto,Unemployed,2,Poor,0.2132723365947136,167295.0,0.0,Torresstad,NE,Cambodia,4.0,2,Alto,0
24,Female,Master's,Divorced,83440.0,765.0,25358.0,Home,Employed,9,Fair,0.11972580130194752,285619.0,1.0,Alexshire,MT,Saint Martin,1.0,1,Bajo,1
58,Non-binary,High School,Married,83627.0,793.0,22791.0,Home,Self-employed,13,Fair,0.160753303731574,50328.0,2.0,Johnsonville,WI,Guatemala,0.0,2,Bajo,1
29,Male,Master's,Divorced,75735.0,725.0,26814.0,Business,Self-employed,8,Poor,0.2917943168486138,231409.0,0.0,Riverafort,MP,Anguilla,3.0,2,Alto,0
55,Female,Master's,Single,90726.0,694.0,15589.0,Home,Employed,18,Good,0.3838018744626336,136060.0,1.0,Michaelton,NM,Cook Islands,3.0,2,Alto,0
53,Non-binary,Bachelor's,Widowed,33102.0,653.0,8038.0,Business,Self-employed,8,Good,0.15922526551231672,252864.0,3.0,Kimstad,KY,Mali,4.0,1,Alto,0
21,Male,Bachelor's,Married,107399.0,625.0,31875.0,Business,Employed,4,Poor,0.11026171028443507,135252.0,1.0,Tylerchester,MP,Sri Lanka,1.0,2,Medio,2
39,Non-binary,High School,Single,103697.0,614.0,28889.0,Personal,Self-employed,14,Good,0.15924331677396888,115678.0,3.0,Stevenbury,SC,Mongolia,2.0,2,Medio,2
19,Female,High School,Married,75491.0,614.0,6912.0,Home,Self-employed,4,Good,0.5743350755988972,29698.0,1.0,South Janice,NH,Sri Lanka,4.0,1,Alto,0
49,Male,Bachelor's,Married,71932.0,730.0,32692.0,Personal,Employed,13,Excellent,0.3858096206306473,260913.0,2.0,Williamsfurt,HI,Svalbard & Jan Mayen Islands,0.0,0,Bajo,1
55,Non-binary,Master's,Single,43434.0,790.0,15426.0,Home,Unemployed,15,Poor,0.4686390083310402,281993.0,1.0,Coxshire,SD,Poland,3.0,1,Alto,0
24,Non-binary,Master's,Widowed,65168.0,610.0,43992.0,Business,Unemployed,10,Fair,0.22028768735229706,39793.0,4.0,New Matthew,PW,New Zealand,4.0,0,Alto,0
52,Female,Bachelor's,Widowed,110576.0,722.0,17926.0,Business,Unemployed,11,Poor,0.3536100905730013,158653.0,3.0,Natashaton,VI,Uganda,3.0,0,Alto,0
54,Male,Bachelor's,Divorced,98821.0,770.0,28664.0,Business,Self-employed,7,Excellent,0.32343777588689826,94407.0,1.0,Singletontown,SD,Svalbard & Jan Mayen Islands,3.0,0,Alto,0
32,Male,PhD,Divorced,46897.0,675.0,9358.0,Business,Self-employed,13,Fair,0.4106799507978218,286267.0,2.0,Charlesshire,MS,Estonia,4.0,1,Alto,0
41,Non-binary,PhD,Married,76389.0,687.0,26031.0,Business,Unemployed,13,Excellent,0.18298956665970392,138207.0,4.0,Port Mariah,MN,Bouvet Island (Bouvetoya),4.0,2,Alto,0
33,Non-binary,PhD,Single,57471.0,632.0,23350.0,Business,Unemployed,17,Good,0.1508646209264721,170350.0,2.0,West Brittany,NY,Nicaragua,2.0,0,Medio,2
48,Male,High School,Single,68957.0,637.0,10063.0,Auto,Employed,0,Poor,0.10628102443134627,167519.0,2.0,Angelaland,WV,Germany,0.0,0,Medio,2
23,Non-binary,Master's,Widowed,76049.0,799.0,7879.0,Auto,Employed,8,Excellent,0.27862097871045655,280597.0,3.0,Port Jody,MD,Serbia,4.0,1,Alto,0
26,Male,High School,Single,32770.0,707.0,42630.0,Auto,Unemployed,6,Poor,0.23135959364392603,87512.0,4.0,South Shawn,MH,Eritrea,1.0,0,Alto,0
41,Non-binary,High School,Single,88354.0,733.0,17985.0,Personal,Employed,1,Excellent,0.11713561454815549,33514.0,0.0,Cruzchester,RI,Bosnia and Herzegovina,1.0,0,Bajo,1
64,Female,Bachelor's,Divorced,34988.0,716.0,21847.0,Personal,Employed,0,Good,0.1324217148244741,163213.0,3.0,Sandrachester,AS,Egypt,2.0,2,Alto,0
39,Non-binary,PhD,Divorced,104480.0,775.0,6119.0,Auto,Employed,3,Fair,0.5129458588723547,242511.0,2.0,East Williamville,DC,Kiribati,2.0,1,Bajo,1
57,Female,Master's,Married,62912.0,776.0,23898.0,Auto,Employed,18,Poor,0.1745440357218976,73140.0,4.0,Lake Jessica,WA,French Southern Territories,3.0,0,Alto,0
55,Male,Master's,Divorced,64828.0,789.0,42223.0,Personal,Self-employed,4,Excellent,0.24122778239887807,86025.0,3.0,East Paulfort,UT,Tanzania,2.0,0,Bajo,1
52,Female,PhD,Widowed,32318.0,738.0,24042.0,Business,Self-employed,6,Fair,0.1196368498872892,228259.0,0.0,Garciamouth,MS,British Virgin Islands,1.0,2,Alto,0
33,Male,Master's,Married,89833.0,625.0,15065.0,Home,Unemployed,10,Poor,0.2058460839820749,177248.0,4.0,Josephville,MN,Ukraine,1.0,2,Medio,2
59,Male,Master's,Single,95186.0,704.0,17705.0,Business,Unemployed,8,Fair,0.5419790446272826,243505.0,3.0,Lisaland,IA,Hong Kong,1.0,0,Bajo,1
50,Female,Master's,Married,69339.0,611.0,24500.0,Home,Unemployed,11,Poor,0.49984265106780534,47620.0,2.0,Port Virginiaside,VA,Tokelau,0.0,1,Medio,2
53,Non-binary,Master's,Single,98731.0,746.0,10335.0,Home,Unemployed,1,Good,0.32438601214894736,232793.0,4.0,Kyleborough,KY,Morocco,1.0,1,Bajo,1
66,Non-binary,High School,Divorced,30273.0,795.0,47919.0,Personal,Employed,17,Poor,0.5014255776268006,190375.0,0.0,East William,MO,Mongolia,4.0,0,Alto,0
63,Male,Master's,Married,49665.0,674.0,10298.0,Business,Employed,7,Excellent,0.3383761890100475,125549.0,0.0,South Nancychester,HI,British Indian Ocean Territory (Chagos Archipelago),3.0,2,Alto,0
31,Male,PhD,Single,53709.0,712.0,8961.0,Personal,Unemployed,11,Poor,0.3779102410598827,46271.0,3.0,Cooleyville,MP,Singapore,0.0,2,Bajo,1
42,Female,Bachelor's,Widowed,90784.0,624.0,29989.0,Business,Self-employed,6,Poor,0.4249688149001225,101339.0,3.0,New Kevinbury,MT,Nepal,2.0,1,Medio,2
53,Female,High School,Married,27282.0,632.0,32759.0,Personal,Unemployed,5,Good,0.233079994247385,40730.0,4.0,Smithmouth,VT,Israel,0.0,0,Alto,0
28,Female,Master's,Widowed,85951.0,662.0,20685.0,Home,Employed,16,Excellent,0.31364993890973236,176640.0,1.0,West Emilytown,PR,Netherlands Antilles,4.0,2,Alto,0
48,Male,Bachelor's,Widowed,29542.0,627.0,29284.0,Auto,Self-employed,18,Excellent,0.3483319137901685,227183.0,0.0,Wellsfort,IA,Western Sahara,1.0,1,Alto,0
53,Non-binary,Bachelor's,Single,115446.0,617.0,40503.0,Personal,Unemployed,10,Poor,0.39802133692987685,125592.0,2.0,Taylorview,VA,Mozambique,2.0,2,Medio,2
35,Non-binary,High School,Widowed,59433.0,670.0,40175.0,Personal,Self-employed,19,Fair,0.34919826102318985,209448.0,0.0,East Brittanyside,NM,Grenada,0.0,0,Medio,2
46,Male,High School,Widowed,33566.0,666.0,49211.0,Home,Unemployed,6,Fair,0.49423892335714115,196864.0,0.0,Deniseburgh,CT,Saint Vincent and the Grenadines,3.0,1,Alto,0
64,Male,Master's,Single,60733.0,742.0,42313.0,Auto,Self-employed,0,Good,0.2494569491126555,55918.0,0.0,Hoffmanstad,MD,Afghanistan,4.0,0,Alto,0
30,Male,Master's,Widowed,30687.0,735.0,29432.0,Personal,Employed,11,Excellent,0.5400707262838531,21664.0,4.0,South Nicolas,FL,Sri Lanka,4.0,2,Alto,0
29,Female,High School,Married,105476.0,756.0,40166.0,Auto,Self-employed,19,Good,0.5830703665211379,255729.0,1.0,New Alishashire,WA,Turkey,4.0,0,Alto,0
19,Non-binary,High School,Widowed,82245.0,758.0,39825.0,Auto,Unemployed,12,Fair,0.3130139268484634,40047.0,3.0,Randallfort,MO,Falkland Islands (Malvinas),2.0,2,Bajo,1
56,Male,Bachelor's,Divorced,104166.0,663.0,37523.0,Home,Self-employed,14,Good,0.3621682530696596,244472.0,4.0,South Cassandra,FL,Ghana,2.0,2,Medio,2
69,Male,Bachelor's,Divorced,81248.0,697.0,32192.0,Personal,Unemployed,15,Good,0.14375940620067193,44435.0,1.0,Sierrabury,PW,Slovakia (Slovak Republic),2.0,2,Bajo,1
31,Non-binary,Bachelor's,Single,70711.0,732.0,30552.0,Business,Employed,18,Excellent,0.5865222210918956,235495.0,2.0,New Scottland,MT,Zambia,0.0,1,Bajo,1
34,Female,PhD,Widowed,50383.0,656.0,35210.0,Auto,Employed,3,Poor,0.3850595005241133,118420.0,4.0,North Maryberg,MA,Gibraltar,2.0,0,Medio,2
29,Male,Master's,Married,88273.0,671.0,48226.0,Personal,Employed,10,Excellent,0.14742877305698995,165161.0,4.0,East Raymond,TN,Benin,0.0,1,Medio,2
23,Non-binary,Master's,Married,92161.0,751.0,24898.0,Personal,Employed,3,Good,0.19995292267180356,182805.0,2.0,South Philip,SD,Mauritius,2.0,0,Bajo,1
20,Male,High School,Single,24015.0,639.0,47780.0,Personal,Employed,10,Good,0.3251090561051666,81356.0,4.0,Patrickmouth,WY,Northern Mariana Islands,1.0,0,Alto,0
35,Male,Master's,Widowed,20059.0,657.0,47542.0,Auto,Employed,1,Excellent,0.4718632275114375,265108.0,1.0,Lewisport,TX,Macao,0.0,0,Alto,0
60,Male,Bachelor's,Divorced,37279.0,797.0,7681.0,Home,Unemployed,8,Excellent,0.49882395502192445,225246.0,3.0,Christinastad,SD,Bosnia and Herzegovina,3.0,2,Alto,0
45,Non-binary,Master's,Widowed,107856.0,632.0,40334.0,Personal,Self-employed,4,Good,0.13244339769056587,79735.0,2.0,Danielton,CA,Romania,2.0,0,Medio,2
46,Male,Master's,Divorced,48548.0,717.0,13312.0,Home,Unemployed,14,Excellent,0.5914441653198056,271567.0,1.0,Stephenland,MP,Chad,4.0,1,Alto,0
22,Male,Bachelor's,Widowed,96970.0,694.0,36027.0,Auto,Employed,3,Fair,0.5187339371299322,277897.0,2.0,North Tracyland,LA,Pitcairn Islands,0.0,0,Bajo,1
52,Non-binary,Bachelor's,Widowed,98412.0,655.0,29587.0,Personal,Employed,18,Good,0.5828934108191411,281508.0,2.0,Carrollview,MP,Faroe Islands,0.0,1,Medio,2
57,Male,Bachelor's,Married,44204.0,731.0,46437.0,Auto,Employed,3,Good,0.47008691009424286,171263.0,0.0,Pacestad,IA,Venezuela,1.0,0,Bajo,1
61,Non-binary,PhD,Married,61850.0,695.0,27303.0,Auto,Employed,10,Excellent,0.3852846553766087,226492.0,0.0,Ortizville,IA,Sweden,0.0,2,Bajo,1
64,Female,Master's,Divorced,54052.0,686.0,42204.0,Business,Employed,19,Excellent,0.578261529613251,195590.0,0.0,West Benjamin,FM,Korea,4.0,2,Alto,0
52,Female,Master's,Single,35852.0,752.0,8539.0,Business,Unemployed,1,Poor,0.39261189301435795,90940.0,4.0,Lake Michaelberg,KS,Andorra,0.0,0,Alto,0
37,Male,PhD,Widowed,55607.0,686.0,23689.0,Personal,Employed,5,Poor,0.15409453837825385,280921.0,1.0,North Thomasfort,OK,Tokelau,3.0,0,Alto,0
37,Female,PhD,Divorced,98723.0,692.0,12353.0,Business,Self-employed,19,Poor,0.324238249245985,292433.0,0.0,Churchborough,MT,Taiwan,0.0,0,Bajo,1
30,Male,Bachelor's,Divorced,94916.0,733.0,19515.0,Personal,Employed,16,Excellent,0.3405072468539344,119791.0,1.0,North Brian,AL,Singapore,3.0,2,Alto,0
29,Male,High School,Married,56660.0,640.0,7120.0,Home,Self-employed,10,Good,0.22958027805716022,299237.0,3.0,New Tonya,ME,Dominica,0.0,2,Medio,2
18,Male,Master's,Widowed,99401.0,745.0,7866.0,Home,Unemployed,2,Good,0.19308384763883416,223370.0,2.0,Lake Stephen,IA,Mali,3.0,0,Alto,0
52,Non-binary,High School,Single,63130.0,611.0,12690.0,Personal,Employed,11,Fair,0.4177871703488881,273965.0,2.0,North Jeanne,TX,Albania,1.0,1,Medio,2
37,Female,High School,Divorced,22082.0,674.0,48407.0,Personal,Self-employed,2,Poor,0.37032861233066217,72608.0,1.0,South Jocelyn,FM,Mali,0.0,0,Alto,0
26,Male,PhD,Married,102446.0,700.0,10042.0,Business,Employed,11,Poor,0.2635002611020938,294155.0,3.0,New Alison,MH,China,0.0,0,Bajo,1
37,Female,Bachelor's,Single,61538.0,701.0,23855.0,Auto,Employed,17,Fair,0.5286831739098218,192993.0,0.0,New Janet,IL,Saint Vincent and the Grenadines,0.0,2,Bajo,1
33,Female,Bachelor's,Married,79607.0,704.0,42380.0,Auto,Unemployed,3,Good,0.36088791898258066,216010.0,3.0,Marthastad,FM,Pitcairn Islands,2.0,1,Bajo,1
26,Non-binary,Master's,Married,51957.0,612.0,27500.0,Auto,Unemployed,1,Poor,0.5949241371539049,91252.0,0.0,Ponceport,WV,Heard Island and McDonald Islands,4.0,2,Alto,0
26,Female,High School,Divorced,78396.0,619.0,34047.0,Home,Self-employed,13,Excellent,0.4235860408816948,33239.0,0.0,Anthonymouth,SD,Vietnam,1.0,0,Medio,2
34,Male,PhD,Married,36593.0,758.0,8343.0,Auto,Self-employed,8,Good,0.5908275415976547,20193.0,0.0,Jamesfurt,MD,Togo,4.0,0,Alto,0
34,Male,Master's,Married,39417.0,791.0,35337.0,Personal,Self-employed,16,Fair,0.4903932938534695,169065.0,0.0,West Kaitlynfurt,IA,Malaysia,4.0,2,Alto,0
54,Female,High School,Widowed,79739.0,755.0,33684.0,Personal,Unemployed,9,Excellent,0.4293096315271133,94472.0,3.0,Hawkinsbury,PA,Gambia,4.0,0,Alto,0
26,Male,Bachelor's,Single,72196.0,789.0,14443.0,Auto,Self-employed,7,Good,0.20713839278205867,259287.0,2.0,Joeland,SD,Cape Verde,3.0,2,Alto,0
41,Non-binary,Bachelor's,Widowed,43640.0,690.0,48374.0,Business,Self-employed,7,Good,0.5053903662893898,293015.0,0.0,Pittsmouth,NE,Equatorial Guinea,3.0,2,Alto,0
59,Non-binary,Bachelor's,Single,107513.0,603.0,35766.0,Auto,Self-employed,0,Excellent,0.5501106560994191,164329.0,4.0,Leahside,KY,Guernsey,0.0,1,Medio,2
65,Male,Master's,Married,34234.0,601.0,35090.0,Personal,Unemployed,3,Fair,0.12994794013020336,223604.0,2.0,Clarkebury,MD,Saint Barthelemy,3.0,2,Alto,0
19,Non-binary,Bachelor's,Divorced,40572.0,640.0,43433.0,Business,Self-employed,16,Poor,0.4844919426382547,132386.0,3.0,New Nathan,SD,Turkey,4.0,0,Alto,0
22,Male,Master's,Married,27066.0,682.0,46543.0,Auto,Employed,9,Good,0.332087882685313,25278.0,0.0,New Shawn,TN,Kiribati,3.0,2,Alto,0
18,Male,Master's,Divorced,72092.0,627.0,11842.0,Auto,Employed,18,Excellent,0.25260163516885714,84899.0,0.0,Lake Paulberg,GU,Tanzania,1.0,0,Medio,2
26,Non-binary,Master's,Divorced,38077.0,684.0,44004.0,Auto,Self-employed,2,Poor,0.48855655036177326,197091.0,2.0,Williamhaven,NM,Vietnam,3.0,1,Alto,0
31,Female,Bachelor's,Divorced,111115.0,651.0,8775.0,Auto,Self-employed,11,Good,0.33914534019886666,107437.0,2.0,Davidstad,NY,Iraq,0.0,1,Medio,2
27,Male,PhD,Widowed,58227.0,627.0,27628.0,Business,Employed,15,Poor,0.3848087084776457,172845.0,1.0,Christopherside,NC,Kenya,4.0,0,Alto,0
67,Female,Master's,Divorced,66275.0,699.0,40371.0,Auto,Self-employed,19,Fair,0.47471174669780014,75282.0,4.0,North Steveland,MN,India,4.0,2,Alto,0
46,Non-binary,Bachelor's,Divorced,117435.0,638.0,20452.0,Personal,Unemployed,8,Poor,0.24410113951196197,119895.0,0.0,Madelinebury,WV,Samoa,4.0,0,Alto,0
66,Male,Bachelor's,Married,98342.0,788.0,37371.0,Home,Employed,13,Fair,0.323923674967304,101976.0,3.0,South Daniel,CT,Denmark,1.0,1,Bajo,1
50,Male,Master's,Married,21304.0,699.0,45308.0,Auto,Self-employed,4,Poor,0.31060879907166383,65891.0,2.0,South Juan,WV,Armenia,3.0,0,Alto,0
18,Non-binary,PhD,Married,47892.0,662.0,28581.0,Auto,Employed,11,Excellent,0.2908539320850939,259607.0,0.0,Kevinland,PA,Liberia,0.0,2,Medio,2
64,Female,High School,Divorced,47293.0,657.0,11572.0,Personal,Employed,15,Good,0.20972820971361486,255479.0,4.0,Robertburgh,WI,Swaziland,4.0,0,Alto,0
33,Non-binary,Master's,Divorced,43371.0,616.0,21907.0,Personal,Employed,2,Excellent,0.17944328131899165,266313.0,3.0,West Colleen,GU,Saint Vincent and the Grenadines,3.0,1,Alto,0
43,Female,Bachelor's,Widowed,75611.0,728.0,7090.0,Business,Unemployed,5,Good,0.5379709162497,163944.0,3.0,South Bradview,OH,Comoros,4.0,0,Alto,0
30,Male,Master's,Married,117683.0,713.0,15587.0,Home,Self-employed,14,Fair,0.19371051392490082,86147.0,0.0,New John,VA,Paraguay,0.0,1,Bajo,1
61,Female,High School,Widowed,46295.0,726.0,48485.0,Home,Unemployed,1,Excellent,0.29985050251365164,218457.0,1.0,North Josephfort,OK,Zambia,4.0,0,Alto,0
68,Female,PhD,Single,115641.0,722.0,31798.0,Personal,Self-employed,1,Excellent,0.5574840156804476,268770.0,2.0,Jessicaton,FL,Namibia,0.0,2,Bajo,1
44,Male,High School,Single,58059.0,638.0,11865.0,Auto,Self-employed,18,Fair,0.472796529035178,206508.0,0.0,Williamsonport,FL,United Arab Emirates,1.0,2,Medio,2
48,Male,Master's,Married,109288.0,651.0,23794.0,Home,Unemployed,10,Fair,0.33242355018165226,275864.0,1.0,South Judyville,MT,Gabon,2.0,2,Medio,2
25,Non-binary,High School,Married,40455.0,755.0,21915.0,Business,Employed,13,Fair,0.29548660453520115,214805.0,2.0,West Bradleybury,FM,Puerto Rico,0.0,2,Bajo,1
53,Male,High School,Married,106538.0,637.0,19676.0,Home,Unemployed,4,Fair,0.29618216784334706,67803.0,0.0,South Jack,VT,Turkey,2.0,2,Medio,2
45,Non-binary,PhD,Single,62320.0,755.0,34910.0,Home,Unemployed,11,Excellent,0.5559724283141763,277041.0,2.0,Harristown,KS,Uzbekistan,0.0,1,Bajo,1
59,Female,Master's,Married,80760.0,760.0,18369.0,Business,Self-employed,8,Poor,0.13146967444657628,58815.0,0.0,East Melanie,ID,Denmark,2.0,1,Bajo,1
67,Non-binary,High School,Single,42253.0,630.0,22664.0,Business,Employed,14,Poor,0.2211181665562356,108738.0,3.0,West Steven,VA,Venezuela,0.0,0,Medio,2
64,Male,High School,Divorced,109606.0,775.0,45316.0,Personal,Self-employed,8,Excellent,0.40485551924219276,258825.0,1.0,Lake Christopherview,CO,Macao,2.0,1,Bajo,1
50,Female,High School,Single,75820.0,774.0,19581.0,Home,Unemployed,6,Poor,0.1812476620140457,264233.0,3.0,Richardsbury,WI,British Indian Ocean Territory (Chagos Archipelago),0.0,1,Bajo,1
45,Non-binary,Master's,Widowed,91062.0,628.0,45109.0,Personal,Employed,19,Fair,0.12643947961756605,295511.0,0.0,Harringtonburgh,WY,Andorra,2.0,2,Medio,2
65,Female,PhD,Divorced,23185.0,751.0,22852.0,Auto,Employed,10,Poor,0.3244320641322803,87114.0,3.0,Wardmouth,ME,Saudi Arabia,2.0,2,Alto,0
67,Female,Bachelor's,Single,98104.0,628.0,31828.0,Auto,Unemployed,1,Good,0.3313174789443768,166083.0,1.0,Lake Shannonshire,PA,Brazil,4.0,1,Alto,0
62,Female,Master's,Single,21511.0,641.0,46352.0,Auto,Self-employed,14,Excellent,0.15211986913277445,161876.0,4.0,Hansenville,MN,Comoros,0.0,1,Alto,0
51,Male,Bachelor's,Divorced,69376.0,776.0,15609.0,Personal,Self-employed,15,Poor,0.15260129934036645,195717.0,2.0,Stephanieport,IL,Philippines,1.0,2,Bajo,1
55,Non-binary,High School,Single,94039.0,642.0,26985.0,Auto,Unemployed,9,Excellent,0.4730141781796612,296561.0,2.0,Jonestown,AK,Gibraltar,4.0,2,Alto,0
63,Male,Bachelor's,Widowed,114467.0,646.0,33268.0,Auto,Unemployed,16,Fair,0.5438652585445171,48786.0,4.0,North Jessica,SC,Romania,1.0,1,Medio,2
45,Male,Bachelor's,Married,101673.0,652.0,37398.0,Home,Employed,5,Fair,0.40769221329387517,75240.0,2.0,Carterchester,IN,Dominican Republic,0.0,0,Medio,2
64,Male,Bachelor's,Widowed,55765.0,607.0,7146.0,Home,Unemployed,1,Fair,0.18703529115464587,280331.0,0.0,Ryanside,NM,Madagascar,4.0,1,Alto,0
35,Male,PhD,Widowed,103824.0,735.0,19030.0,Personal,Self-employed,9,Fair,0.11926860751261295,50959.0,3.0,Port Samanthafort,DC,Timor-Leste,4.0,2,Alto,0
61,Female,PhD,Widowed,24959.0,658.0,41336.0,Business,Employed,1,Excellent,0.5581839833004106,44214.0,2.0,Jessicastad,VI,Angola,2.0,0,Alto,0
50,Male,High School,Widowed,95768.0,654.0,35319.0,Home,Self-employed,13,Good,0.5027643474660715,67246.0,4.0,Ericfurt,GA,Cote d'Ivoire,2.0,0,Medio,2
69,Non-binary,PhD,Widowed,33225.0,718.0,32087.0,Auto,Employed,19,Excellent,0.5545425589616433,90749.0,1.0,Paynefort,LA,Mongolia,2.0,1,Alto,0
20,Non-binary,Bachelor's,Married,116220.0,643.0,18754.0,Home,Self-employed,11,Fair,0.5963913994656911,29450.0,4.0,Sueport,CT,Vietnam,4.0,0,Alto,0
28,Female,Master's,Single,67679.0,651.0,22108.0,Business,Self-employed,2,Good,0.10951487829719844,237227.0,0.0,Mariafurt,SC,Singapore,1.0,1,Medio,2
59,Male,High School,Married,64929.0,759.0,18028.0,Personal,Self-employed,10,Poor,0.2168278487782838,268917.0,4.0,Austinshire,IA,Isle of Man,2.0,2,Bajo,1
62,Female,Master's,Married,23743.0,754.0,19335.0,Auto,Self-employed,10,Fair,0.1239234993708537,69077.0,4.0,Lake Lisa,MI,Swaziland,2.0,0,Alto,0
49,Female,Bachelor's,Single,102293.0,742.0,10332.0,Auto,Self-employed,0,Poor,0.44222909844718106,153987.0,2.0,Reidberg,AR,Thailand,0.0,2,Bajo,1
46,Female,Bachelor's,Widowed,109907.0,676.0,35060.0,Auto,Unemployed,19,Excellent,0.31747904112898573,32628.0,3.0,Christyburgh,VT,New Caledonia,3.0,0,Alto,0
38,Non-binary,Bachelor's,Single,70354.0,611.0,46152.0,Business,Self-employed,17,Good,0.5470833624559811,91912.0,1.0,Dianashire,UT,Bermuda,1.0,2,Medio,2
29,Male,Bachelor's,Single,37957.0,720.0,25367.0,Auto,Employed,3,Fair,0.26839817837378654,240226.0,0.0,Hoffmanfurt,NY,British Indian Ocean Territory (Chagos Archipelago),0.0,1,Alto,0
29,Non-binary,High School,Divorced,61753.0,786.0,12724.0,Personal,Unemployed,14,Poor,0.4569866040361905,186291.0,2.0,Rodriguezborough,PA,Isle of Man,4.0,0,Alto,0
40,Female,Bachelor's,Single,69876.0,645.0,33405.0,Home,Unemployed,4,Good,0.5774962678090857,200151.0,1.0,West Jamestown,CA,Papua New Guinea,3.0,0,Alto,0
35,Male,PhD,Divorced,112675.0,705.0,38431.0,Personal,Self-employed,11,Excellent,0.3066271619687566,221276.0,2.0,Smithton,NV,Germany,0.0,2,Bajo,1
21,Non-binary,Bachelor's,Single,104269.0,722.0,16901.0,Auto,Self-employed,19,Good,0.3237235706095053,25274.0,3.0,South Wendy,WV,Japan,1.0,2,Bajo,1
35,Female,Bachelor's,Divorced,101540.0,653.0,11796.0,Auto,Employed,0,Excellent,0.2635035088949581,151385.0,0.0,Herreraborough,DC,Thailand,1.0,0,Medio,2
49,Female,PhD,Widowed,50158.0,770.0,35294.0,Auto,Unemployed,6,Excellent,0.3973902934526079,49457.0,3.0,East Robert,DE,Mozambique,2.0,1,Bajo,1
55,Male,PhD,Married,52863.0,704.0,32398.0,Business,Unemployed,4,Poor,0.2836942273010683,95056.0,0.0,North Feliciafurt,CO,Iceland,0.0,1,Bajo,1
49,Non-binary,Bachelor's,Married,87546.0,775.0,10243.0,Home,Unemployed,3,Good,0.5295779221748781,255929.0,0.0,Murphyfort,AS,Qatar,2.0,0,Bajo,1
23,Non-binary,PhD,Married,65174.0,752.0,33424.0,Personal,Employed,1,Excellent,0.2527182368052837,64623.0,0.0,North Amy,ID,Finland,4.0,2,Alto,0
23,Non-binary,Master's,Widowed,23236.0,701.0,27362.0,Auto,Unemployed,19,Good,0.5562205444040276,28531.0,2.0,Mooreside,WY,Fiji,2.0,2,Alto,0
69,Female,PhD,Single,85298.0,610.0,21294.0,Personal,Unemployed,10,Poor,0.36604878366651084,29884.0,2.0,Carlosshire,PW,Namibia,0.0,2,Medio,2
45,Male,High School,Married,41414.0,693.0,18582.0,Personal,Self-employed,1,Excellent,0.5170056292440834,176337.0,1.0,North Evelynfurt,FM,Puerto Rico,1.0,2,Bajo,1
59,Female,Bachelor's,Widowed,79757.0,694.0,14846.0,Home,Unemployed,18,Fair,0.19369525464447448,286088.0,2.0,North Robyn,ME,Czech Republic,1.0,1,Bajo,1
48,Non-binary,High School,Divorced,112024.0,615.0,41533.0,Auto,Unemployed,15,Excellent,0.11854344695701977,245190.0,0.0,North Christopherhaven,NH,Portugal,3.0,1,Alto,0
49,Male,Bachelor's,Divorced,81463.0,722.0,31833.0,Home,Employed,1,Fair,0.3013301271193285,115150.0,1.0,Juliemouth,FM,Tajikistan,0.0,2,Bajo,1
24,Female,PhD,Divorced,118123.0,756.0,39852.0,Auto,Employed,4,Excellent,0.32216220242265525,76892.0,2.0,Bakerhaven,SD,Brazil,0.0,0,Bajo,1
26,Female,PhD,Divorced,44583.0,768.0,18713.0,Home,Employed,14,Poor,0.43367071269794477,256628.0,0.0,Sydneyberg,ID,Kazakhstan,3.0,1,Alto,0
34,Male,Master's,Single,69874.0,671.0,18830.0,Home,Employed,19,Fair,0.38717792143004903,249930.0,2.0,East Brandonside,UT,Barbados,0.0,1,Medio,2
31,Non-binary,PhD,Married,31143.0,627.0,24045.0,Personal,Employed,14,Good,0.4455762969076347,133726.0,3.0,Jeanettemouth,WY,Spain,1.0,1,Alto,0
55,Non-binary,Master's,Divorced,115341.0,601.0,46345.0,Auto,Self-employed,6,Fair,0.461875740395587,90997.0,2.0,North Georgeberg,OK,Sudan,0.0,1,Medio,2
43,Non-binary,High School,Married,90220.0,712.0,20552.0,Business,Self-employed,2,Fair,0.4056050016455822,127550.0,3.0,Gonzaleztown,PR,American Samoa,2.0,1,Bajo,1
61,Non-binary,PhD,Married,86573.0,612.0,12284.0,Auto,Self-employed,13,Good,0.14611354305086724,135204.0,3.0,Port Tiffanyside,MH,Tonga,4.0,0,Alto,0
57,Female,PhD,Married,115987.0,711.0,19327.0,Business,Self-employed,9,Fair,0.408299746016034,62495.0,1.0,East Tracyside,UT,Palestinian Territory,2.0,0,Bajo,1
55,Non-binary,PhD,Married,31439.0,725.0,47120.0,Business,Unemployed,2,Excellent,0.10549093406973417,179433.0,3.0,Chavezshire,VA,Guam,3.0,1,Alto,0
32,Male,Master's,Married,32122.0,740.0,34367.0,Auto,Unemployed,5,Excellent,0.36032974162014075,38659.0,3.0,New Lisaburgh,KS,Mongolia,4.0,2,Alto,0
61,Male,Master's,Divorced,99322.0,658.0,35238.0,Personal,Unemployed,18,Poor,0.48496002687545214,94344.0,3.0,New Paulton,CA,Burundi,3.0,0,Alto,0
35,Non-binary,Master's,Married,50743.0,633.0,27997.0,Business,Unemployed,8,Fair,0.28202147316656345,54422.0,4.0,Saraton,MD,Greece,4.0,1,Alto,0
19,Female,Bachelor's,Single,37400.0,715.0,37839.0,Home,Employed,19,Excellent,0.5530790441888509,94113.0,0.0,Ricebury,NY,Iraq,2.0,2,Alto,0
48,Non-binary,High School,Single,111685.0,672.0,6839.0,Home,Unemployed,8,Good,0.2540051227310576,242916.0,0.0,Dorothybury,IL,Egypt,1.0,2,Medio,2
57,Male,High School,Married,114817.0,620.0,36310.0,Auto,Self-employed,2,Poor,0.2531595077362965,281540.0,2.0,Lake Peggyburgh,CT,Syrian Arab Republic,3.0,2,Alto,0
18,Male,Bachelor's,Married,94460.0,764.0,17838.0,Business,Employed,18,Good,0.3815893241652779,154966.0,1.0,New Jeremy,WA,Zambia,3.0,2,Alto,0
21,Male,Master's,Married,78817.0,772.0,33330.0,Auto,Employed,4,Good,0.5771167839799001,186453.0,3.0,New Peterstad,TX,Somalia,4.0,0,Alto,0
55,Non-binary,High School,Widowed,78824.0,768.0,5798.0,Business,Self-employed,7,Poor,0.5657984369882234,279670.0,4.0,West Wanda,CO,United Arab Emirates,3.0,0,Alto,0
33,Non-binary,High School,Divorced,48087.0,758.0,25937.0,Auto,Self-employed,17,Excellent,0.29614913112997454,181209.0,0.0,Laneville,MP,United Arab Emirates,1.0,2,Bajo,1
61,Male,Bachelor's,Widowed,20183.0,677.0,46697.0,Auto,Self-employed,12,Excellent,0.5154275959312414,161299.0,0.0,Miguelmouth,ME,Thailand,3.0,0,Alto,0
64,Non-binary,Bachelor's,Single,86558.0,768.0,48390.0,Home,Employed,16,Fair,0.48277973090727244,288125.0,1.0,East Pam,WI,Namibia,0.0,2,Bajo,1
24,Female,PhD,Married,37676.0,692.0,47773.0,Home,Employed,6,Excellent,0.2541011650794993,288920.0,4.0,Henrybury,OR,Mali,4.0,1,Alto,0
27,Female,High School,Widowed,105825.0,660.0,40511.0,Home,Employed,9,Poor,0.1812184750304914,27349.0,0.0,Lake Aaronchester,PA,Faroe Islands,1.0,0,Medio,2
26,Male,High School,Divorced,48688.0,778.0,29232.0,Personal,Employed,3,Excellent,0.48974211784155086,291459.0,0.0,Salinasstad,UT,Comoros,3.0,1,Alto,0
63,Non-binary,PhD,Single,34800.0,752.0,45888.0,Personal,Unemployed,14,Good,0.4185488411940296,48905.0,4.0,Jenniferstad,NM,Angola,2.0,2,Alto,0
62,Male,Bachelor's,Single,95969.0,783.0,24423.0,Business,Unemployed,1,Good,0.5677253322856332,231918.0,0.0,Robertshire,SC,Barbados,4.0,0,Alto,0
32,Female,PhD,Divorced,118262.0,692.0,29535.0,Personal,Self-employed,1,Excellent,0.20491310553640155,212664.0,3.0,South Kelly,MN,Belize,1.0,0,Bajo,1
56,Male,Master's,Widowed,59605.0,732.0,39633.0,Home,Employed,3,Poor,0.48191774629848816,133045.0,0.0,Kanehaven,MT,Eritrea,1.0,1,Bajo,1
61,Male,PhD,Single,58822.0,782.0,36173.0,Business,Unemployed,7,Poor,0.2197245260238537,141116.0,1.0,Jessicahaven,VI,Malta,4.0,1,Alto,0
35,Female,Master's,Single,30683.0,749.0,45526.0,Personal,Self-employed,0,Excellent,0.36029025604653364,211240.0,1.0,Andrewhaven,CO,Denmark,3.0,2,Alto,0
68,Female,Master's,Single,80308.0,714.0,42891.0,Home,Employed,9,Good,0.4842917923416796,288342.0,3.0,Lake Danielberg,CA,Bolivia,3.0,0,Alto,0
66,Non-binary,PhD,Single,81383.0,670.0,35689.0,Home,Employed,1,Good,0.3769498017067915,280158.0,1.0,Angelberg,IL,Mali,1.0,0,Medio,2
27,Non-binary,Bachelor's,Married,76153.0,663.0,9647.0,Personal,Unemployed,15,Good,0.242833683180652,102991.0,0.0,West Douglaschester,WA,Cook Islands,1.0,2,Medio,2
66,Female,Master's,Widowed,117392.0,737.0,11577.0,Business,Self-employed,4,Fair,0.38361004601114523,207333.0,2.0,Port Katherineview,DE,Malawi,1.0,2,Bajo,1
39,Male,Master's,Single,86358.0,789.0,43360.0,Home,Unemployed,18,Excellent,0.2660035183537329,26890.0,4.0,Port Jack,DE,Pakistan,3.0,2,Alto,0
30,Male,Master's,Divorced,92158.0,605.0,48933.0,Personal,Self-employed,5,Good,0.3815881099125499,214233.0,1.0,Ashleyview,OK,Mauritius,4.0,2,Alto,0
55,Female,PhD,Widowed,43652.0,631.0,37398.0,Personal,Self-employed,16,Excellent,0.5360276058349993,292807.0,2.0,Kimberlyton,ID,Czech Republic,2.0,2,Medio,2
41,Female,PhD,Married,43795.0,694.0,9630.0,Business,Unemployed,3,Poor,0.194287596041794,242752.0,0.0,North Kellyfort,AK,Sao Tome and Principe,0.0,0,Bajo,1
53,Male,PhD,Divorced,99925.0,655.0,6093.0,Business,Employed,5,Fair,0.34181248723735624,26694.0,0.0,Williamsborough,PW,Cuba,4.0,0,Alto,0
44,Non-binary,Master's,Married,36375.0,730.0,9659.0,Home,Self-employed,3,Poor,0.5810879620458018,113216.0,3.0,Lake Olivia,TN,Papua New Guinea,0.0,2,Alto,0
69,Male,Master's,Single,36277.0,751.0,10179.0,Business,Unemployed,18,Good,0.14671549479584814,271658.0,1.0,North Thomasview,AL,Brazil,2.0,2,Alto,0
19,Male,Bachelor's,Married,40545.0,611.0,12882.0,Business,Employed,14,Poor,0.21500463969292946,281363.0,2.0,South Danatown,WA,Cook Islands,1.0,2,Medio,2
24,Female,Bachelor's,Single,45545.0,749.0,6840.0,Business,Unemployed,8,Poor,0.3088134698978484,117156.0,1.0,South Alexis,AR,Bermuda,2.0,1,Bajo,1
60,Non-binary,Bachelor's,Divorced,56994.0,722.0,21401.0,Home,Unemployed,10,Poor,0.197242088271507,101348.0,4.0,Brettshire,NJ,Georgia,3.0,0,Alto,0
38,Non-binary,High School,Divorced,44798.0,742.0,15836.0,Business,Unemployed,15,Good,0.3008604460730451,22565.0,2.0,Codyport,NC,Cook Islands,1.0,0,Bajo,1
46,Male,Master's,Widowed,37752.0,601.0,26999.0,Home,Employed,4,Good,0.3708785098300581,51828.0,4.0,South Carolyn,WA,Honduras,3.0,1,Alto,0
18,Male,PhD,Married,96620.0,686.0,47372.0,Personal,Unemployed,7,Excellent,0.3355041138725938,102193.0,0.0,East Danielle,CT,Isle of Man,1.0,2,Bajo,1
64,Non-binary,PhD,Divorced,49846.0,717.0,23549.0,Business,Unemployed,5,Good,0.38543126823788565,51725.0,2.0,South Robert,TN,Peru,4.0,0,Alto,0
62,Non-binary,Bachelor's,Widowed,33157.0,764.0,43328.0,Auto,Unemployed,19,Poor,0.25370650512058035,111543.0,1.0,Port Lucasburgh,PW,France,1.0,2,Alto,0
43,Non-binary,Bachelor's,Widowed,100541.0,691.0,18827.0,Business,Self-employed,0,Excellent,0.3287712748652647,30318.0,1.0,West Michael,KS,Mexico,1.0,2,Bajo,1
25,Female,Bachelor's,Widowed,34860.0,653.0,33557.0,Business,Self-employed,4,Poor,0.25449470249448836,297826.0,2.0,Nicoleview,NY,Anguilla,1.0,0,Alto,0
68,Female,Bachelor's,Widowed,89741.0,689.0,18127.0,Personal,Unemployed,18,Excellent,0.28621860872752836,203540.0,3.0,Craigfurt,MD,Guadeloupe,1.0,2,Bajo,1
66,Male,PhD,Widowed,111586.0,735.0,42495.0,Personal,Self-employed,12,Poor,0.32477323263323066,138156.0,1.0,Lake Robertton,MD,Bahamas,3.0,0,Alto,0
37,Non-binary,Bachelor's,Married,60834.0,687.0,48283.0,Business,Unemployed,5,Fair,0.4888077511463884,48748.0,3.0,Jenniferside,AK,Cote d'Ivoire,1.0,0,Bajo,1
40,Non-binary,Bachelor's,Widowed,32583.0,794.0,25038.0,Business,Unemployed,2,Fair,0.490590075497788,79888.0,1.0,Bellborough,AS,Bulgaria,0.0,2,Alto,0
53,Male,PhD,Divorced,57921.0,723.0,37583.0,Business,Unemployed,16,Good,0.34636733704036826,42219.0,2.0,Port Krista,OH,Trinidad and Tobago,1.0,0,Bajo,1
23,Male,PhD,Married,40319.0,705.0,17280.0,Auto,Employed,0,Good,0.45322885108820765,142690.0,3.0,Jessicachester,MP,Solomon Islands,0.0,0,Bajo,1
41,Non-binary,PhD,Divorced,28417.0,788.0,20660.0,Business,Employed,10,Fair,0.20491535599101315,97524.0,4.0,Bakerchester,DE,Madagascar,2.0,1,Alto,0
45,Male,High School,Single,99852.0,644.0,27081.0,Personal,Employed,1,Excellent,0.3080021307974484,138175.0,2.0,New Tammy,NV,Yemen,3.0,0,Alto,0
56,Female,High School,Married,38227.0,643.0,34048.0,Business,Self-employed,18,Good,0.23597688000921738,173876.0,4.0,Port Christopherfurt,TN,Burkina Faso,0.0,2,Alto,0
33,Non-binary,High School,Married,67796.0,732.0,31507.0,Business,Self-employed,14,Fair,0.2726203867742537,164407.0,4.0,Walkerside,IA,Christmas Island,2.0,1,Bajo,1
59,Female,High School,Single,90605.0,725.0,15170.0,Auto,Self-employed,13,Good,0.24760285069178292,51584.0,2.0,Trantown,TX,Timor-Leste,1.0,2,Bajo,1
66,Male,PhD,Divorced,90320.0,796.0,16556.0,Auto,Unemployed,17,Excellent,0.5572325053279177,95170.0,1.0,Lake Gene,DE,Cuba,1.0,0,Bajo,1
61,Female,High School,Single,113786.0,623.0,7420.0,Business,Employed,19,Good,0.23018912739107314,216378.0,0.0,Robertsonberg,TX,Palau,4.0,0,Alto,0
23,Non-binary,Bachelor's,Widowed,43466.0,782.0,9619.0,Business,Unemployed,11,Good,0.48979578049983363,182822.0,4.0,Lake Stephanieborough,CT,Norfolk Island,3.0,0,Alto,0
22,Female,Master's,Widowed,111499.0,686.0,35434.0,Personal,Unemployed,13,Good,0.30470504874546367,187389.0,1.0,Butlerview,MN,Vanuatu,0.0,0,Bajo,1
44,Non-binary,High School,Divorced,75578.0,721.0,26122.0,Business,Employed,10,Fair,0.5507586443900733,50286.0,1.0,Port Jacqueline,MS,Paraguay,3.0,0,Alto,0
61,Non-binary,Master's,Widowed,68875.0,700.0,15006.0,Personal,Self-employed,14,Excellent,0.24226290853938262,295485.0,2.0,Medinatown,IN,Mexico,1.0,1,Bajo,1
26,Female,PhD,Married,27004.0,774.0,30241.0,Personal,Employed,15,Excellent,0.18176791459253153,124383.0,4.0,Petersonview,DC,Isle of Man,1.0,2,Alto,0
21,Non-binary,Bachelor's,Single,70109.0,612.0,6735.0,Business,Employed,16,Excellent,0.13060319548090601,243232.0,3.0,West James,MA,Burkina Faso,4.0,1,Alto,0
56,Female,High School,Single,85057.0,679.0,35548.0,Auto,Employed,17,Fair,0.3266445373351323,140260.0,0.0,Michellechester,AS,Equatorial Guinea,1.0,1,Medio,2
30,Non-binary,PhD,Single,119332.0,630.0,17468.0,Business,Employed,17,Fair,0.4641144963886499,140795.0,1.0,Gravesberg,VT,Samoa,1.0,2,Medio,2
59,Male,PhD,Married,30511.0,643.0,11574.0,Home,Self-employed,2,Good,0.16189538022367697,48476.0,3.0,Wrightfurt,CO,Nepal,2.0,2,Alto,0
45,Female,Bachelor's,Divorced,52308.0,642.0,20464.0,Personal,Employed,0,Good,0.13392661885230264,150368.0,2.0,Butlerborough,WI,Cayman Islands,0.0,0,Medio,2
51,Non-binary,High School,Divorced,22966.0,680.0,16220.0,Home,Self-employed,4,Fair,0.5889029618798025,272497.0,2.0,Christopherbury,VI,Tanzania,2.0,0,Alto,0
67,Female,Bachelor's,Single,68330.0,741.0,18473.0,Home,Unemployed,13,Fair,0.18268350866223035,276021.0,2.0,Johnstonchester,NM,Pakistan,3.0,2,Alto,0
40,Female,PhD,Single,50785.0,675.0,14584.0,Auto,Self-employed,4,Excellent,0.11110604325938964,201731.0,0.0,Mooreport,AK,Guinea,4.0,1,Alto,0
33,Non-binary,Bachelor's,Single,106994.0,727.0,26924.0,Personal,Self-employed,16,Good,0.4614018760869081,294932.0,0.0,Andersonfurt,MO,Bulgaria,3.0,0,Alto,0
62,Non-binary,Bachelor's,Single,81710.0,722.0,18018.0,Auto,Unemployed,16,Fair,0.22868756417016048,21583.0,4.0,Lake Michael,OR,Cuba,3.0,0,Alto,0
30,Female,PhD,Divorced,111005.0,731.0,34657.0,Personal,Employed,6,Excellent,0.15684426572103063,72186.0,2.0,Myersfort,LA,Bouvet Island (Bouvetoya),3.0,1,Alto,0
39,Non-binary,Master's,Widowed,110197.0,642.0,13407.0,Business,Employed,13,Good,0.5143868050314216,249792.0,0.0,Paulberg,RI,Romania,0.0,1,Medio,2
47,Non-binary,PhD,Married,48892.0,623.0,42009.0,Auto,Unemployed,5,Fair,0.4813893343622405,199557.0,1.0,South Sharon,IL,Finland,4.0,1,Alto,0
43,Female,Master's,Divorced,95400.0,768.0,44512.0,Auto,Unemployed,19,Fair,0.14540040021225134,125061.0,1.0,New Michael,MD,Indonesia,2.0,2,Bajo,1
46,Female,Master's,Widowed,108271.0,604.0,29454.0,Business,Employed,7,Good,0.563960885926558,212570.0,0.0,East Katherine,TN,Zambia,4.0,1,Alto,0
62,Male,PhD,Married,102805.0,735.0,34741.0,Personal,Unemployed,15,Good,0.5928821890552836,132461.0,4.0,Port Rebeccaville,MD,Iceland,4.0,0,Alto,0
67,Female,High School,Married,73276.0,717.0,44581.0,Auto,Employed,0,Poor,0.24591098331416303,298985.0,1.0,Waynestad,RI,Western Sahara,2.0,0,Bajo,1
62,Non-binary,High School,Single,50054.0,669.0,32562.0,Business,Self-employed,14,Excellent,0.39873125265401044,260959.0,0.0,New Danielle,AR,Eritrea,1.0,1,Medio,2
46,Non-binary,High School,Married,27089.0,720.0,35207.0,Home,Self-employed,15,Excellent,0.5773772130756469,75245.0,3.0,New Deborah,CT,Morocco,0.0,1,Alto,0
45,Non-binary,PhD,Single,24476.0,616.0,38874.0,Home,Employed,1,Excellent,0.38697929497767247,210576.0,1.0,East Leeville,VT,Portugal,4.0,1,Alto,0
19,Male,High School,Divorced,92855.0,615.0,46036.0,Personal,Employed,11,Good,0.2460126578278173,152805.0,2.0,West Brentburgh,DC,Liberia,4.0,2,Alto,0
48,Male,Bachelor's,Married,56790.0,744.0,11069.0,Business,Unemployed,12,Good,0.1033224482607045,91957.0,3.0,Port Johnshire,PW,Nicaragua,0.0,2,Bajo,1
24,Non-binary,Master's,Married,88595.0,765.0,49046.0,Auto,Self-employed,3,Poor,0.23308863129157717,214936.0,0.0,New Justin,ME,Syrian Arab Republic,4.0,1,Alto,0
67,Female,Master's,Single,66576.0,651.0,28129.0,Business,Self-employed,16,Poor,0.3362735475308789,253493.0,0.0,Lake Aaronshire,WA,Uzbekistan,3.0,0,Alto,0
64,Non-binary,Bachelor's,Married,108762.0,724.0,21553.0,Home,Employed,17,Fair,0.5878450653497348,149028.0,3.0,South Brian,IL,Luxembourg,3.0,1,Alto,0
39,Female,Bachelor's,Married,64273.0,777.0,46308.0,Business,Self-employed,6,Excellent,0.15029531518774472,154005.0,2.0,Matthewview,DE,Dominican Republic,0.0,0,Bajo,1
24,Non-binary,Bachelor's,Married,94714.0,779.0,12184.0,Personal,Unemployed,3,Excellent,0.3578028542178894,297324.0,2.0,South Christopher,UT,Nepal,1.0,0,Bajo,1
65,Non-binary,High School,Single,54593.0,628.0,49092.0,Auto,Self-employed,0,Good,0.4155777697597923,155171.0,2.0,Alexanderbury,MP,Papua New Guinea,1.0,0,Medio,2
48,Male,Master's,Divorced,116665.0,787.0,12157.0,Personal,Unemployed,3,Good,0.445538130680324,21333.0,1.0,North Shannonmouth,MS,San Marino,1.0,0,Bajo,1
69,Non-binary,PhD,Married,42487.0,640.0,17620.0,Auto,Employed,1,Poor,0.329723591037029,52473.0,0.0,East Jennaton,IN,Equatorial Guinea,1.0,1,Medio,2
49,Male,Bachelor's,Single,28301.0,661.0,48974.0,Business,Self-employed,17,Poor,0.5175006835067526,204270.0,4.0,South Amanda,ID,Lithuania,1.0,1,Alto,0
39,Non-binary,PhD,Married,58458.0,779.0,42648.0,Home,Unemployed,4,Excellent,0.29307074359575747,195287.0,0.0,Lake Lee,SD,Somalia,3.0,2,Alto,0
46,Non-binary,High School,Divorced,107242.0,613.0,10917.0,Auto,Employed,17,Good,0.2403097655822011,129237.0,3.0,Matthewshire,MO,Peru,2.0,2,Medio,2
66,Male,Bachelor's,Widowed,38423.0,790.0,8534.0,Business,Employed,16,Good,0.3855556665188856,231882.0,2.0,Parkerfort,ME,Sao Tome and Principe,0.0,2,Alto,0
28,Non-binary,Master's,Single,68001.0,690.0,23940.0,Business,Unemployed,15,Good,0.2921082601153461,191836.0,4.0,North Ernest,TX,Isle of Man,4.0,2,Alto,0
37,Female,PhD,Widowed,70559.0,744.0,40422.0,Auto,Unemployed,12,Fair,0.24186932432774091,49173.0,4.0,Debbieburgh,LA,Burkina Faso,4.0,2,Alto,0
31,Male,Master's,Divorced,110680.0,782.0,37605.0,Business,Employed,8,Excellent,0.30257592005225264,123105.0,3.0,Jamesstad,VA,Greece,0.0,0,Bajo,1
29,Male,PhD,Widowed,83211.0,754.0,49587.0,Home,Employed,3,Fair,0.4378621033053598,209931.0,4.0,Bennettbury,CA,Jordan,4.0,0,Alto,0
65,Male,Bachelor's,Widowed,98314.0,625.0,27295.0,Auto,Employed,3,Excellent,0.45598540097875206,292546.0,3.0,North Ronaldfort,SC,Serbia,2.0,1,Medio,2
66,Non-binary,PhD,Married,111544.0,748.0,22812.0,Home,Self-employed,7,Fair,0.5514040297278429,281631.0,3.0,Hernandezchester,OH,Malawi,0.0,0,Bajo,1
66,Female,Master's,Single,33107.0,794.0,13463.0,Business,Self-employed,16,Fair,0.21298516520207486,24387.0,4.0,East Dan,ID,Saint Martin,0.0,0,Alto,0
34,Female,PhD,Divorced,22703.0,665.0,31274.0,Auto,Self-employed,11,Excellent,0.4179622840327064,103999.0,0.0,New Kiara,CA,Oman,4.0,0,Alto,0
59,Female,High School,Single,68120.0,657.0,34122.0,Home,Employed,17,Excellent,0.550016181637458,100167.0,1.0,Perkinsbury,ME,Cote d'Ivoire,3.0,2,Alto,0
52,Female,High School,Married,110179.0,749.0,42559.0,Personal,Self-employed,15,Fair,0.5256265344720014,132745.0,2.0,North William,VI,Western Sahara,2.0,1,Bajo,1
28,Female,Bachelor's,Widowed,42030.0,665.0,15203.0,Auto,Self-employed,3,Fair,0.10151376913896157,120645.0,4.0,Michaelchester,WA,Armenia,1.0,0,Medio,2
63,Male,Bachelor's,Divorced,97614.0,601.0,40182.0,Home,Self-employed,17,Fair,0.4700573708189386,240712.0,4.0,North Tammy,FL,Colombia,4.0,0,Alto,0
51,Male,PhD,Married,104075.0,693.0,49212.0,Auto,Employed,10,Fair,0.29726712730367466,45516.0,2.0,Walkermouth,NC,Palau,2.0,1,Bajo,1
24,Female,High School,Married,115157.0,737.0,33707.0,Home,Employed,2,Fair,0.2875782313640558,281687.0,0.0,West Brittney,AR,Sierra Leone,1.0,0,Bajo,1
67,Male,Master's,Widowed,31333.0,770.0,21238.0,Personal,Employed,15,Fair,0.12386905989482702,101545.0,2.0,Lake Kellyfort,LA,Fiji,0.0,1,Alto,0
63,Male,High School,Married,33403.0,627.0,36664.0,Personal,Employed,2,Poor,0.2065818086325902,24674.0,3.0,Harrisonside,PA,Afghanistan,3.0,0,Alto,0
56,Non-binary,Master's,Widowed,77751.0,683.0,42422.0,Home,Employed,15,Excellent,0.4626289239170819,206056.0,0.0,Port Sabrinaberg,LA,Lao People's Democratic Republic,3.0,1,Alto,0
36,Male,Master's,Married,112302.0,793.0,12611.0,Business,Unemployed,9,Excellent,0.3602790781218268,228333.0,1.0,West Peter,PR,Guyana,0.0,2,Bajo,1
59,Male,High School,Married,21316.0,682.0,13911.0,Personal,Unemployed,5,Good,0.16829244370180632,80096.0,4.0,Port Hannah,NM,Tajikistan,2.0,0,Alto,0
38,Male,Master's,Widowed,90600.0,684.0,27579.0,Business,Employed,18,Fair,0.37853371771954547,76653.0,3.0,Port Brianamouth,SD,Canada,4.0,0,Alto,0
26,Male,PhD,Married,81336.0,644.0,24553.0,Business,Employed,12,Good,0.408051120672558,239452.0,2.0,Gonzalesstad,KS,Libyan Arab Jamahiriya,0.0,0,Medio,2
32,Female,Master's,Widowed,94165.0,709.0,12136.0,Personal,Self-employed,10,Excellent,0.4775341271707676,170005.0,1.0,Hunterview,CA,Kyrgyz Republic,3.0,0,Alto,0
67,Female,High School,Married,38300.0,716.0,29966.0,Auto,Unemployed,5,Excellent,0.18815422971454207,264088.0,0.0,Lake Jasonside,RI,Sudan,4.0,1,Alto,0
31,Non-binary,Bachelor's,Single,81046.0,657.0,18011.0,Business,Employed,17,Excellent,0.38740610226226013,79741.0,4.0,South Jeff,TX,Aruba,0.0,1,Medio,2
50,Female,Master's,Divorced,48520.0,751.0,14121.0,Personal,Unemployed,16,Good,0.5694159149785482,214041.0,3.0,Morenoborough,WA,Guinea,4.0,0,Alto,0
51,Male,High School,Married,21783.0,686.0,31157.0,Personal,Unemployed,13,Good,0.22628187775494876,22824.0,0.0,Shepardfurt,IN,Cape Verde,4.0,0,Alto,0
26,Male,High School,Divorced,35076.0,616.0,33499.0,Personal,Employed,4,Fair,0.30989438170549877,241425.0,0.0,North Angela,ID,Andorra,3.0,0,Alto,0
55,Male,High School,Single,64713.0,762.0,16304.0,Business,Self-employed,11,Fair,0.5264079189891588,244760.0,2.0,East Jacobfort,PR,Uganda,4.0,1,Alto,0
33,Non-binary,Master's,Married,46110.0,666.0,17624.0,Personal,Unemployed,0,Good,0.5688736146625226,101322.0,4.0,South Deborahborough,KS,Vanuatu,1.0,2,Medio,2
42,Female,High School,Married,56345.0,639.0,38065.0,Business,Unemployed,5,Fair,0.48727158938028814,163286.0,2.0,New Mary,NM,Saint Pierre and Miquelon,0.0,0,Medio,2
59,Female,PhD,Widowed,41711.0,766.0,44543.0,Business,Self-employed,1,Good,0.3828595890961791,291507.0,3.0,New Derek,RI,Hong Kong,0.0,2,Bajo,1
43,Non-binary,PhD,Single,76982.0,773.0,13838.0,Business,Self-employed,9,Good,0.5036909993842777,184426.0,0.0,Wrightburgh,GA,Poland,2.0,0,Bajo,1
59,Male,PhD,Single,76332.0,720.0,43813.0,Home,Self-employed,3,Excellent,0.24911718572511818,180807.0,1.0,West Markhaven,NY,Palestinian Territory,1.0,2,Bajo,1
36,Non-binary,PhD,Widowed,119449.0,711.0,13482.0,Business,Unemployed,15,Fair,0.466426757446303,289477.0,0.0,West James,PW,Kuwait,0.0,1,Bajo,1
52,Male,Bachelor's,Single,48564.0,626.0,14969.0,Auto,Employed,3,Good,0.2780433942709445,227102.0,0.0,Mcdonaldstad,OK,Sudan,0.0,2,Medio,2
66,Female,PhD,Married,66978.0,671.0,20590.0,Personal,Self-employed,4,Fair,0.1728288018149209,159592.0,4.0,South Lisatown,RI,Cook Islands,1.0,0,Medio,2
47,Non-binary,High School,Single,49553.0,720.0,11103.0,Auto,Unemployed,9,Excellent,0.2922679586391247,214331.0,2.0,Hufffurt,MA,Uzbekistan,2.0,2,Bajo,1
26,Non-binary,Bachelor's,Married,58051.0,742.0,20180.0,Personal,Unemployed,5,Good,0.22514240413498224,170046.0,2.0,Smithmouth,IL,Guernsey,3.0,1,Alto,0
37,Male,Master's,Widowed,85206.0,617.0,18763.0,Home,Self-employed,2,Poor,0.14024408195725277,77080.0,3.0,Scottburgh,MH,Aruba,3.0,2,Alto,0
29,Non-binary,PhD,Divorced,61003.0,675.0,38875.0,Auto,Unemployed,19,Good,0.41639054017625865,94609.0,3.0,Maldonadoborough,FM,Bhutan,1.0,0,Medio,2
56,Non-binary,High School,Single,22882.0,708.0,19068.0,Home,Employed,8,Fair,0.405214607817841,124941.0,2.0,Annaborough,KY,Guam,1.0,1,Alto,0
52,Male,PhD,Single,96593.0,656.0,46732.0,Home,Employed,3,Excellent,0.3409543385586501,83728.0,0.0,South Donaldburgh,NV,Yemen,2.0,0,Medio,2
30,Non-binary,Bachelor's,Single,62732.0,773.0,34210.0,Auto,Unemployed,6,Fair,0.22836952462990104,257721.0,2.0,Craigburgh,AZ,Luxembourg,1.0,2,Bajo,1
18,Non-binary,High School,Single,30528.0,622.0,5576.0,Business,Employed,17,Excellent,0.4660367963666392,30533.0,0.0,Russellfort,RI,Central African Republic,1.0,0,Alto,0
49,Female,Master's,Divorced,71341.0,794.0,49107.0,Business,Unemployed,12,Poor,0.1755691625697711,41105.0,1.0,North Brett,NE,Central African Republic,0.0,1,Bajo,1
49,Female,Master's,Divorced,27045.0,611.0,47970.0,Auto,Employed,3,Poor,0.17058857472064912,65751.0,2.0,North Kellyfort,PR,Iran,0.0,2,Alto,0
29,Male,PhD,Widowed,95449.0,720.0,33414.0,Business,Unemployed,17,Excellent,0.4061112512205346,160191.0,2.0,Port Cathyfort,AL,Dominica,4.0,2,Alto,0
24,Male,Master's,Married,21949.0,642.0,36062.0,Home,Self-employed,17,Poor,0.23316692298906352,252969.0,4.0,South Kimberly,CT,Papua New Guinea,0.0,1,Alto,0
46,Non-binary,PhD,Married,48875.0,713.0,40866.0,Personal,Self-employed,4,Good,0.18227796939508858,289942.0,0.0,Martinezfort,PR,Tokelau,1.0,0,Bajo,1
64,Male,Bachelor's,Divorced,114075.0,683.0,33459.0,Home,Self-employed,7,Excellent,0.22311860709355794,266721.0,2.0,Lake Brandonbury,OH,Belarus,3.0,1,Alto,0
66,Female,PhD,Widowed,23333.0,700.0,8691.0,Business,Self-employed,1,Poor,0.5819377265808815,224931.0,4.0,Wardville,IN,Montenegro,0.0,2,Alto,0
61,Non-binary,Master's,Single,75304.0,624.0,43429.0,Business,Unemployed,2,Good,0.3652297699097242,154750.0,0.0,Christinamouth,UT,Bangladesh,1.0,2,Medio,2
67,Non-binary,Master's,Widowed,58398.0,603.0,45069.0,Auto,Employed,14,Poor,0.10228458480964217,114564.0,0.0,New Victoria,NV,British Indian Ocean Territory (Chagos Archipelago),0.0,2,Medio,2
50,Male,Bachelor's,Divorced,58733.0,702.0,30150.0,Auto,Unemployed,18,Good,0.49157303770610117,265600.0,1.0,Lake Paige,LA,Guyana,0.0,0,Bajo,1
29,Male,High School,Single,47453.0,717.0,20360.0,Business,Unemployed,6,Good,0.2352249442835758,114799.0,2.0,Wesleyshire,NJ,Nicaragua,3.0,2,Alto,0
33,Male,High School,Divorced,54018.0,723.0,20117.0,Business,Employed,17,Excellent,0.36932511418570446,153161.0,2.0,Ronnieburgh,AL,Greenland,1.0,0,Bajo,1
25,Non-binary,PhD,Divorced,92082.0,673.0,11866.0,Personal,Unemployed,14,Good,0.34199851146794824,85031.0,1.0,North Megan,SC,Cape Verde,2.0,0,Medio,2
41,Female,Master's,Divorced,44044.0,653.0,40301.0,Personal,Employed,6,Good,0.512761001240056,168077.0,1.0,East Martinmouth,VI,French Guiana,3.0,0,Alto,0
65,Female,High School,Single,30162.0,771.0,20455.0,Business,Self-employed,13,Excellent,0.2906443536876119,227598.0,0.0,North Amanda,MH,British Virgin Islands,1.0,2,Alto,0
49,Male,Bachelor's,Widowed,20982.0,779.0,47146.0,Home,Self-employed,15,Good,0.19332728279147451,39994.0,3.0,Lake Anthony,CT,Eritrea,2.0,2,Alto,0
68,Male,Bachelor's,Divorced,49692.0,703.0,5298.0,Personal,Employed,12,Excellent,0.2104795218793887,153524.0,3.0,Davisfort,VI,Mauritius,1.0,0,Bajo,1
18,Male,High School,Widowed,82345.0,768.0,41843.0,Personal,Employed,3,Poor,0.5331417013171057,186649.0,0.0,North James,MS,Bolivia,2.0,0,Bajo,1
37,Male,PhD,Widowed,54409.0,642.0,29513.0,Home,Employed,14,Fair,0.4236258111815313,243686.0,1.0,Petersonborough,MS,United States Minor Outlying Islands,3.0,0,Alto,0
35,Female,Master's,Married,113566.0,686.0,31362.0,Auto,Employed,10,Excellent,0.31838857509767005,183782.0,4.0,North Amy,SC,Saint Barthelemy,2.0,1,Bajo,1
52,Non-binary,Bachelor's,Married,64493.0,674.0,9677.0,Business,Unemployed,9,Fair,0.14366224752086984,90805.0,3.0,Vaughnshire,NY,Svalbard & Jan Mayen Islands,4.0,1,Alto,0
65,Non-binary,Bachelor's,Single,47924.0,679.0,22253.0,Auto,Self-employed,14,Poor,0.41768150949147886,85781.0,2.0,North Susanbury,ME,Iran,1.0,2,Medio,2
54,Male,Bachelor's,Widowed,72136.0,792.0,30786.0,Personal,Employed,4,Fair,0.20260827369853276,242005.0,2.0,East Derrickhaven,VT,Mozambique,1.0,2,Bajo,1
33,Female,PhD,Divorced,32129.0,647.0,34309.0,Business,Self-employed,11,Good,0.3466779241732032,228991.0,0.0,Laurieborough,NH,Cyprus,3.0,0,Alto,0
35,Non-binary,Bachelor's,Divorced,66458.0,625.0,22681.0,Personal,Self-employed,5,Poor,0.4778866059180471,217260.0,4.0,East James,CA,Seychelles,2.0,0,Medio,2
36,Non-binary,Master's,Divorced,106623.0,686.0,12496.0,Home,Unemployed,18,Good,0.2127633262063132,186297.0,1.0,New Kerri,ME,Burundi,0.0,2,Bajo,1
58,Female,PhD,Single,84202.0,730.0,15515.0,Auto,Employed,8,Good,0.14648531133485274,215248.0,3.0,Lake Davidton,MT,Egypt,4.0,0,Alto,0
39,Non-binary,High School,Divorced,21607.0,696.0,39459.0,Personal,Unemployed,11,Good,0.32602271996373144,57160.0,1.0,Katherineshire,CA,Kazakhstan,3.0,1,Alto,0
37,Non-binary,Bachelor's,Single,118642.0,759.0,35487.0,Auto,Self-employed,1,Good,0.3877746131020088,108782.0,4.0,Port Ashleyberg,GU,Mozambique,1.0,1,Bajo,1
66,Male,Master's,Widowed,86453.0,740.0,8796.0,Business,Self-employed,13,Poor,0.423597096567361,127263.0,2.0,New Crystal,MO,Svalbard & Jan Mayen Islands,3.0,1,Alto,0
44,Female,Bachelor's,Married,117904.0,744.0,32254.0,Auto,Unemployed,11,Fair,0.5674444766934558,55653.0,4.0,Heatherborough,MA,Lesotho,2.0,1,Bajo,1
20,Male,High School,Married,40662.0,717.0,19263.0,Home,Employed,7,Good,0.4499714574716367,187205.0,1.0,Pamelaton,AR,Fiji,3.0,0,Alto,0
48,Female,PhD,Married,97513.0,672.0,33222.0,Auto,Unemployed,2,Fair,0.5706961747520802,179358.0,3.0,New Ryanside,AL,Bolivia,2.0,1,Medio,2
28,Male,Bachelor's,Single,68861.0,746.0,40989.0,Personal,Self-employed,2,Poor,0.269830240797989,145379.0,0.0,New Douglas,GA,Burkina Faso,2.0,1,Bajo,1
49,Non-binary,Bachelor's,Divorced,71750.0,744.0,6703.0,Home,Unemployed,15,Fair,0.27356371262308954,214801.0,1.0,East Jonathan,NV,Saint Kitts and Nevis,2.0,2,Bajo,1
68,Male,Bachelor's,Widowed,25250.0,602.0,44047.0,Auto,Employed,9,Good,0.5563764040804674,57120.0,3.0,Ryanstad,MS,Tonga,4.0,0,Alto,0
20,Non-binary,Bachelor's,Divorced,48807.0,754.0,48105.0,Business,Employed,8,Fair,0.26203409709246916,267029.0,4.0,Davidland,NY,Chile,2.0,2,Bajo,1
50,Male,PhD,Married,21845.0,750.0,44009.0,Business,Self-employed,9,Excellent,0.10595568708758366,144384.0,4.0,West Nicoletown,AZ,Algeria,1.0,2,Alto,0
32,Male,Master's,Married,47341.0,612.0,39005.0,Home,Unemployed,15,Good,0.5549911591931099,264639.0,0.0,South Kenneth,IL,New Zealand,4.0,2,Alto,0
23,Female,PhD,Divorced,118428.0,697.0,25508.0,Business,Employed,9,Poor,0.5086726954069548,181995.0,3.0,East Donald,OK,Eritrea,1.0,2,Bajo,1
65,Female,Master's,Married,95561.0,692.0,11261.0,Auto,Employed,3,Poor,0.28282688686804625,229180.0,1.0,South Catherinefurt,DC,Timor-Leste,0.0,1,Bajo,1
56,Male,Master's,Married,64322.0,638.0,35206.0,Auto,Self-employed,9,Excellent,0.4115116547880149,271852.0,1.0,Sharonview,NY,Serbia,0.0,0,Medio,2
41,Male,PhD,Widowed,73096.0,711.0,25710.0,Auto,Self-employed,5,Fair,0.3278892215142013,138680.0,2.0,Donnafurt,RI,Thailand,4.0,1,Alto,0
60,Non-binary,PhD,Widowed,82851.0,679.0,28306.0,Home,Self-employed,9,Fair,0.48127902829157176,188937.0,2.0,Hancockberg,RI,Netherlands,1.0,0,Medio,2
46,Non-binary,Master's,Married,96607.0,753.0,41969.0,Personal,Self-employed,10,Good,0.26214380401633974,159083.0,3.0,Obrienfort,IN,Mali,4.0,2,Alto,0
47,Female,High School,Widowed,102093.0,657.0,42301.0,Home,Self-employed,18,Good,0.4763110516458098,96498.0,0.0,Lake Amy,UT,Tonga,1.0,2,Medio,2
34,Non-binary,Master's,Widowed,46049.0,751.0,43321.0,Home,Employed,5,Fair,0.5412315312739664,129120.0,2.0,New Joseph,WV,Japan,4.0,0,Alto,0
35,Male,PhD,Single,110727.0,755.0,44452.0,Business,Employed,4,Poor,0.1747529971502855,108342.0,2.0,North Andrewtown,IA,Philippines,4.0,0,Alto,0
34,Female,Bachelor's,Single,83642.0,751.0,12190.0,Auto,Unemployed,5,Poor,0.3441170630908119,182869.0,1.0,Willisside,PR,Monaco,0.0,2,Bajo,1
34,Male,Bachelor's,Widowed,25678.0,613.0,25372.0,Personal,Self-employed,9,Excellent,0.3911870461751713,138067.0,1.0,Anthonyberg,WA,Holy See (Vatican City State),4.0,2,Alto,0
40,Non-binary,PhD,Divorced,105265.0,763.0,27903.0,Auto,Employed,1,Poor,0.4399422101134878,249185.0,2.0,Mitchelltown,VI,Suriname,4.0,1,Alto,0
52,Male,Master's,Married,80945.0,701.0,46784.0,Business,Employed,9,Excellent,0.10120691567049481,73496.0,2.0,Vasquezport,VA,Vietnam,1.0,1,Bajo,1
43,Female,High School,Married,71993.0,729.0,27055.0,Home,Unemployed,17,Excellent,0.5616043833203253,221593.0,1.0,North Edwardtown,RI,Gabon,3.0,0,Alto,0
22,Male,PhD,Divorced,32869.0,741.0,39837.0,Auto,Employed,0,Fair,0.3135930572035779,273528.0,4.0,Timothyton,OK,Hungary,4.0,1,Alto,0
22,Non-binary,Bachelor's,Widowed,86846.0,684.0,47335.0,Auto,Unemployed,0,Poor,0.46392925193312684,37738.0,3.0,Grantside,SC,Cameroon,0.0,2,Bajo,1
41,Male,PhD,Married,31066.0,636.0,41610.0,Home,Employed,9,Fair,0.5361867309131697,30732.0,1.0,Port Kyle,TX,Korea,2.0,2,Alto,0
69,Female,High School,Divorced,58653.0,640.0,45791.0,Auto,Unemployed,16,Fair,0.32288927096712494,248472.0,4.0,East Michaelport,WY,Cuba,0.0,0,Medio,2
55,Non-binary,High School,Married,25870.0,725.0,25375.0,Business,Unemployed,4,Fair,0.33012480422917523,181851.0,1.0,North James,WV,Lithuania,2.0,1,Alto,0
52,Female,Bachelor's,Divorced,50194.0,699.0,38540.0,Personal,Self-employed,7,Good,0.5433638439946885,94821.0,0.0,Sparksborough,IA,Vietnam,4.0,2,Alto,0
62,Female,High School,Divorced,91922.0,673.0,46144.0,Business,Self-employed,17,Good,0.5867846735632521,242664.0,1.0,Jaclynside,MP,Afghanistan,3.0,0,Alto,0
36,Female,Bachelor's,Married,25385.0,616.0,45091.0,Auto,Self-employed,19,Poor,0.4140465023075153,255416.0,1.0,West Barrybury,KY,Gabon,1.0,1,Alto,0
45,Non-binary,Bachelor's,Widowed,49048.0,718.0,8107.0,Auto,Self-employed,5,Excellent,0.4656786579090395,212305.0,2.0,South Calvinfort,RI,New Caledonia,3.0,0,Alto,0
56,Male,Master's,Widowed,64016.0,622.0,9817.0,Auto,Unemployed,12,Excellent,0.20997523264752574,210156.0,1.0,Robinsonstad,VI,Tokelau,0.0,0,Medio,2
20,Female,High School,Widowed,60682.0,622.0,20907.0,Home,Employed,6,Good,0.3124622910213779,216240.0,1.0,Jamesburgh,VT,Korea,1.0,1,Medio,2
42,Female,High School,Divorced,107914.0,694.0,7194.0,Personal,Self-employed,4,Excellent,0.5989746683564356,289015.0,0.0,North Scott,ND,Singapore,4.0,0,Alto,0
34,Female,Bachelor's,Widowed,29616.0,631.0,7604.0,Personal,Employed,12,Poor,0.5410321974844652,208788.0,4.0,North Cody,UT,French Guiana,4.0,0,Alto,0
62,Male,Bachelor's,Widowed,56855.0,631.0,15112.0,Business,Employed,14,Fair,0.15868985001401673,203808.0,4.0,West Peter,MH,Nigeria,4.0,0,Alto,0
60,Non-binary,Bachelor's,Divorced,63237.0,740.0,48293.0,Business,Employed,5,Good,0.45050844749158947,266517.0,3.0,Olsonstad,AK,South Georgia and the South Sandwich Islands,1.0,1,Bajo,1
18,Male,Bachelor's,Married,82160.0,752.0,28519.0,Home,Employed,2,Excellent,0.31287433076049376,23422.0,3.0,Port Joseph,LA,El Salvador,2.0,2,Bajo,1
66,Female,Master's,Widowed,84175.0,605.0,40469.0,Business,Unemployed,17,Fair,0.5803766903152542,190341.0,2.0,Rodgersburgh,NH,Hong Kong,4.0,1,Alto,0
39,Male,Bachelor's,Widowed,92489.0,639.0,7304.0,Business,Employed,19,Poor,0.2298123288273279,215616.0,1.0,Ashleyburgh,IL,Argentina,4.0,0,Alto,0
45,Female,Bachelor's,Married,71253.0,652.0,27307.0,Auto,Self-employed,12,Poor,0.32124011897148697,107350.0,1.0,Lake Pamelabury,WA,Mauritius,0.0,0,Medio,2
60,Non-binary,High School,Married,26242.0,637.0,44308.0,Home,Employed,18,Excellent,0.32967197112953095,258070.0,4.0,North Johnnystad,PA,Aruba,1.0,1,Alto,0
36,Male,Bachelor's,Divorced,47987.0,793.0,7973.0,Business,Unemployed,1,Fair,0.2587011880907878,104222.0,3.0,New Matthewborough,MP,Lithuania,0.0,2,Bajo,1
50,Male,PhD,Single,70639.0,782.0,15844.0,Personal,Unemployed,7,Poor,0.4406554705048362,26758.0,1.0,Lake Carol,MS,Dominican Republic,4.0,0,Alto,0
46,Female,High School,Single,110159.0,790.0,29837.0,Home,Self-employed,12,Poor,0.36903089217462703,240011.0,1.0,West Tiffany,HI,Antarctica (the territory South of 60 deg S),2.0,1,Bajo,1
28,Female,High School,Widowed,112526.0,752.0,36288.0,Personal,Employed,10,Fair,0.4742306522890495,184535.0,1.0,East Jessicabury,NY,Equatorial Guinea,2.0,1,Bajo,1
29,Male,PhD,Divorced,68196.0,739.0,35275.0,Personal,Employed,1,Poor,0.4978557510664341,262266.0,3.0,Brianstad,CT,British Indian Ocean Territory (Chagos Archipelago),3.0,1,Alto,0
56,Female,Master's,Married,73871.0,689.0,45186.0,Auto,Employed,12,Good,0.5587898048453033,121187.0,1.0,Johnsonborough,FL,Trinidad and Tobago,1.0,2,Bajo,1
33,Non-binary,Bachelor's,Divorced,101447.0,640.0,21855.0,Business,Self-employed,0,Fair,0.18283517707879152,243032.0,2.0,Olsontown,DE,Mayotte,1.0,2,Medio,2
51,Non-binary,PhD,Married,83252.0,760.0,27869.0,Personal,Self-employed,16,Fair,0.41692222242364185,23546.0,3.0,East Timothychester,NC,United Arab Emirates,0.0,2,Bajo,1
30,Non-binary,Bachelor's,Widowed,41470.0,662.0,25724.0,Home,Self-employed,5,Poor,0.33682508535936806,145766.0,0.0,Lake Joseton,CA,Honduras,2.0,1,Medio,2
56,Non-binary,Bachelor's,Widowed,36926.0,700.0,46525.0,Business,Self-employed,16,Excellent,0.13904782497468074,220452.0,4.0,Richardburgh,GA,Guam,2.0,0,Alto,0
63,Female,Bachelor's,Married,115198.0,617.0,36000.0,Personal,Employed,1,Poor,0.237218592634836,155070.0,1.0,North Danielfurt,WA,Christmas Island,1.0,0,Medio,2
43,Non-binary,Bachelor's,Married,83238.0,630.0,47925.0,Business,Unemployed,3,Good,0.32346662635335044,93074.0,0.0,Port Davidbury,NY,Russian Federation,4.0,1,Alto,0
22,Female,Master's,Widowed,65420.0,797.0,18847.0,Home,Employed,6,Poor,0.1959506612052758,35607.0,1.0,Harringtonmouth,GU,Korea,1.0,2,Bajo,1
43,Male,Master's,Divorced,73900.0,613.0,18831.0,Personal,Self-employed,10,Excellent,0.46827559769551885,234425.0,3.0,Jenniferchester,MT,Albania,0.0,2,Medio,2
49,Male,Master's,Single,33582.0,681.0,5236.0,Home,Unemployed,11,Good,0.3935625307034285,65973.0,3.0,New Scott,MP,Ghana,0.0,2,Alto,0
40,Non-binary,Bachelor's,Single,58368.0,735.0,32968.0,Business,Employed,12,Excellent,0.25797229914811337,228140.0,2.0,East Marilyn,MI,Saint Barthelemy,4.0,2,Alto,0
28,Male,Bachelor's,Divorced,70859.0,779.0,40292.0,Auto,Employed,19,Good,0.26139423520732996,57335.0,4.0,New Nicholasview,NE,Seychelles,0.0,1,Bajo,1
39,Male,High School,Divorced,31628.0,738.0,10235.0,Home,Unemployed,13,Fair,0.19624880066015263,35251.0,0.0,Port Ashley,CO,Syrian Arab Republic,4.0,2,Alto,0
39,Male,PhD,Married,52194.0,690.0,47771.0,Personal,Employed,11,Fair,0.3371470578790392,262230.0,3.0,Beckerbury,DE,British Virgin Islands,2.0,2,Bajo,1
61,Non-binary,Master's,Single,43229.0,765.0,26213.0,Business,Unemployed,7,Poor,0.3558623524992659,26024.0,0.0,New Scott,WI,Morocco,4.0,0,Alto,0
54,Male,High School,Divorced,87143.0,752.0,43577.0,Home,Unemployed,10,Poor,0.10225702396393724,120983.0,1.0,Colemantown,MS,South Georgia and the South Sandwich Islands,1.0,1,Bajo,1
48,Male,High School,Divorced,103576.0,604.0,37746.0,Auto,Self-employed,19,Fair,0.29790580096014707,161919.0,3.0,South Josephport,AS,Nauru,3.0,0,Alto,0
29,Non-binary,Bachelor's,Divorced,35900.0,752.0,49891.0,Home,Self-employed,11,Poor,0.21356578240966992,126761.0,0.0,South Rachelbury,RI,Namibia,2.0,0,Alto,0
34,Non-binary,High School,Single,86912.0,670.0,48704.0,Auto,Employed,15,Excellent,0.24414143306488564,83732.0,0.0,West Michael,MS,Cayman Islands,0.0,0,Medio,2
50,Non-binary,Bachelor's,Widowed,89507.0,719.0,15858.0,Home,Unemployed,12,Poor,0.3655098146327185,141480.0,4.0,Lake James,AK,Netherlands,0.0,1,Bajo,1
64,Female,PhD,Widowed,59314.0,753.0,20839.0,Business,Unemployed,11,Fair,0.2932035620647545,107546.0,4.0,Brianland,NV,Bulgaria,0.0,0,Bajo,1
25,Female,High School,Divorced,57193.0,749.0,43771.0,Auto,Self-employed,8,Good,0.29776153654447257,173604.0,4.0,Port Francisbury,SC,Belgium,3.0,0,Alto,0
64,Female,Bachelor's,Single,50034.0,718.0,46672.0,Personal,Employed,16,Fair,0.20056381515628383,200881.0,0.0,Cassidyton,NC,Gibraltar,0.0,1,Bajo,1
38,Non-binary,PhD,Divorced,71714.0,729.0,16805.0,Auto,Self-employed,13,Fair,0.45879428191253147,198183.0,1.0,North Randy,MA,Bangladesh,1.0,0,Bajo,1
18,Female,PhD,Single,44767.0,772.0,11642.0,Auto,Self-employed,17,Fair,0.5885957250261497,79252.0,0.0,West Carolynberg,OK,Turks and Caicos Islands,1.0,1,Bajo,1
51,Male,High School,Widowed,97365.0,750.0,32245.0,Auto,Self-employed,11,Good,0.4423598215324074,105425.0,3.0,North Danielleville,IA,Greenland,4.0,1,Alto,0
57,Female,PhD,Divorced,79119.0,623.0,28854.0,Personal,Self-employed,18,Good,0.22077172833857214,91994.0,2.0,East Wesley,MS,American Samoa,3.0,1,Alto,0
45,Non-binary,Master's,Widowed,66435.0,761.0,31704.0,Auto,Self-employed,16,Poor,0.2649129795041558,142200.0,4.0,Scottborough,UT,Germany,4.0,2,Alto,0
23,Male,Master's,Married,81800.0,769.0,7473.0,Personal,Employed,11,Poor,0.5253555687484244,162787.0,3.0,Christyview,ME,Panama,4.0,2,Alto,0
21,Female,PhD,Widowed,78942.0,788.0,29587.0,Home,Self-employed,2,Excellent,0.3170293886961175,149053.0,2.0,Michaeltown,AZ,Indonesia,4.0,2,Alto,0
23,Male,PhD,Widowed,53617.0,701.0,22306.0,Auto,Employed,17,Good,0.21692539573668526,98231.0,2.0,Ianside,AZ,Brunei Darussalam,1.0,1,Bajo,1
30,Non-binary,Master's,Divorced,92083.0,678.0,7894.0,Auto,Employed,2,Good,0.4880516021330181,271491.0,4.0,Stewartburgh,AL,Korea,1.0,2,Medio,2
65,Female,Master's,Widowed,67656.0,713.0,13980.0,Home,Employed,15,Fair,0.22655697701180114,223173.0,1.0,West Carlafort,MD,Algeria,1.0,0,Bajo,1
46,Male,High School,Single,97248.0,732.0,11983.0,Home,Unemployed,4,Poor,0.44587162965039606,164329.0,3.0,Ramirezberg,MT,Belgium,1.0,2,Bajo,1
69,Female,High School,Widowed,54457.0,648.0,29807.0,Business,Unemployed,2,Fair,0.29441854617636076,144738.0,3.0,Port Katherine,MS,Wallis and Futuna,3.0,2,Alto,0
56,Female,High School,Widowed,78465.0,714.0,29437.0,Auto,Unemployed,2,Excellent,0.47053577488908616,261230.0,3.0,Port Spencerton,VI,Denmark,2.0,1,Bajo,1
60,Male,PhD,Widowed,75178.0,770.0,37821.0,Personal,Self-employed,15,Fair,0.486359504602482,296981.0,3.0,West Kelly,NM,Mongolia,4.0,2,Alto,0
31,Male,PhD,Widowed,76795.0,686.0,18963.0,Business,Unemployed,6,Good,0.4841982638235425,273118.0,2.0,Johnburgh,UT,South Georgia and the South Sandwich Islands,3.0,1,Alto,0
28,Female,Master's,Widowed,30712.0,622.0,6708.0,Business,Unemployed,4,Excellent,0.12942564250086844,260402.0,2.0,Vegahaven,OK,Saint Lucia,4.0,2,Alto,0
28,Male,PhD,Single,80857.0,702.0,11027.0,Personal,Employed,16,Excellent,0.4956770776262561,76012.0,0.0,Nelsonville,ID,Cameroon,0.0,2,Bajo,1
37,Female,High School,Widowed,87703.0,797.0,29039.0,Business,Self-employed,13,Poor,0.16671182688546074,94698.0,2.0,North Guy,LA,Kiribati,1.0,2,Bajo,1
46,Female,Bachelor's,Widowed,36092.0,754.0,28261.0,Business,Employed,10,Excellent,0.36207096666666505,260294.0,1.0,Campbellburgh,NV,Iran,1.0,0,Alto,0
57,Non-binary,High School,Widowed,28058.0,706.0,19700.0,Auto,Unemployed,2,Poor,0.4061619776426688,134807.0,1.0,Shannonview,MD,Uganda,2.0,0,Alto,0
43,Male,Bachelor's,Widowed,43867.0,794.0,44806.0,Auto,Employed,5,Fair,0.3717575275239645,266335.0,3.0,Henryside,MP,France,3.0,0,Alto,0
41,Female,Bachelor's,Married,25257.0,612.0,10593.0,Business,Self-employed,16,Excellent,0.2671494531871704,298459.0,0.0,East Amy,VT,Sierra Leone,1.0,1,Alto,0
31,Non-binary,Master's,Married,44102.0,623.0,37103.0,Home,Unemployed,8,Poor,0.48144142022182324,155667.0,1.0,Lake Michael,MT,Palau,0.0,1,Medio,2
57,Male,High School,Single,71070.0,718.0,29900.0,Personal,Employed,10,Good,0.5415393116047876,68040.0,2.0,North Donnafurt,AK,New Caledonia,0.0,1,Bajo,1
57,Female,Master's,Divorced,36143.0,798.0,41501.0,Home,Employed,7,Poor,0.3591846015074681,35926.0,0.0,East Kaitlyn,CT,Saint Vincent and the Grenadines,3.0,0,Alto,0
67,Non-binary,Bachelor's,Married,93177.0,702.0,38224.0,Personal,Employed,7,Excellent,0.16016799942230378,25319.0,2.0,East Stephanie,AZ,Saint Pierre and Miquelon,3.0,0,Alto,0
40,Male,Master's,Single,46248.0,648.0,29757.0,Home,Employed,3,Excellent,0.5918154527463079,275401.0,4.0,Jenniferborough,CT,Lesotho,4.0,1,Alto,0
62,Non-binary,Master's,Single,99059.0,798.0,8339.0,Auto,Employed,12,Fair,0.12339367874020543,249423.0,4.0,Meghanborough,WI,Ecuador,4.0,0,Alto,0
48,Non-binary,Master's,Divorced,36691.0,665.0,15440.0,Home,Unemployed,7,Good,0.44192929657497826,39079.0,3.0,West Laurenchester,KY,Eritrea,0.0,0,Alto,0
64,Male,Master's,Married,80301.0,775.0,11868.0,Auto,Unemployed,6,Poor,0.3213411039761923,119609.0,0.0,Port David,AL,Rwanda,1.0,1,Bajo,1
51,Male,Bachelor's,Widowed,67316.0,745.0,13338.0,Home,Employed,12,Poor,0.544648423545848,94624.0,2.0,Shieldsshire,NJ,Botswana,2.0,1,Bajo,1
34,Male,Bachelor's,Single,93424.0,728.0,26546.0,Business,Unemployed,7,Excellent,0.5559028307220106,255725.0,1.0,South Lance,MN,Iran,4.0,2,Alto,0
39,Male,Master's,Single,72488.0,770.0,12785.0,Auto,Unemployed,19,Fair,0.37553735395219656,170514.0,2.0,Olsonbury,IA,Djibouti,4.0,1,Alto,0
27,Non-binary,Bachelor's,Single,60972.0,795.0,10009.0,Home,Unemployed,3,Excellent,0.5099427376193392,250717.0,3.0,Shelbyhaven,WI,South Georgia and the South Sandwich Islands,0.0,2,Bajo,1
41,Non-binary,Bachelor's,Single,97656.0,718.0,43832.0,Business,Unemployed,16,Excellent,0.5231466531658802,200161.0,3.0,New Kellyville,DE,Lithuania,1.0,0,Bajo,1
42,Female,Bachelor's,Divorced,27883.0,675.0,44407.0,Business,Self-employed,17,Poor,0.286679810023169,166789.0,3.0,Rebeccamouth,AS,Chad,1.0,1,Alto,0
59,Non-binary,Master's,Divorced,98563.0,672.0,41927.0,Business,Self-employed,3,Good,0.26264934221610237,178069.0,2.0,New Christopher,MP,Congo,3.0,1,Alto,0
35,Male,Master's,Married,117757.0,761.0,44398.0,Home,Employed,2,Excellent,0.5324120801635929,135579.0,1.0,Stephanieburgh,CT,Cayman Islands,4.0,1,Alto,0
21,Female,PhD,Married,63087.0,743.0,45724.0,Personal,Self-employed,11,Excellent,0.5362745268095853,167231.0,4.0,East Carol,LA,Syrian Arab Republic,1.0,1,Bajo,1
43,Female,Bachelor's,Widowed,97112.0,783.0,6613.0,Home,Unemployed,5,Fair,0.20935099851341019,151768.0,3.0,West David,DC,Bahrain,1.0,2,Bajo,1
47,Female,Bachelor's,Single,38748.0,709.0,39872.0,Personal,Unemployed,14,Good,0.4228087747672332,89473.0,4.0,Aaronmouth,TX,Greece,4.0,1,Alto,0
51,Male,High School,Widowed,74933.0,742.0,31444.0,Personal,Employed,11,Fair,0.4977271960980949,229151.0,2.0,East Nicholasfurt,MP,Madagascar,2.0,1,Bajo,1
48,Female,Bachelor's,Widowed,27704.0,734.0,6732.0,Auto,Unemployed,17,Fair,0.3993665561751849,20848.0,2.0,South Jeremy,MD,Heard Island and McDonald Islands,4.0,2,Alto,0
20,Male,Master's,Divorced,22600.0,666.0,17185.0,Business,Employed,10,Excellent,0.28118219166773684,80205.0,1.0,Albertchester,DC,Palestinian Territory,3.0,2,Alto,0
32,Non-binary,Bachelor's,Widowed,53268.0,674.0,20051.0,Home,Unemployed,16,Good,0.5231325609088208,63180.0,0.0,Jenkinsview,NJ,Micronesia,4.0,2,Alto,0
21,Male,High School,Divorced,39283.0,643.0,44502.0,Personal,Employed,10,Good,0.5387265154797146,85392.0,1.0,New Stevenbury,NH,Kyrgyz Republic,4.0,0,Alto,0
29,Male,Bachelor's,Widowed,78413.0,736.0,49220.0,Personal,Unemployed,11,Fair,0.26238993448042347,57248.0,1.0,Port Jamesbury,MD,Liechtenstein,1.0,1,Bajo,1
51,Male,PhD,Divorced,72460.0,644.0,9006.0,Personal,Employed,9,Fair,0.20691091668396314,47859.0,4.0,Lake Angelaport,NY,Senegal,1.0,0,Medio,2
43,Female,Master's,Married,77427.0,617.0,20032.0,Auto,Self-employed,13,Poor,0.4572076234998499,149715.0,0.0,West Justin,TX,Burkina Faso,2.0,0,Medio,2
53,Female,High School,Widowed,40121.0,698.0,15160.0,Personal,Self-employed,19,Fair,0.407208101349524,278639.0,4.0,West Kathrynview,NM,Zambia,4.0,2,Alto,0
39,Female,PhD,Divorced,44815.0,691.0,49632.0,Auto,Unemployed,5,Fair,0.5092184954547848,256524.0,2.0,Walkerburgh,MH,Syrian Arab Republic,3.0,2,Alto,0
46,Male,Master's,Single,95133.0,703.0,8664.0,Personal,Self-employed,15,Poor,0.44356219527311747,191524.0,0.0,Johnsonmouth,NV,Cape Verde,4.0,2,Alto,0
58,Female,High School,Widowed,119259.0,602.0,21334.0,Personal,Employed,19,Good,0.2216074710807299,205901.0,0.0,Boyleport,NC,Latvia,2.0,1,Medio,2
40,Non-binary,High School,Single,48000.0,723.0,5741.0,Business,Self-employed,14,Good,0.12426261503943489,204955.0,3.0,Fowlermouth,SC,Congo,3.0,0,Alto,0
45,Non-binary,Bachelor's,Single,108529.0,731.0,27817.0,Home,Unemployed,9,Poor,0.5959271893167287,113125.0,3.0,North Leslietown,TX,Libyan Arab Jamahiriya,1.0,2,Bajo,1
32,Female,Master's,Divorced,20393.0,748.0,43173.0,Auto,Employed,15,Excellent,0.33191913491076763,278778.0,2.0,North Katrinastad,SC,Senegal,3.0,0,Alto,0
39,Female,High School,Widowed,106151.0,611.0,23404.0,Personal,Unemployed,0,Poor,0.4611108001707146,168919.0,2.0,Davidmouth,GU,Pitcairn Islands,0.0,2,Medio,2
27,Male,Bachelor's,Widowed,59994.0,610.0,10468.0,Business,Unemployed,18,Good,0.3809471186547835,126406.0,0.0,Herringside,NM,Mongolia,3.0,1,Alto,0
24,Female,Bachelor's,Married,58015.0,741.0,35805.0,Home,Self-employed,0,Fair,0.11802314906540798,33960.0,2.0,Port Mark,AL,Rwanda,2.0,1,Bajo,1
54,Non-binary,High School,Single,117771.0,725.0,10331.0,Auto,Self-employed,3,Poor,0.1845820763161016,132116.0,1.0,Taylorfurt,DC,Venezuela,3.0,0,Alto,0
46,Female,PhD,Widowed,30300.0,726.0,12818.0,Home,Employed,17,Poor,0.5027506528213546,205778.0,0.0,Mendozachester,NM,Trinidad and Tobago,3.0,1,Alto,0
67,Male,PhD,Divorced,46352.0,625.0,32762.0,Personal,Self-employed,10,Excellent,0.4462061230462029,277316.0,3.0,Bryanchester,NE,Namibia,3.0,2,Alto,0
67,Male,Bachelor's,Single,88089.0,600.0,18616.0,Business,Unemployed,11,Poor,0.2425871335829178,128391.0,4.0,Shanefurt,TX,Jersey,3.0,0,Alto,0
58,Non-binary,Master's,Divorced,106700.0,667.0,39202.0,Personal,Self-employed,11,Poor,0.242454607821642,64675.0,1.0,Watsonmouth,MT,Czech Republic,3.0,2,Alto,0
28,Non-binary,Bachelor's,Divorced,27404.0,631.0,38077.0,Personal,Employed,19,Poor,0.3752070436856365,99718.0,2.0,Port Elizabethland,NV,Tonga,1.0,0,Alto,0
68,Female,Master's,Married,47956.0,605.0,34018.0,Business,Unemployed,7,Excellent,0.27147328074201604,261476.0,4.0,Grayberg,NM,Chad,2.0,2,Medio,2
68,Female,Master's,Married,60888.0,670.0,40085.0,Auto,Unemployed,1,Poor,0.47121596809472044,133341.0,4.0,Fosterborough,MO,Trinidad and Tobago,0.0,2,Medio,2
68,Male,High School,Divorced,68797.0,734.0,23941.0,Personal,Self-employed,16,Good,0.28183818264656524,285288.0,4.0,Davisbury,LA,Antigua and Barbuda,4.0,2,Alto,0
34,Non-binary,PhD,Single,20386.0,626.0,17451.0,Business,Unemployed,11,Excellent,0.5839733927010874,101773.0,4.0,West Bill,AZ,Marshall Islands,3.0,2,Alto,0
45,Non-binary,Bachelor's,Widowed,67266.0,713.0,42030.0,Business,Unemployed,9,Excellent,0.3928040102685473,181240.0,2.0,Jacksonfurt,HI,Saint Vincent and the Grenadines,0.0,0,Bajo,1
33,Non-binary,High School,Single,36146.0,605.0,17988.0,Business,Unemployed,2,Excellent,0.36251945108618433,89973.0,1.0,Angelafort,ID,Ireland,2.0,2,Alto,0
28,Female,PhD,Single,32559.0,705.0,18672.0,Home,Unemployed,1,Excellent,0.20211575276011498,199352.0,1.0,South Monica,RI,Uzbekistan,3.0,0,Alto,0
25,Female,Bachelor's,Divorced,78171.0,676.0,27552.0,Home,Self-employed,15,Poor,0.3415476516857331,138872.0,0.0,New Jody,DC,Rwanda,1.0,2,Medio,2
28,Female,Master's,Single,91641.0,736.0,46224.0,Auto,Employed,16,Excellent,0.4507462404138882,223267.0,1.0,Ibarrafurt,IN,Saint Barthelemy,0.0,2,Bajo,1
55,Non-binary,Bachelor's,Single,53149.0,688.0,34632.0,Home,Employed,8,Excellent,0.5597539310967432,249205.0,0.0,Donaldfort,TX,Afghanistan,4.0,1,Alto,0
22,Female,PhD,Single,94683.0,797.0,9102.0,Auto,Self-employed,16,Fair,0.42569829446958685,281899.0,0.0,Billchester,AR,United States Minor Outlying Islands,3.0,2,Alto,0
32,Female,PhD,Divorced,40641.0,759.0,40938.0,Business,Employed,12,Good,0.22496967456495112,43076.0,4.0,Dunnborough,DC,Namibia,4.0,0,Alto,0
29,Non-binary,Master's,Widowed,96821.0,681.0,25253.0,Business,Self-employed,15,Good,0.48893303755449324,53597.0,1.0,Port Ronaldton,KS,Equatorial Guinea,1.0,2,Bajo,1
20,Female,PhD,Married,20018.0,751.0,9857.0,Auto,Self-employed,9,Fair,0.30495955846538414,269574.0,2.0,South Amy,PA,Nepal,0.0,2,Alto,0
49,Male,PhD,Single,41881.0,728.0,17968.0,Auto,Unemployed,8,Excellent,0.5656610746849068,196444.0,0.0,North Sherry,LA,Christmas Island,3.0,0,Alto,0
53,Female,Bachelor's,Married,81177.0,664.0,10959.0,Home,Unemployed,9,Poor,0.17391964884741698,286228.0,2.0,Rachelborough,NJ,Eritrea,4.0,2,Alto,0
20,Male,Master's,Widowed,115619.0,759.0,26878.0,Personal,Unemployed,17,Fair,0.19780638686094928,176634.0,3.0,Lake Matthewberg,NH,Hungary,4.0,0,Alto,0
28,Non-binary,Master's,Widowed,98255.0,670.0,28547.0,Home,Self-employed,11,Fair,0.5326050549781852,114844.0,4.0,North Vincentshire,AL,Norway,0.0,0,Medio,2
54,Non-binary,PhD,Widowed,40243.0,771.0,47405.0,Home,Employed,3,Poor,0.24788538853375494,195194.0,1.0,Timothyborough,MP,Colombia,3.0,2,Alto,0
28,Non-binary,Master's,Single,44660.0,715.0,46029.0,Auto,Employed,7,Poor,0.2827873033064793,139390.0,1.0,Hoffmanmouth,AZ,Falkland Islands (Malvinas),2.0,2,Bajo,1
40,Non-binary,PhD,Widowed,64138.0,681.0,6345.0,Business,Employed,13,Fair,0.4693962726875638,285975.0,2.0,Lake Michelle,MN,Guinea-Bissau,2.0,2,Bajo,1
22,Non-binary,Bachelor's,Widowed,42333.0,790.0,39459.0,Home,Unemployed,4,Excellent,0.46066219657275487,200640.0,1.0,East Jeffrey,NV,Australia,3.0,0,Alto,0
54,Non-binary,Master's,Single,31971.0,701.0,28274.0,Business,Employed,9,Fair,0.36977489244411565,254813.0,4.0,Harringtonborough,WA,Antigua and Barbuda,1.0,0,Alto,0
38,Non-binary,Master's,Divorced,104383.0,742.0,37723.0,Personal,Self-employed,1,Poor,0.5340117366940732,195745.0,0.0,North Jeffreyberg,DC,French Guiana,3.0,1,Alto,0
30,Male,High School,Widowed,62692.0,757.0,12992.0,Personal,Self-employed,4,Fair,0.5726273073403544,192364.0,3.0,Jacksonfurt,NC,Georgia,4.0,0,Alto,0
67,Female,Bachelor's,Divorced,70426.0,775.0,18460.0,Business,Unemployed,5,Fair,0.4189854774600692,42358.0,0.0,Reneeport,NM,Namibia,4.0,0,Alto,0
29,Male,High School,Divorced,59632.0,755.0,18846.0,Auto,Employed,2,Good,0.22315906620658096,38773.0,2.0,Rodriguezbury,NC,Anguilla,1.0,0,Bajo,1
23,Non-binary,High School,Married,107508.0,788.0,5509.0,Home,Employed,19,Good,0.5020321515709493,159457.0,1.0,New Victoria,HI,Guernsey,2.0,1,Bajo,1
31,Female,PhD,Married,64989.0,663.0,34703.0,Home,Self-employed,5,Fair,0.5270014839861273,58736.0,0.0,Websterfurt,ND,Togo,0.0,0,Medio,2
30,Female,Bachelor's,Single,90207.0,749.0,49186.0,Auto,Self-employed,18,Poor,0.3247827255945145,232337.0,4.0,North Megan,MS,Western Sahara,0.0,1,Bajo,1
47,Non-binary,PhD,Widowed,105439.0,775.0,40299.0,Business,Unemployed,3,Excellent,0.23906239168055346,81307.0,0.0,New Nicole,LA,Gabon,2.0,0,Bajo,1
50,Male,Bachelor's,Widowed,77865.0,761.0,33508.0,Home,Unemployed,8,Excellent,0.46520404224185696,96143.0,2.0,Flynnshire,NY,Somalia,2.0,0,Bajo,1
58,Male,PhD,Widowed,31167.0,711.0,45334.0,Business,Self-employed,8,Good,0.1729877163342282,106988.0,2.0,East Aprilhaven,PR,Swaziland,2.0,1,Alto,0
30,Female,Bachelor's,Single,35233.0,714.0,44769.0,Auto,Employed,19,Good,0.5622869518127547,190625.0,4.0,Ashleymouth,MH,Mayotte,3.0,2,Alto,0
66,Male,High School,Divorced,102565.0,660.0,49066.0,Business,Employed,15,Fair,0.42272108434803257,99471.0,2.0,New Anne,DE,Tuvalu,1.0,0,Medio,2
18,Female,PhD,Divorced,55094.0,706.0,30130.0,Personal,Unemployed,3,Excellent,0.4725809687452933,22359.0,1.0,North Jennifer,GA,Guyana,1.0,2,Bajo,1
29,Male,PhD,Single,57375.0,618.0,44998.0,Auto,Employed,19,Good,0.25767981030583853,61496.0,0.0,Port Russell,FM,Western Sahara,3.0,2,Alto,0
42,Male,Bachelor's,Divorced,84435.0,667.0,42265.0,Business,Unemployed,6,Good,0.4668926458323258,34721.0,4.0,Port Linda,WI,Yemen,2.0,2,Medio,2
67,Female,PhD,Married,79145.0,698.0,32117.0,Auto,Employed,2,Fair,0.145160679661085,230432.0,0.0,South Linda,ND,Saint Martin,3.0,0,Alto,0
40,Non-binary,High School,Married,23323.0,769.0,6794.0,Personal,Employed,17,Excellent,0.5723373977025584,260793.0,1.0,Harmonburgh,AL,Greece,3.0,0,Alto,0
31,Female,Bachelor's,Widowed,86302.0,702.0,40280.0,Auto,Employed,19,Good,0.19495684787382941,86795.0,0.0,South Johnport,KS,Mali,0.0,1,Bajo,1
47,Male,Bachelor's,Widowed,64261.0,640.0,7380.0,Personal,Employed,14,Good,0.17277480020974742,23586.0,4.0,Armstrongmouth,NM,Liberia,3.0,1,Alto,0
30,Male,High School,Married,119138.0,668.0,29122.0,Home,Unemployed,17,Fair,0.5777948304867354,256997.0,4.0,North Elizabethburgh,VI,Gabon,4.0,2,Alto,0
41,Female,High School,Single,48528.0,676.0,9029.0,Personal,Unemployed,13,Excellent,0.41388206140822525,24494.0,3.0,Debrafort,PA,Saint Lucia,3.0,0,Alto,0
37,Non-binary,Master's,Widowed,55545.0,698.0,24739.0,Auto,Employed,9,Poor,0.16885797074011075,292329.0,3.0,Stephaniefurt,WY,Saint Barthelemy,1.0,1,Bajo,1
53,Female,Master's,Married,39728.0,747.0,6555.0,Home,Unemployed,11,Poor,0.5620273840047607,192841.0,0.0,Amberside,SC,Mauritius,4.0,1,Alto,0
42,Male,PhD,Single,38277.0,637.0,33708.0,Home,Self-employed,19,Fair,0.48776666703209126,168834.0,1.0,New Edwardberg,DE,Libyan Arab Jamahiriya,0.0,2,Alto,0
48,Female,Bachelor's,Single,86556.0,701.0,29592.0,Business,Unemployed,15,Excellent,0.5691952410118911,178987.0,1.0,Hermanborough,ID,India,4.0,2,Alto,0
69,Female,PhD,Single,51437.0,732.0,21000.0,Home,Unemployed,8,Poor,0.23014905771450914,74074.0,4.0,Richardsonland,PR,Cote d'Ivoire,3.0,2,Alto,0
59,Female,Master's,Divorced,60663.0,679.0,29688.0,Business,Unemployed,0,Good,0.4915540802133448,201679.0,4.0,East Antonio,KY,Algeria,1.0,1,Medio,2
25,Non-binary,Master's,Divorced,60910.0,767.0,18944.0,Auto,Self-employed,0,Fair,0.12198890560447825,168440.0,2.0,North Aprilside,NY,Burkina Faso,4.0,2,Alto,0
18,Non-binary,Bachelor's,Divorced,56786.0,673.0,36600.0,Business,Self-employed,0,Good,0.4590523027834842,41520.0,2.0,South Christopherfurt,AL,Iran,3.0,0,Alto,0
60,Non-binary,PhD,Widowed,90218.0,696.0,12962.0,Auto,Unemployed,4,Excellent,0.5470015797580091,270921.0,1.0,Rubiochester,AK,Svalbard & Jan Mayen Islands,3.0,0,Alto,0
30,Female,Master's,Married,77395.0,796.0,35361.0,Personal,Self-employed,8,Poor,0.4932334978894798,84709.0,4.0,Ryantown,AZ,Sudan,0.0,0,Bajo,1
27,Non-binary,Bachelor's,Widowed,45178.0,749.0,30592.0,Personal,Unemployed,4,Fair,0.2535487808506497,103348.0,4.0,New Caleb,IN,Haiti,2.0,0,Bajo,1
38,Male,PhD,Married,26032.0,764.0,31305.0,Business,Employed,12,Excellent,0.2907762982115032,202301.0,2.0,Smithport,MD,Nigeria,3.0,0,Alto,0
42,Female,Master's,Single,99789.0,780.0,20166.0,Auto,Unemployed,5,Poor,0.4610758838807011,66783.0,1.0,Floresland,NJ,North Macedonia,2.0,1,Bajo,1
22,Non-binary,Master's,Single,22424.0,740.0,21312.0,Auto,Unemployed,14,Fair,0.1113531584434336,242298.0,2.0,Stricklandmouth,TX,Montserrat,2.0,1,Alto,0
66,Male,Master's,Divorced,36006.0,616.0,21659.0,Home,Employed,6,Fair,0.20712514977139493,31560.0,4.0,East Nathan,NC,Svalbard & Jan Mayen Islands,0.0,0,Alto,0
43,Non-binary,PhD,Divorced,83165.0,711.0,33375.0,Auto,Self-employed,9,Good,0.1903825077421524,285848.0,4.0,New Abigailtown,UT,American Samoa,4.0,0,Alto,0
68,Non-binary,Master's,Married,48887.0,718.0,44579.0,Business,Self-employed,3,Excellent,0.5694054468357426,274797.0,1.0,Lake Kennethberg,FL,Bouvet Island (Bouvetoya),4.0,0,Alto,0
37,Non-binary,High School,Divorced,90441.0,739.0,19428.0,Home,Employed,11,Excellent,0.577353246179438,243830.0,4.0,Lake Craig,OR,Congo,3.0,0,Alto,0
37,Non-binary,PhD,Married,88947.0,627.0,39911.0,Auto,Unemployed,7,Good,0.41192648730500614,30684.0,3.0,Pennyfurt,GU,Libyan Arab Jamahiriya,3.0,2,Alto,0
46,Non-binary,Bachelor's,Married,100982.0,623.0,21773.0,Business,Employed,18,Fair,0.48626193595030254,288067.0,1.0,Torresbury,MI,Spain,0.0,2,Medio,2
33,Male,High School,Married,79998.0,684.0,8881.0,Auto,Self-employed,7,Fair,0.34974807683744824,194928.0,0.0,East Aaronchester,MP,Portugal,3.0,2,Alto,0
21,Male,PhD,Married,62616.0,773.0,23622.0,Business,Self-employed,8,Poor,0.36024697258277805,175997.0,0.0,Perezmouth,KY,Lithuania,0.0,2,Bajo,1
50,Female,PhD,Single,51238.0,665.0,19111.0,Auto,Self-employed,13,Excellent,0.47445876013828203,152123.0,3.0,Elizabethtown,NH,India,1.0,0,Medio,2
54,Non-binary,Master's,Widowed,43641.0,632.0,6730.0,Personal,Employed,1,Poor,0.5247954748254204,50428.0,3.0,Lake Diamond,AK,Libyan Arab Jamahiriya,1.0,1,Medio,2
38,Female,Master's,Widowed,43703.0,677.0,8450.0,Auto,Employed,1,Poor,0.38986828128202156,113838.0,3.0,Thomasville,KS,Pitcairn Islands,4.0,0,Alto,0
29,Non-binary,High School,Widowed,66123.0,723.0,10373.0,Auto,Unemployed,18,Fair,0.5120778592739317,248758.0,3.0,Denisemouth,NY,Kyrgyz Republic,3.0,0,Alto,0
65,Female,Master's,Widowed,20997.0,665.0,22673.0,Personal,Unemployed,10,Good,0.47267022085838384,44721.0,3.0,Kelleyside,PA,Switzerland,3.0,1,Alto,0
59,Male,Bachelor's,Divorced,34568.0,678.0,41269.0,Business,Self-employed,17,Excellent,0.42883667191166197,124965.0,2.0,Woodwardhaven,NH,Pitcairn Islands,3.0,2,Alto,0
47,Female,High School,Divorced,100913.0,687.0,9763.0,Auto,Employed,17,Poor,0.5416795330435322,249471.0,4.0,Jacobton,AK,Falkland Islands (Malvinas),4.0,0,Alto,0
59,Non-binary,Bachelor's,Divorced,88625.0,672.0,12525.0,Auto,Self-employed,17,Poor,0.32791600625975514,40638.0,2.0,Christinehaven,TX,Japan,1.0,2,Medio,2
36,Non-binary,PhD,Widowed,68503.0,788.0,14440.0,Personal,Employed,3,Fair,0.5258085477004162,41850.0,1.0,South Margaret,MA,Belgium,0.0,0,Bajo,1
33,Non-binary,PhD,Single,73214.0,736.0,19134.0,Auto,Unemployed,0,Poor,0.5987145321704375,43987.0,3.0,Carlosview,DE,France,0.0,0,Bajo,1
55,Male,Bachelor's,Married,48831.0,742.0,15122.0,Home,Self-employed,5,Fair,0.19281076470491446,64728.0,4.0,North Michelle,CO,Pakistan,0.0,1,Bajo,1
41,Non-binary,PhD,Widowed,23188.0,770.0,17398.0,Personal,Self-employed,4,Excellent,0.3066423818575754,66580.0,1.0,New William,MS,Bulgaria,4.0,0,Alto,0
58,Female,High School,Single,70513.0,739.0,8884.0,Home,Employed,19,Good,0.588492690573148,135525.0,2.0,Marshallborough,GA,Samoa,0.0,0,Bajo,1
24,Non-binary,PhD,Single,100739.0,616.0,49262.0,Personal,Self-employed,1,Fair,0.5400522721195801,225982.0,3.0,North Lindashire,NH,Hungary,2.0,0,Medio,2
26,Male,Bachelor's,Widowed,61025.0,627.0,42040.0,Auto,Unemployed,9,Poor,0.29144643714075813,237984.0,2.0,Tuckertown,WY,Madagascar,3.0,0,Alto,0
60,Female,Master's,Widowed,100214.0,616.0,32562.0,Business,Unemployed,2,Excellent,0.5810654882628473,241898.0,4.0,East Aaron,IN,Cook Islands,0.0,0,Medio,2
45,Non-binary,Bachelor's,Single,76624.0,640.0,10726.0,Home,Unemployed,3,Good,0.19715871181561231,211987.0,3.0,Port Katherinemouth,MO,Timor-Leste,2.0,0,Medio,2
58,Female,High School,Single,28039.0,741.0,19358.0,Auto,Employed,9,Fair,0.21745853997676887,56366.0,3.0,East Darrell,GU,Japan,2.0,0,Alto,0
40,Non-binary,Master's,Divorced,111851.0,784.0,30259.0,Home,Unemployed,14,Good,0.5255888171520858,108471.0,4.0,New Leah,TX,Qatar,2.0,0,Bajo,1
57,Male,Bachelor's,Single,87009.0,681.0,49597.0,Business,Employed,15,Excellent,0.11257750102992589,211049.0,1.0,Peterberg,CA,Montenegro,2.0,2,Bajo,1
38,Non-binary,PhD,Widowed,29862.0,682.0,6954.0,Business,Self-employed,8,Fair,0.10965124223693298,260188.0,1.0,Port Jamie,PA,Bhutan,2.0,0,Alto,0
27,Male,Master's,Widowed,81471.0,723.0,28161.0,Business,Employed,10,Poor,0.5293936162549848,160896.0,3.0,Manuelland,OH,Latvia,4.0,0,Alto,0
44,Female,High School,Widowed,45511.0,702.0,21707.0,Business,Self-employed,12,Excellent,0.4309286392592385,240435.0,4.0,Victoriachester,PW,Trinidad and Tobago,4.0,0,Alto,0
45,Male,Bachelor's,Divorced,107329.0,790.0,31555.0,Auto,Self-employed,1,Poor,0.17495083235108236,60683.0,4.0,East Tina,VT,Azerbaijan,0.0,2,Bajo,1
52,Male,Master's,Divorced,73968.0,760.0,43452.0,Auto,Unemployed,4,Good,0.4309955986460111,50216.0,3.0,New Danielfurt,TN,Montenegro,2.0,2,Bajo,1
61,Male,PhD,Divorced,74987.0,713.0,47276.0,Auto,Self-employed,12,Poor,0.2476651752701973,78748.0,4.0,South Jennifer,WY,Burkina Faso,1.0,0,Bajo,1
57,Male,High School,Married,38909.0,715.0,20068.0,Home,Self-employed,7,Excellent,0.5269676057180551,123268.0,1.0,Sanchezmouth,MP,Latvia,1.0,1,Alto,0
61,Non-binary,High School,Divorced,45460.0,608.0,22322.0,Business,Unemployed,15,Fair,0.5586198826727817,237972.0,0.0,East Michael,DC,Samoa,2.0,0,Medio,2
27,Female,Bachelor's,Married,34358.0,695.0,21511.0,Business,Employed,15,Poor,0.2690429100762205,226266.0,1.0,Ashleytown,AR,Zambia,0.0,0,Alto,0
47,Non-binary,Master's,Married,106506.0,687.0,32767.0,Business,Unemployed,2,Excellent,0.23034845426861453,200321.0,2.0,Chapmanborough,NC,Congo,3.0,2,Alto,0
53,Non-binary,PhD,Divorced,36772.0,740.0,49379.0,Personal,Unemployed,2,Excellent,0.5640133323050299,78113.0,2.0,Port Cathyhaven,NC,Hong Kong,1.0,0,Alto,0
66,Female,High School,Widowed,119432.0,782.0,26135.0,Auto,Self-employed,14,Good,0.24708817710278938,32827.0,3.0,East Jaimetown,PW,Reunion,1.0,1,Bajo,1
34,Male,PhD,Married,20163.0,759.0,20535.0,Home,Employed,12,Excellent,0.5254460380103759,194917.0,4.0,South Kimberly,WI,South Georgia and the South Sandwich Islands,4.0,2,Alto,0
43,Male,Master's,Divorced,48172.0,711.0,42111.0,Home,Self-employed,5,Excellent,0.5835727679929602,275114.0,2.0,Port Paul,VA,Mali,2.0,1,Bajo,1
40,Female,Master's,Married,37659.0,698.0,25543.0,Personal,Unemployed,4,Excellent,0.1545934844972028,166119.0,2.0,Jordanmouth,RI,Seychelles,1.0,1,Alto,0
40,Non-binary,Master's,Single,66553.0,667.0,30106.0,Personal,Unemployed,7,Good,0.5323984887493839,191970.0,1.0,Meganchester,MO,Lebanon,1.0,0,Medio,2
62,Male,High School,Married,60403.0,759.0,21830.0,Auto,Self-employed,10,Good,0.5867031460233347,122397.0,4.0,Griffithfort,CA,Uganda,0.0,1,Bajo,1
59,Non-binary,Bachelor's,Divorced,60068.0,725.0,41265.0,Home,Self-employed,4,Poor,0.41632199871079056,118498.0,0.0,West Robertberg,PW,Czech Republic,3.0,2,Alto,0
62,Male,High School,Widowed,99923.0,771.0,25806.0,Personal,Self-employed,13,Good,0.5245373865563387,200444.0,1.0,Lake Josephshire,LA,Faroe Islands,2.0,0,Bajo,1
31,Female,Master's,Divorced,79719.0,614.0,42846.0,Personal,Unemployed,6,Poor,0.17754167357888886,239273.0,0.0,New Nataliechester,KS,Lebanon,1.0,1,Medio,2
30,Non-binary,Master's,Single,72204.0,637.0,33836.0,Personal,Employed,6,Poor,0.35388637449385885,64871.0,0.0,East Kevinmouth,NJ,Nepal,1.0,2,Medio,2
26,Male,PhD,Widowed,67602.0,637.0,7293.0,Personal,Unemployed,15,Excellent,0.10591987491542978,130947.0,4.0,Karenfort,MP,Hong Kong,0.0,1,Medio,2
45,Non-binary,High School,Divorced,86033.0,672.0,8764.0,Business,Self-employed,9,Fair,0.4273614678521076,68779.0,3.0,Port Jacobhaven,MS,Cyprus,0.0,1,Medio,2
46,Male,Bachelor's,Divorced,59214.0,737.0,46842.0,Auto,Self-employed,17,Fair,0.478408624200246,113384.0,1.0,Lake Richardstad,NM,Mozambique,4.0,0,Alto,0
65,Non-binary,High School,Single,41747.0,673.0,10380.0,Personal,Self-employed,13,Excellent,0.24229695470426818,57051.0,1.0,South Tara,MA,Cook Islands,4.0,0,Alto,0
42,Non-binary,Bachelor's,Single,22407.0,776.0,36193.0,Business,Employed,14,Poor,0.5578207789245216,69258.0,3.0,East Dwaynemouth,UT,Botswana,4.0,0,Alto,0
34,Non-binary,Bachelor's,Divorced,97605.0,764.0,26810.0,Personal,Unemployed,1,Fair,0.49692386934552735,96676.0,4.0,Lake Robin,AR,Rwanda,4.0,0,Alto,0
31,Male,High School,Single,70337.0,693.0,19213.0,Auto,Self-employed,19,Good,0.10997723789481526,274572.0,4.0,New Alishafurt,KS,Romania,4.0,0,Alto,0
38,Male,PhD,Married,119405.0,778.0,8666.0,Personal,Employed,9,Excellent,0.41153096855776905,40622.0,3.0,New April,GU,Brazil,0.0,1,Bajo,1
22,Male,High School,Single,75713.0,744.0,25717.0,Personal,Self-employed,15,Good,0.5913989248335481,91416.0,0.0,Jarvisberg,MD,Bolivia,3.0,2,Alto,0
20,Male,Master's,Widowed,24388.0,660.0,10920.0,Business,Self-employed,5,Fair,0.3382572631364059,255218.0,0.0,East Roger,AR,Brazil,1.0,0,Alto,0
24,Male,High School,Single,82059.0,776.0,33223.0,Auto,Unemployed,7,Fair,0.187409276405998,167951.0,0.0,Rickyside,WI,Fiji,2.0,1,Bajo,1
65,Non-binary,Bachelor's,Widowed,98183.0,727.0,31726.0,Personal,Employed,13,Fair,0.16209778807367967,291548.0,3.0,South Robert,LA,China,0.0,1,Bajo,1
31,Non-binary,High School,Widowed,38946.0,751.0,11980.0,Business,Employed,3,Good,0.5303379296749356,49165.0,4.0,Annaberg,KS,United States Virgin Islands,3.0,1,Alto,0
60,Female,Master's,Single,63574.0,717.0,25487.0,Personal,Unemployed,17,Excellent,0.4199214317507316,264922.0,1.0,Port Pamela,NV,Thailand,1.0,1,Bajo,1
64,Non-binary,Bachelor's,Married,106057.0,750.0,23083.0,Auto,Employed,15,Excellent,0.4648230081579938,121181.0,4.0,South Jared,NV,Chile,2.0,1,Bajo,1
30,Male,Bachelor's,Divorced,29952.0,769.0,16899.0,Personal,Self-employed,13,Good,0.5636633116270303,213223.0,2.0,Hoodland,VT,Cuba,1.0,2,Alto,0
66,Non-binary,Master's,Divorced,118474.0,713.0,42997.0,Home,Employed,6,Excellent,0.25553369871740994,105535.0,3.0,South Jennifer,CO,Mayotte,0.0,0,Bajo,1
63,Female,Bachelor's,Widowed,45587.0,746.0,40156.0,Auto,Employed,3,Fair,0.4220277383823432,215419.0,2.0,Penningtonville,AS,Turkey,2.0,1,Bajo,1
35,Male,Master's,Widowed,102319.0,787.0,9616.0,Business,Self-employed,5,Excellent,0.266228879221332,217123.0,0.0,West Nancy,FL,United Kingdom,3.0,0,Alto,0
22,Non-binary,PhD,Widowed,119869.0,681.0,41088.0,Home,Unemployed,18,Excellent,0.5018079640044811,205866.0,4.0,New Jodiland,SD,American Samoa,2.0,1,Bajo,1
33,Male,Master's,Divorced,117753.0,788.0,5706.0,Home,Self-employed,1,Good,0.5053082405001529,160387.0,1.0,New Christopher,KS,Yemen,0.0,0,Bajo,1
24,Male,Master's,Widowed,94900.0,774.0,17207.0,Business,Employed,19,Good,0.14142354198206672,42756.0,3.0,East Anthonyside,DE,Poland,3.0,1,Alto,0
20,Female,Master's,Divorced,81518.0,742.0,16101.0,Home,Employed,14,Good,0.40669457189924774,268591.0,3.0,Fosterview,SD,Northern Mariana Islands,4.0,2,Alto,0
53,Non-binary,High School,Divorced,51423.0,648.0,23639.0,Auto,Unemployed,9,Fair,0.28931645447388443,235763.0,4.0,Zacharybury,AS,North Macedonia,4.0,0,Alto,0
54,Female,PhD,Divorced,117421.0,674.0,22789.0,Business,Self-employed,2,Fair,0.4979946300633191,124207.0,3.0,Ramirezville,MT,Togo,0.0,1,Medio,2
61,Female,High School,Married,115552.0,764.0,26595.0,Auto,Employed,12,Excellent,0.18406064529237606,225332.0,1.0,South Barbarachester,KS,Argentina,3.0,0,Alto,0
41,Female,Bachelor's,Divorced,49152.0,641.0,24391.0,Home,Unemployed,2,Good,0.5228977901532511,252528.0,1.0,Ryanhaven,AL,Zimbabwe,4.0,2,Alto,0
27,Non-binary,Master's,Divorced,62154.0,736.0,15709.0,Home,Self-employed,16,Fair,0.30446830078195,42642.0,2.0,Port Jennaland,NE,Taiwan,4.0,0,Alto,0
42,Non-binary,Bachelor's,Married,44911.0,751.0,36342.0,Home,Unemployed,12,Good,0.45030474116678065,272197.0,1.0,New Ryanville,MD,Tuvalu,4.0,0,Alto,0
43,Female,Master's,Widowed,88117.0,708.0,18118.0,Auto,Self-employed,19,Good,0.44461206574910017,191652.0,2.0,Jacksonfurt,RI,Moldova,1.0,0,Bajo,1
40,Non-binary,PhD,Divorced,55980.0,671.0,21351.0,Personal,Unemployed,8,Poor,0.5769899345101239,264267.0,1.0,New Kennethside,VA,Qatar,0.0,0,Medio,2
55,Female,High School,Single,97228.0,729.0,12695.0,Auto,Unemployed,0,Poor,0.40652634648905295,221897.0,0.0,Jonathanmouth,AS,Timor-Leste,4.0,2,Alto,0
69,Female,High School,Divorced,68544.0,756.0,16171.0,Business,Employed,5,Fair,0.2769007674623979,50064.0,3.0,Marymouth,SD,France,4.0,1,Alto,0
54,Non-binary,PhD,Married,108545.0,747.0,33062.0,Home,Unemployed,2,Good,0.4967453552720883,53026.0,3.0,Lake Lindsey,UT,Papua New Guinea,4.0,0,Alto,0
30,Female,High School,Divorced,32003.0,697.0,30190.0,Business,Self-employed,18,Poor,0.40158119566160144,192797.0,2.0,Robertview,WA,Latvia,4.0,0,Alto,0
25,Non-binary,PhD,Single,38317.0,659.0,27703.0,Home,Unemployed,7,Poor,0.1334084536110923,135419.0,0.0,Patriciamouth,TX,Bouvet Island (Bouvetoya),2.0,0,Alto,0
22,Non-binary,PhD,Single,42474.0,724.0,19111.0,Auto,Unemployed,4,Excellent,0.1735988174763959,56536.0,2.0,East Adrianastad,VT,Yemen,2.0,0,Bajo,1
33,Female,High School,Widowed,89432.0,708.0,5376.0,Business,Self-employed,2,Good,0.5839298557147814,281393.0,0.0,Sandraport,UT,Moldova,2.0,0,Bajo,1
21,Non-binary,PhD,Married,37645.0,742.0,41401.0,Personal,Employed,9,Fair,0.511369974413437,68960.0,3.0,West Brendaton,ID,Sao Tome and Principe,0.0,2,Alto,0
30,Non-binary,Bachelor's,Widowed,29012.0,650.0,33957.0,Home,Unemployed,11,Good,0.5371108675059677,213222.0,2.0,Donnaberg,PR,Oman,0.0,2,Alto,0
43,Female,Master's,Single,39266.0,743.0,45479.0,Auto,Self-employed,0,Poor,0.36067699981315227,117821.0,0.0,Laurahaven,OR,Poland,4.0,0,Alto,0
33,Male,Master's,Married,49865.0,781.0,11438.0,Personal,Self-employed,17,Fair,0.3857595473572689,34750.0,0.0,Jasonmouth,NJ,Guinea,0.0,1,Bajo,1
23,Non-binary,PhD,Divorced,47257.0,677.0,12034.0,Business,Self-employed,15,Poor,0.5890853651964854,202475.0,4.0,Alyssashire,PA,Malaysia,4.0,2,Alto,0
58,Non-binary,PhD,Widowed,83620.0,660.0,30823.0,Home,Employed,8,Good,0.4543584819551776,287338.0,0.0,South Paul,RI,Equatorial Guinea,2.0,2,Medio,2
27,Male,Bachelor's,Single,65061.0,780.0,32287.0,Home,Unemployed,19,Fair,0.3737695569098355,26293.0,4.0,Fishermouth,CT,Russian Federation,1.0,2,Bajo,1
20,Female,High School,Divorced,108388.0,726.0,37203.0,Auto,Unemployed,13,Excellent,0.34406220488874606,195802.0,4.0,East Megan,NM,Uzbekistan,0.0,2,Bajo,1
49,Male,Master's,Divorced,36876.0,770.0,9627.0,Business,Employed,9,Poor,0.4012733198401188,117397.0,1.0,West Valerie,GU,United Arab Emirates,0.0,0,Alto,0
39,Female,Master's,Married,99854.0,756.0,26655.0,Home,Unemployed,14,Poor,0.18547737281131468,78246.0,1.0,Hollymouth,AR,Puerto Rico,3.0,0,Alto,0
66,Non-binary,Master's,Single,44719.0,767.0,17057.0,Home,Unemployed,14,Good,0.520059125244402,270782.0,2.0,South Bryanside,MD,Guyana,2.0,2,Bajo,1
50,Female,Bachelor's,Divorced,78513.0,774.0,46355.0,Personal,Employed,4,Good,0.25227820792307687,273548.0,0.0,Jennifershire,VT,Mauritius,2.0,0,Bajo,1
57,Female,Bachelor's,Divorced,51811.0,611.0,31125.0,Business,Employed,14,Excellent,0.15533228975709198,136504.0,2.0,Stephenstad,IA,Cote d'Ivoire,3.0,0,Alto,0
35,Male,High School,Single,104583.0,610.0,38846.0,Auto,Unemployed,17,Excellent,0.13483528340661213,142488.0,4.0,Montesshire,CO,Bouvet Island (Bouvetoya),2.0,2,Medio,2
46,Male,PhD,Single,97450.0,790.0,48858.0,Business,Employed,8,Excellent,0.18832920183598043,285280.0,4.0,New Jillport,ME,Monaco,3.0,1,Alto,0
58,Non-binary,High School,Divorced,50608.0,767.0,29793.0,Auto,Unemployed,13,Good,0.5442113997583534,251972.0,4.0,Robertsfort,AZ,Libyan Arab Jamahiriya,1.0,1,Bajo,1
23,Non-binary,PhD,Widowed,46445.0,769.0,28700.0,Personal,Unemployed,12,Excellent,0.5395108953353279,162307.0,0.0,Aprilstad,MI,Honduras,4.0,2,Alto,0
50,Female,Bachelor's,Widowed,67972.0,738.0,22500.0,Business,Employed,16,Fair,0.3681115946061537,156964.0,3.0,New Perry,GU,Guinea-Bissau,3.0,2,Alto,0
30,Male,Bachelor's,Widowed,115347.0,741.0,39722.0,Auto,Unemployed,6,Good,0.28336751204260757,57062.0,2.0,Soniaport,AK,Papua New Guinea,4.0,0,Alto,0
23,Non-binary,High School,Single,36631.0,662.0,31448.0,Business,Self-employed,9,Excellent,0.10690858549518231,170014.0,2.0,Dianaview,AR,Wallis and Futuna,0.0,2,Alto,0
26,Non-binary,Master's,Single,88555.0,775.0,9826.0,Home,Unemployed,15,Good,0.18395253581481683,108047.0,0.0,Lake Jerry,FM,Costa Rica,2.0,1,Bajo,1
34,Female,Master's,Married,29593.0,754.0,5085.0,Home,Unemployed,3,Excellent,0.48259739103529,291261.0,3.0,East Andreashire,MO,Wallis and Futuna,1.0,1,Alto,0
61,Female,PhD,Divorced,87323.0,754.0,47284.0,Personal,Unemployed,2,Fair,0.5906887538502841,153345.0,3.0,West Susan,NH,India,1.0,2,Bajo,1
35,Female,High School,Divorced,85615.0,704.0,35624.0,Business,Unemployed,11,Good,0.23393772555790107,112215.0,1.0,Port Ashleyberg,WY,Romania,1.0,0,Bajo,1
49,Female,Master's,Married,75342.0,796.0,24894.0,Auto,Self-employed,12,Good,0.28942881634769835,205606.0,1.0,South Brittneybury,VA,Canada,0.0,2,Bajo,1
43,Male,High School,Divorced,34012.0,603.0,32468.0,Personal,Employed,11,Excellent,0.5500735962513451,33804.0,1.0,West Tammy,PR,Chile,2.0,1,Alto,0
19,Male,High School,Married,112917.0,645.0,15687.0,Auto,Unemployed,1,Poor,0.11637608826617898,102844.0,1.0,Foxton,WA,Botswana,0.0,0,Medio,2
46,Female,High School,Married,80941.0,630.0,46577.0,Auto,Employed,11,Poor,0.293963374197007,68694.0,0.0,Gibsonbury,OR,Slovakia (Slovak Republic),1.0,0,Medio,2
44,Female,Bachelor's,Widowed,77391.0,772.0,49111.0,Personal,Unemployed,2,Fair,0.32717504420406085,191538.0,4.0,Roseshire,MD,Chile,2.0,0,Bajo,1
52,Female,Master's,Widowed,97354.0,767.0,27971.0,Business,Self-employed,9,Good,0.4036234081083182,102773.0,0.0,Wilsontown,ID,Grenada,3.0,1,Alto,0
33,Non-binary,High School,Married,108636.0,787.0,36905.0,Home,Self-employed,19,Good,0.29962249630370485,78540.0,0.0,Meyerton,FL,Congo,3.0,1,Alto,0
30,Female,Bachelor's,Widowed,71464.0,695.0,44618.0,Home,Employed,15,Poor,0.5132739034470997,111807.0,4.0,Curryton,PR,Brazil,3.0,2,Alto,0
20,Male,Master's,Single,82546.0,661.0,38720.0,Auto,Self-employed,12,Fair,0.5144614201283834,273390.0,1.0,North Jessicaton,ID,Bhutan,3.0,2,Alto,0
49,Female,High School,Widowed,59931.0,682.0,27398.0,Business,Employed,16,Poor,0.29583004617945363,143003.0,0.0,North Joshua,RI,Saint Lucia,3.0,1,Alto,0
56,Non-binary,Master's,Single,39623.0,656.0,12397.0,Business,Employed,13,Excellent,0.46240589929748854,77154.0,2.0,Williamborough,KS,Micronesia,1.0,2,Alto,0
57,Male,Bachelor's,Single,102633.0,695.0,39459.0,Business,Employed,11,Excellent,0.2529810746551645,73857.0,2.0,Jeffreymouth,AK,Malaysia,2.0,0,Bajo,1
22,Non-binary,Master's,Married,113366.0,744.0,31220.0,Business,Self-employed,1,Poor,0.5654827535617643,233376.0,1.0,Brownbury,WI,Djibouti,2.0,2,Bajo,1
48,Male,Master's,Married,107180.0,689.0,29822.0,Business,Self-employed,15,Good,0.19665929719767797,23808.0,0.0,South Andrewberg,SD,Puerto Rico,2.0,2,Bajo,1
39,Non-binary,Master's,Widowed,40654.0,704.0,32846.0,Business,Self-employed,11,Fair,0.14371626120710526,57536.0,0.0,Liview,PA,United States Minor Outlying Islands,2.0,2,Bajo,1
27,Non-binary,PhD,Widowed,112944.0,754.0,23134.0,Business,Self-employed,3,Fair,0.21862784170666452,262415.0,0.0,Schneiderside,CO,Spain,0.0,2,Bajo,1
40,Non-binary,Master's,Widowed,78945.0,681.0,46566.0,Business,Self-employed,2,Fair,0.5053214971617158,142655.0,2.0,Port Michelle,MI,Chile,4.0,1,Alto,0
46,Female,High School,Divorced,79577.0,687.0,31009.0,Home,Self-employed,3,Fair,0.12357717666705467,138916.0,3.0,Floresland,KS,Maldives,2.0,0,Bajo,1
34,Male,PhD,Married,36087.0,656.0,29525.0,Auto,Self-employed,4,Excellent,0.4236005560499141,140677.0,2.0,Lake Jasonshire,TX,Netherlands Antilles,1.0,1,Alto,0
23,Male,Bachelor's,Married,37565.0,776.0,14096.0,Home,Employed,18,Excellent,0.44396004490563257,234100.0,2.0,Lake Sergio,NH,Zambia,1.0,1,Alto,0
38,Male,High School,Married,117229.0,684.0,10773.0,Home,Self-employed,2,Excellent,0.405929477507347,134939.0,4.0,New Michaeltown,NC,Philippines,4.0,1,Alto,0
24,Male,Bachelor's,Married,41891.0,605.0,27170.0,Auto,Unemployed,2,Poor,0.1864041172428008,207862.0,3.0,Weberfurt,ME,Greece,3.0,2,Alto,0
59,Non-binary,Bachelor's,Single,117367.0,686.0,41142.0,Personal,Employed,10,Good,0.5932635852504013,183278.0,1.0,West Cristina,CT,Guinea-Bissau,1.0,2,Bajo,1
52,Male,PhD,Widowed,82288.0,749.0,44630.0,Home,Unemployed,8,Poor,0.41128419052763976,187450.0,0.0,Jessicachester,OR,United States of America,3.0,0,Alto,0
51,Female,High School,Widowed,31123.0,700.0,28815.0,Auto,Employed,18,Fair,0.3002026536899417,297720.0,1.0,New Garrettport,SC,Sudan,1.0,0,Alto,0
56,Female,PhD,Married,39622.0,603.0,30534.0,Business,Self-employed,3,Excellent,0.2427192699156718,22884.0,1.0,East Shannon,CO,Trinidad and Tobago,4.0,0,Alto,0
36,Male,PhD,Divorced,21333.0,671.0,47760.0,Home,Employed,16,Excellent,0.14651602709080272,30875.0,4.0,Thompsonland,NE,Chad,1.0,1,Alto,0
41,Non-binary,PhD,Single,30652.0,759.0,32984.0,Home,Self-employed,5,Poor,0.5350311759759064,199700.0,1.0,Michaeltown,PA,Cayman Islands,0.0,2,Alto,0
42,Non-binary,Bachelor's,Married,113052.0,628.0,30379.0,Auto,Employed,5,Fair,0.579105940668211,145696.0,4.0,Lake Cameron,NM,Andorra,0.0,0,Medio,2
26,Male,Bachelor's,Married,61581.0,650.0,43358.0,Business,Self-employed,6,Good,0.17965500227492662,228354.0,4.0,Millershire,CO,Djibouti,3.0,1,Alto,0
43,Male,Master's,Single,107754.0,705.0,13634.0,Business,Employed,16,Excellent,0.15360599285447293,204841.0,1.0,West Desiree,DE,Cambodia,4.0,1,Alto,0
34,Non-binary,Bachelor's,Divorced,25539.0,683.0,46281.0,Personal,Self-employed,13,Fair,0.3827499704278474,211112.0,2.0,East Jessica,AS,Ukraine,2.0,0,Alto,0
59,Male,High School,Widowed,67201.0,678.0,34090.0,Home,Unemployed,18,Excellent,0.4826189826083398,125411.0,0.0,Matthewhaven,AR,Mayotte,1.0,1,Medio,2
26,Non-binary,Master's,Divorced,65819.0,720.0,25876.0,Auto,Self-employed,15,Poor,0.38809416353008885,205501.0,1.0,Victorialand,UT,Serbia,4.0,2,Alto,0
29,Female,PhD,Single,37177.0,724.0,48039.0,Auto,Unemployed,0,Poor,0.5086033270253645,136854.0,2.0,North Brentland,MN,Tuvalu,2.0,1,Alto,0
54,Non-binary,Bachelor's,Single,67284.0,664.0,47599.0,Auto,Self-employed,5,Excellent,0.45835774618548353,107155.0,1.0,Charlesshire,HI,Thailand,2.0,1,Medio,2
32,Non-binary,PhD,Single,40128.0,623.0,34269.0,Business,Employed,10,Poor,0.2516924849755613,200544.0,2.0,Christopherside,CO,Philippines,2.0,0,Medio,2
59,Male,PhD,Divorced,116226.0,728.0,31265.0,Home,Employed,10,Excellent,0.24276318702403307,124413.0,2.0,Ronaldtown,KS,Jamaica,0.0,0,Bajo,1
34,Non-binary,High School,Widowed,103611.0,752.0,43954.0,Auto,Self-employed,6,Excellent,0.27052739309260276,28789.0,1.0,Russochester,PA,Zambia,1.0,0,Bajo,1
45,Female,Master's,Married,79469.0,761.0,8483.0,Auto,Employed,1,Poor,0.4203440140185134,132262.0,4.0,Tracymouth,NY,Comoros,0.0,1,Bajo,1
69,Male,High School,Widowed,51145.0,770.0,35271.0,Auto,Self-employed,1,Excellent,0.4623130760789863,82812.0,3.0,Padillatown,WI,Pitcairn Islands,3.0,2,Alto,0
35,Female,High School,Divorced,21933.0,783.0,48612.0,Home,Unemployed,16,Fair,0.3514518739559973,247804.0,0.0,Aliceland,TX,Angola,3.0,0,Alto,0
27,Non-binary,Master's,Single,117289.0,711.0,41767.0,Business,Self-employed,2,Good,0.4920850045280599,135552.0,2.0,East Laura,AR,Seychelles,1.0,2,Bajo,1
36,Male,PhD,Widowed,103938.0,634.0,13868.0,Personal,Employed,11,Excellent,0.38346476003046415,107125.0,3.0,Lake Melaniebury,MP,Syrian Arab Republic,2.0,1,Medio,2
56,Male,Master's,Widowed,98993.0,769.0,37224.0,Personal,Self-employed,18,Excellent,0.5399874405068465,220919.0,3.0,Robertsshire,IA,France,2.0,1,Bajo,1
20,Female,PhD,Married,75090.0,743.0,39594.0,Personal,Unemployed,8,Fair,0.4947758232957403,220551.0,3.0,Smithshire,CO,Portugal,1.0,1,Bajo,1
31,Female,Bachelor's,Divorced,104861.0,644.0,36212.0,Business,Unemployed,3,Excellent,0.4254338601607235,75486.0,1.0,Carrollside,MD,Saint Kitts and Nevis,1.0,2,Medio,2
68,Non-binary,High School,Married,48274.0,683.0,12207.0,Personal,Unemployed,7,Poor,0.5267988974447487,54954.0,2.0,Cameronmouth,MD,Guinea,2.0,0,Bajo,1
62,Female,PhD,Divorced,22203.0,621.0,29524.0,Business,Self-employed,17,Good,0.5279216319784661,119595.0,4.0,Watsonbury,MO,British Indian Ocean Territory (Chagos Archipelago),0.0,2,Alto,0
64,Non-binary,PhD,Divorced,38595.0,636.0,20952.0,Home,Unemployed,5,Poor,0.16780777113459447,45777.0,0.0,Johnsonchester,NJ,Saint Vincent and the Grenadines,4.0,1,Alto,0
65,Non-binary,Bachelor's,Single,119133.0,688.0,43284.0,Auto,Self-employed,13,Fair,0.3323151809060706,115208.0,3.0,Lake Jasonmouth,MI,British Virgin Islands,0.0,2,Bajo,1
32,Male,Master's,Married,113531.0,764.0,10304.0,Personal,Employed,14,Excellent,0.27097321341455194,252051.0,2.0,Fishershire,FM,Saint Barthelemy,2.0,2,Bajo,1
30,Female,High School,Divorced,55592.0,719.0,31881.0,Auto,Unemployed,7,Good,0.4434810431349824,295341.0,3.0,Ryanchester,ME,United States Minor Outlying Islands,0.0,1,Bajo,1
21,Female,Bachelor's,Widowed,61252.0,717.0,23674.0,Personal,Employed,1,Fair,0.5911927426523164,25192.0,2.0,South Jonathanshire,KY,Ireland,4.0,0,Alto,0
58,Male,High School,Divorced,117480.0,792.0,24244.0,Home,Self-employed,10,Excellent,0.36592338812804037,249776.0,0.0,Aaronhaven,WA,Slovenia,4.0,1,Alto,0
43,Non-binary,High School,Divorced,85510.0,792.0,49946.0,Personal,Self-employed,2,Excellent,0.5601574417718016,116108.0,3.0,Carlaland,TN,Bosnia and Herzegovina,0.0,2,Bajo,1
61,Female,PhD,Widowed,30114.0,689.0,40896.0,Business,Self-employed,9,Poor,0.2194205877902329,281284.0,4.0,Salazarbury,AK,Netherlands,1.0,1,Alto,0
27,Non-binary,High School,Married,78792.0,706.0,48705.0,Personal,Unemployed,13,Fair,0.4932905232084078,236350.0,3.0,Lindsayview,NV,Italy,1.0,0,Bajo,1
34,Non-binary,PhD,Divorced,43057.0,793.0,33294.0,Auto,Employed,6,Poor,0.1612868928931339,85420.0,3.0,Nicholasside,PA,Martinique,1.0,2,Bajo,1
61,Male,Master's,Single,99570.0,772.0,23939.0,Auto,Employed,10,Fair,0.1798517043672778,123721.0,2.0,Fergusonburgh,MI,Botswana,0.0,0,Bajo,1
33,Female,Bachelor's,Widowed,41730.0,730.0,29109.0,Personal,Employed,18,Poor,0.24016710567020946,48902.0,1.0,New Cheyenne,PW,Albania,0.0,0,Bajo,1
39,Female,Bachelor's,Single,83576.0,648.0,26462.0,Personal,Employed,4,Excellent,0.10163396888103857,257065.0,0.0,Jonathanberg,IL,Poland,0.0,0,Medio,2
52,Non-binary,Bachelor's,Single,112469.0,606.0,5824.0,Personal,Unemployed,14,Excellent,0.5556071570011133,254011.0,0.0,Wagnerberg,AL,Barbados,1.0,1,Medio,2
54,Non-binary,Master's,Widowed,101393.0,636.0,36262.0,Home,Employed,5,Fair,0.15556089871603776,60626.0,4.0,Stevensport,IN,Guyana,4.0,0,Alto,0
20,Female,High School,Single,58549.0,659.0,23038.0,Personal,Employed,4,Good,0.40419826769666733,72896.0,0.0,Alejandroborough,MA,Turks and Caicos Islands,2.0,1,Medio,2
67,Non-binary,High School,Widowed,88008.0,797.0,35115.0,Auto,Employed,17,Fair,0.1353593256562777,148992.0,0.0,Floresland,OK,Sri Lanka,3.0,0,Alto,0
41,Male,Bachelor's,Widowed,96368.0,619.0,39673.0,Business,Self-employed,5,Excellent,0.45892330708640416,63745.0,3.0,Port Johntown,MO,Korea,3.0,2,Alto,0
30,Male,High School,Divorced,77013.0,661.0,24752.0,Personal,Unemployed,6,Poor,0.4435213520758323,79844.0,0.0,Stevensshire,OR,Belize,3.0,1,Alto,0
24,Non-binary,PhD,Widowed,85063.0,730.0,48623.0,Home,Unemployed,13,Excellent,0.1516543348486725,26725.0,2.0,Robertborough,CT,Falkland Islands (Malvinas),1.0,0,Bajo,1
60,Female,PhD,Married,65489.0,755.0,29809.0,Business,Unemployed,14,Poor,0.33350715492880445,55438.0,2.0,East Krystalbury,SC,Uruguay,1.0,2,Bajo,1
32,Non-binary,Bachelor's,Single,49715.0,767.0,23203.0,Auto,Self-employed,7,Excellent,0.20317097205232468,74569.0,1.0,Port Joseph,VA,Moldova,4.0,1,Alto,0
29,Female,Master's,Married,69979.0,767.0,45200.0,Auto,Self-employed,17,Poor,0.5722557973765586,113448.0,2.0,New Debramouth,DC,Israel,3.0,1,Alto,0
55,Female,Master's,Married,63888.0,753.0,12374.0,Home,Unemployed,1,Excellent,0.3103738511806039,88471.0,4.0,Petersonland,ME,South Africa,2.0,1,Bajo,1
51,Female,Master's,Divorced,50215.0,741.0,18918.0,Personal,Employed,0,Fair,0.49629281213602383,245112.0,0.0,New Crystal,SC,Gibraltar,4.0,0,Alto,0
45,Female,High School,Divorced,38220.0,692.0,34712.0,Business,Unemployed,16,Good,0.4422662801086312,93138.0,3.0,Thompsonfort,SC,French Polynesia,1.0,2,Alto,0
42,Female,Master's,Single,21225.0,621.0,49695.0,Home,Employed,4,Fair,0.1263568633617463,292530.0,0.0,Cookstad,OH,Taiwan,4.0,0,Alto,0
58,Male,PhD,Single,87713.0,636.0,13066.0,Business,Employed,16,Fair,0.5836235912828385,176528.0,4.0,East Fredhaven,VI,Liberia,4.0,0,Alto,0
34,Male,Master's,Divorced,69506.0,609.0,12148.0,Home,Employed,12,Fair,0.26261434333016076,45984.0,4.0,South Connieshire,MA,Ireland,4.0,2,Alto,0
47,Non-binary,Bachelor's,Widowed,99787.0,748.0,12854.0,Home,Self-employed,16,Good,0.13147119199677723,155756.0,3.0,Lake Claudia,NY,Paraguay,4.0,2,Alto,0
28,Female,Bachelor's,Single,112689.0,629.0,46164.0,Business,Self-employed,9,Fair,0.3704959690768401,284534.0,1.0,Laurenburgh,OR,Swaziland,0.0,1,Medio,2
49,Male,Master's,Married,119341.0,658.0,24131.0,Auto,Unemployed,17,Fair,0.10641421543581417,200399.0,4.0,East Brett,FM,Taiwan,3.0,1,Alto,0
30,Non-binary,Bachelor's,Single,77357.0,663.0,27297.0,Auto,Employed,18,Poor,0.4419797569840095,173460.0,0.0,Lake Paul,TX,Belize,3.0,0,Alto,0
27,Non-binary,Master's,Widowed,73516.0,673.0,21969.0,Business,Employed,6,Fair,0.34010044699625064,122271.0,4.0,Wilsonstad,SD,Guyana,2.0,2,Medio,2
55,Female,PhD,Widowed,83103.0,780.0,24311.0,Personal,Employed,9,Poor,0.5918290261813536,122300.0,4.0,Leeton,MT,United Arab Emirates,2.0,1,Bajo,1
69,Female,High School,Widowed,78491.0,712.0,25735.0,Business,Self-employed,19,Fair,0.32090490415870443,161845.0,2.0,Brianaton,LA,Dominican Republic,1.0,0,Bajo,1
30,Non-binary,PhD,Married,89647.0,769.0,18845.0,Personal,Self-employed,14,Good,0.3627137455262758,212788.0,4.0,Hartmanshire,NH,Solomon Islands,3.0,2,Alto,0
46,Female,PhD,Married,24125.0,653.0,33618.0,Home,Unemployed,11,Good,0.4055224785892384,161008.0,0.0,North Aliciahaven,WY,Hungary,4.0,1,Alto,0
46,Male,PhD,Widowed,108754.0,751.0,10490.0,Personal,Employed,14,Good,0.16424446835059822,260896.0,3.0,New Joelshire,IN,Saint Lucia,0.0,1,Bajo,1
46,Non-binary,High School,Widowed,84108.0,625.0,31889.0,Personal,Employed,16,Good,0.5925527908569742,155090.0,3.0,Smithfort,NE,Italy,0.0,2,Medio,2
23,Male,High School,Married,111049.0,753.0,19647.0,Business,Unemployed,10,Excellent,0.493237077855494,248678.0,1.0,New David,NC,Hong Kong,1.0,0,Bajo,1
37,Female,Bachelor's,Widowed,78824.0,628.0,24617.0,Home,Unemployed,15,Good,0.14859811106956097,80489.0,3.0,Jamesbury,OR,Congo,4.0,2,Alto,0
50,Female,Bachelor's,Divorced,39369.0,681.0,5257.0,Business,Self-employed,7,Good,0.18657795694815374,134987.0,3.0,East Austin,MN,Georgia,0.0,2,Alto,0
28,Female,Master's,Single,30760.0,763.0,25891.0,Business,Unemployed,8,Excellent,0.11421947062087193,199632.0,1.0,South Jasonchester,MP,Tokelau,4.0,0,Alto,0
36,Male,PhD,Single,104971.0,682.0,15364.0,Business,Self-employed,5,Excellent,0.4366114216814987,76987.0,4.0,West Kevin,LA,Trinidad and Tobago,1.0,0,Bajo,1
63,Male,Bachelor's,Married,56434.0,609.0,47010.0,Home,Employed,4,Poor,0.41515934411182054,197500.0,4.0,Wendymouth,MP,Malta,0.0,1,Medio,2
35,Female,Bachelor's,Divorced,65302.0,613.0,38293.0,Home,Unemployed,8,Good,0.11886294401127837,112225.0,4.0,Lake Carlos,NM,Antigua and Barbuda,4.0,1,Alto,0
62,Male,Master's,Widowed,60134.0,737.0,6724.0,Business,Unemployed,8,Excellent,0.278329152792714,144534.0,1.0,New Carrie,NH,Myanmar,3.0,2,Alto,0
50,Non-binary,Bachelor's,Married,28070.0,610.0,18239.0,Personal,Self-employed,18,Fair,0.34948264385237615,256441.0,4.0,South Johnville,MT,Saint Vincent and the Grenadines,2.0,0,Alto,0
52,Male,PhD,Divorced,111250.0,672.0,44508.0,Business,Unemployed,5,Fair,0.49020310653759647,251302.0,4.0,Timothyfurt,WY,Guinea,4.0,1,Alto,0
41,Female,High School,Married,33372.0,651.0,10352.0,Personal,Unemployed,12,Poor,0.5505014758619741,168999.0,4.0,Theresaburgh,TX,Haiti,0.0,1,Alto,0
35,Female,Master's,Single,22821.0,739.0,48027.0,Personal,Unemployed,7,Good,0.32363542188153305,40999.0,2.0,New Davidhaven,NE,Chile,1.0,1,Alto,0
47,Female,High School,Single,35213.0,753.0,14942.0,Auto,Employed,0,Poor,0.5943387424628295,286737.0,0.0,Emilyberg,IN,Uganda,2.0,1,Alto,0
68,Male,High School,Widowed,41529.0,671.0,45327.0,Business,Self-employed,16,Excellent,0.2270103336918989,163080.0,4.0,Port Jerry,PW,Ethiopia,4.0,1,Alto,0
49,Male,PhD,Widowed,25681.0,763.0,44043.0,Home,Unemployed,16,Excellent,0.36225424097731973,248369.0,2.0,Melanieville,ME,Niger,0.0,1,Alto,0
48,Male,PhD,Widowed,92706.0,636.0,15734.0,Home,Self-employed,11,Poor,0.48081139660834926,86705.0,1.0,Hectorfort,CO,Swaziland,3.0,1,Alto,0
39,Female,PhD,Widowed,34426.0,649.0,26515.0,Home,Employed,4,Good,0.5874216373820638,275225.0,4.0,Harrisonfurt,VI,Germany,0.0,2,Alto,0
31,Male,High School,Divorced,32155.0,649.0,26634.0,Personal,Self-employed,7,Excellent,0.21178770303545816,106263.0,0.0,Kellyland,WI,Palestinian Territory,4.0,1,Alto,0
42,Female,Master's,Widowed,92805.0,670.0,13333.0,Home,Self-employed,14,Good,0.5743016965571157,45951.0,0.0,Oliviachester,HI,Belarus,3.0,2,Alto,0
23,Non-binary,Master's,Widowed,65643.0,600.0,26014.0,Home,Self-employed,13,Fair,0.37629598499250094,221986.0,2.0,Lake Jessicaside,OR,Venezuela,2.0,2,Medio,2
25,Non-binary,PhD,Widowed,35161.0,770.0,36785.0,Business,Self-employed,11,Poor,0.5324136838048442,167025.0,2.0,Tabithaborough,CA,Indonesia,4.0,1,Alto,0
69,Male,High School,Single,50134.0,747.0,43468.0,Auto,Employed,14,Fair,0.40243706466565765,81124.0,4.0,Williamsmouth,MD,Yemen,1.0,0,Bajo,1
29,Female,High School,Married,48390.0,683.0,23018.0,Business,Unemployed,12,Fair,0.45288045006488387,192224.0,1.0,West Jose,IN,Maldives,0.0,1,Bajo,1
30,Non-binary,High School,Single,44256.0,768.0,11882.0,Personal,Self-employed,4,Excellent,0.11329866604365005,33094.0,3.0,New Krystalstad,PA,Venezuela,2.0,2,Bajo,1
69,Female,High School,Married,95017.0,711.0,21270.0,Home,Self-employed,13,Excellent,0.4074061944199906,244404.0,1.0,Lake Vickie,WV,Botswana,0.0,1,Bajo,1
29,Female,High School,Single,57548.0,690.0,22624.0,Auto,Unemployed,9,Good,0.3036945020508105,96901.0,2.0,Lake Daniel,FL,Guinea,4.0,0,Alto,0
20,Female,Bachelor's,Divorced,90831.0,619.0,41021.0,Auto,Self-employed,17,Excellent,0.33614916743467826,186589.0,4.0,Goodwinbury,GU,Northern Mariana Islands,1.0,0,Medio,2
20,Female,PhD,Widowed,81321.0,635.0,20942.0,Business,Self-employed,7,Fair,0.32227321137526943,227953.0,1.0,Lake Anita,AZ,Sudan,3.0,0,Alto,0
66,Male,High School,Widowed,114302.0,666.0,32502.0,Auto,Unemployed,7,Fair,0.3546102808350333,180162.0,2.0,Alanfort,CO,Solomon Islands,3.0,2,Alto,0
46,Male,Bachelor's,Single,104511.0,642.0,18562.0,Business,Employed,7,Fair,0.3806482264396359,234977.0,4.0,Pattonfort,MH,Tonga,1.0,2,Medio,2
34,Non-binary,Bachelor's,Single,65310.0,701.0,5061.0,Personal,Employed,17,Good,0.3951191442587495,43258.0,2.0,Brucebury,TX,American Samoa,3.0,0,Alto,0
68,Male,Master's,Married,64470.0,674.0,5138.0,Personal,Self-employed,13,Good,0.29120302628768824,236143.0,1.0,New Miguel,VI,South Africa,4.0,0,Alto,0
21,Male,Master's,Divorced,105865.0,784.0,38726.0,Home,Unemployed,12,Poor,0.3131579706377048,212944.0,4.0,Port Jonathan,RI,Finland,3.0,1,Alto,0
50,Female,PhD,Divorced,48410.0,667.0,25513.0,Auto,Unemployed,11,Poor,0.23452644404623477,129264.0,4.0,Amandaton,RI,Somalia,2.0,2,Medio,2
37,Non-binary,High School,Divorced,51051.0,675.0,8334.0,Home,Employed,17,Fair,0.4089153093308354,227005.0,3.0,Christopherview,KS,Falkland Islands (Malvinas),3.0,2,Alto,0
50,Male,Bachelor's,Married,111404.0,707.0,48093.0,Home,Self-employed,12,Excellent,0.5852219834111149,239315.0,0.0,Port Nathan,IN,Dominica,2.0,2,Bajo,1
24,Female,High School,Divorced,89690.0,705.0,28065.0,Auto,Employed,18,Excellent,0.2600091574859624,204416.0,4.0,West Christina,KS,Papua New Guinea,3.0,0,Alto,0
65,Male,PhD,Widowed,78989.0,646.0,12772.0,Auto,Unemployed,19,Excellent,0.2986892748196459,118200.0,2.0,Campbellbury,VA,Swaziland,1.0,2,Medio,2
28,Male,PhD,Married,70420.0,620.0,9960.0,Personal,Unemployed,7,Poor,0.2801606202589286,122188.0,1.0,Weberburgh,SC,Mauritius,0.0,0,Medio,2
22,Female,PhD,Married,68709.0,744.0,30632.0,Auto,Self-employed,5,Good,0.1920242310087907,259405.0,2.0,Lake Heather,CA,French Southern Territories,0.0,0,Bajo,1
40,Male,High School,Single,113018.0,694.0,22528.0,Auto,Self-employed,2,Excellent,0.1387732019545833,105155.0,4.0,Danielburgh,MI,Monaco,1.0,2,Bajo,1
47,Male,Master's,Divorced,112643.0,632.0,49077.0,Auto,Unemployed,18,Poor,0.13444868025529352,52666.0,3.0,Port Terriville,WI,Falkland Islands (Malvinas),3.0,2,Alto,0
21,Male,Bachelor's,Married,63968.0,720.0,14299.0,Personal,Unemployed,18,Poor,0.47542960672698553,164833.0,4.0,West Andreaview,TX,Kyrgyz Republic,2.0,1,Bajo,1
44,Male,PhD,Widowed,21979.0,704.0,32161.0,Auto,Unemployed,4,Poor,0.5220519042298339,267225.0,3.0,Lindabury,SC,Venezuela,0.0,0,Alto,0
61,Female,Bachelor's,Married,51232.0,757.0,28361.0,Auto,Self-employed,15,Good,0.15255850520277217,98999.0,0.0,Jeffreyville,WY,Estonia,4.0,2,Alto,0
39,Non-binary,Master's,Divorced,50480.0,688.0,39797.0,Personal,Self-employed,8,Excellent,0.46729707123303965,216161.0,0.0,Dorseyville,UT,Burundi,0.0,1,Bajo,1
25,Female,PhD,Widowed,24334.0,760.0,21202.0,Home,Unemployed,13,Good,0.2171173002462983,66813.0,3.0,Jessicaland,PA,Romania,2.0,2,Alto,0
67,Female,PhD,Married,60797.0,697.0,17248.0,Auto,Unemployed,18,Good,0.1422439621553004,66499.0,2.0,Claytonfort,MD,Dominica,0.0,2,Bajo,1
30,Non-binary,Master's,Single,74515.0,711.0,23961.0,Business,Employed,12,Fair,0.5608034966653905,193579.0,0.0,Rachelside,IN,Burkina Faso,2.0,1,Bajo,1
58,Non-binary,High School,Divorced,87807.0,693.0,8591.0,Auto,Employed,0,Poor,0.24045179995475155,257746.0,3.0,Jaymouth,NV,Poland,0.0,0,Bajo,1
20,Non-binary,High School,Single,82327.0,646.0,45828.0,Business,Self-employed,15,Fair,0.3997657554402255,272732.0,4.0,North Donaldfurt,IA,South Africa,1.0,2,Medio,2
53,Female,Bachelor's,Divorced,117119.0,639.0,11917.0,Auto,Self-employed,17,Fair,0.2640049374512432,204968.0,3.0,Port Charles,AS,Lebanon,3.0,1,Alto,0
67,Female,PhD,Divorced,113479.0,785.0,13307.0,Auto,Self-employed,6,Good,0.11821693653370527,26473.0,2.0,South Mckenzie,MA,Kuwait,2.0,2,Bajo,1
46,Non-binary,High School,Single,84990.0,779.0,31365.0,Personal,Employed,8,Poor,0.11580023366996442,148430.0,2.0,Turnerport,OH,Cameroon,3.0,1,Alto,0
54,Female,High School,Divorced,83123.0,685.0,30981.0,Home,Employed,10,Excellent,0.32944845119149846,241771.0,3.0,Lake Michael,WY,Dominican Republic,0.0,2,Bajo,1
46,Female,Bachelor's,Widowed,118075.0,642.0,10846.0,Personal,Self-employed,7,Poor,0.28530798645519306,22056.0,0.0,Jamesville,IA,Kiribati,1.0,1,Medio,2
48,Non-binary,High School,Widowed,104291.0,797.0,23975.0,Personal,Employed,9,Excellent,0.47779426106928713,268551.0,1.0,East Danielshire,WA,Qatar,2.0,1,Bajo,1
19,Male,High School,Widowed,99382.0,785.0,27368.0,Home,Unemployed,18,Poor,0.268851720849436,280798.0,4.0,South Erica,ME,Albania,2.0,1,Bajo,1
65,Non-binary,Master's,Married,92439.0,731.0,38186.0,Auto,Unemployed,2,Poor,0.44353405863239537,22774.0,4.0,Perryburgh,LA,Samoa,2.0,2,Bajo,1
56,Female,Master's,Single,93916.0,761.0,21257.0,Home,Employed,8,Poor,0.5068830786669631,202114.0,4.0,Forbesville,MH,Greenland,1.0,2,Bajo,1
68,Non-binary,Master's,Divorced,109017.0,793.0,13806.0,Home,Unemployed,4,Excellent,0.5572947424610202,131879.0,2.0,New Christian,ME,Saint Kitts and Nevis,3.0,2,Alto,0
56,Female,PhD,Single,88582.0,690.0,17146.0,Home,Employed,16,Good,0.3059688533608881,53996.0,2.0,New Darryltown,WY,Paraguay,2.0,2,Bajo,1
66,Male,Master's,Single,29290.0,735.0,47903.0,Auto,Self-employed,7,Poor,0.43149559856947406,288207.0,2.0,Jacobshire,PW,Gabon,1.0,0,Alto,0
37,Male,High School,Single,89072.0,773.0,7923.0,Home,Unemployed,6,Poor,0.3745313609163299,72653.0,1.0,Edwardbury,NE,Singapore,1.0,1,Bajo,1
39,Female,Master's,Married,62974.0,601.0,22827.0,Business,Self-employed,5,Good,0.3020849406964279,207787.0,0.0,Aprilstad,ND,Gambia,4.0,2,Alto,0
66,Non-binary,Bachelor's,Married,101136.0,772.0,34888.0,Auto,Employed,11,Poor,0.5017203871903804,114090.0,1.0,East Catherineside,IN,Russian Federation,1.0,0,Bajo,1
25,Non-binary,PhD,Married,72268.0,613.0,14863.0,Business,Self-employed,15,Excellent,0.32179588520926294,279136.0,0.0,Port Nathan,GU,Armenia,1.0,1,Medio,2
46,Male,PhD,Single,35396.0,788.0,41782.0,Business,Employed,14,Excellent,0.32015298314937823,297636.0,0.0,North Joshuaville,GA,Malaysia,2.0,2,Alto,0
35,Male,Master's,Divorced,90342.0,774.0,20286.0,Home,Self-employed,1,Good,0.5243432318417751,91941.0,3.0,Woodberg,MH,Guyana,0.0,0,Bajo,1
69,Male,High School,Widowed,96557.0,611.0,28231.0,Auto,Employed,13,Good,0.4664067106310791,57656.0,1.0,West Rodney,IL,Saint Barthelemy,0.0,2,Medio,2
37,Female,Master's,Married,92123.0,694.0,40536.0,Home,Employed,11,Good,0.12559929532398037,45160.0,2.0,Wrightland,LA,Vanuatu,0.0,1,Bajo,1
43,Female,High School,Single,91439.0,676.0,17383.0,Business,Self-employed,2,Fair,0.2538508412534979,80409.0,4.0,Simsview,OH,Ukraine,4.0,2,Alto,0
57,Female,Master's,Divorced,96000.0,772.0,13773.0,Home,Self-employed,7,Excellent,0.29595090298431503,38112.0,4.0,Ricechester,NH,Zambia,2.0,0,Bajo,1
46,Non-binary,Bachelor's,Single,78581.0,721.0,40790.0,Personal,Employed,13,Excellent,0.16905482940150215,188680.0,4.0,Whiteside,MP,United Kingdom,2.0,1,Bajo,1
60,Female,Bachelor's,Single,57116.0,747.0,19045.0,Home,Unemployed,8,Excellent,0.37030222012903447,109428.0,4.0,Allenbury,DC,Macao,2.0,2,Bajo,1
29,Non-binary,Master's,Widowed,83397.0,775.0,33318.0,Auto,Self-employed,16,Fair,0.18475049759062376,110401.0,2.0,North Ashleyborough,MO,Australia,4.0,1,Alto,0
63,Non-binary,Bachelor's,Single,72147.0,685.0,32153.0,Auto,Self-employed,12,Good,0.29945184441363604,118975.0,4.0,Ballardland,KS,Holy See (Vatican City State),4.0,2,Alto,0
37,Female,Master's,Single,115002.0,737.0,8903.0,Business,Self-employed,7,Poor,0.26991043915448654,47859.0,1.0,Allisonmouth,WV,San Marino,3.0,1,Alto,0
43,Non-binary,Master's,Divorced,81775.0,624.0,45033.0,Home,Unemployed,5,Good,0.5222883047563215,108206.0,2.0,Lake Teresa,IA,Yemen,4.0,0,Alto,0
65,Male,High School,Divorced,35389.0,748.0,19991.0,Home,Employed,10,Excellent,0.19457131636326877,84702.0,4.0,North Williamberg,ID,Ghana,0.0,1,Alto,0
33,Male,High School,Widowed,33746.0,671.0,34995.0,Home,Employed,6,Fair,0.29508314045209405,292460.0,2.0,Timothyhaven,AK,British Indian Ocean Territory (Chagos Archipelago),2.0,1,Alto,0
39,Female,PhD,Married,108598.0,759.0,14350.0,Business,Employed,1,Poor,0.366882213029901,236433.0,1.0,Williamsmouth,NV,Netherlands,2.0,0,Bajo,1
22,Male,High School,Married,90908.0,654.0,36300.0,Auto,Employed,14,Poor,0.13143787848917646,59977.0,0.0,North Jeffreymouth,PW,Bahamas,0.0,2,Medio,2
68,Non-binary,Master's,Divorced,33570.0,678.0,9409.0,Business,Employed,17,Poor,0.308835871922157,281623.0,1.0,Port Jenniferstad,NM,El Salvador,2.0,1,Alto,0
30,Female,Master's,Widowed,47940.0,780.0,27408.0,Home,Unemployed,3,Fair,0.28711167075763944,251133.0,4.0,Port Lisa,MN,Saint Helena,4.0,2,Alto,0
50,Non-binary,High School,Married,105151.0,766.0,33842.0,Business,Self-employed,14,Poor,0.5238537784940932,224759.0,0.0,Dawntown,PR,Jersey,0.0,2,Bajo,1
23,Female,PhD,Widowed,115802.0,641.0,25028.0,Auto,Unemployed,3,Fair,0.5477413776594598,96075.0,1.0,West Ginaton,TN,Palau,0.0,2,Medio,2
22,Female,Master's,Single,91148.0,647.0,12284.0,Auto,Self-employed,17,Poor,0.5765786832149744,73869.0,4.0,Ortegahaven,SD,Anguilla,4.0,2,Alto,0
25,Male,PhD,Married,41676.0,730.0,9481.0,Business,Unemployed,8,Fair,0.4670382359629266,253049.0,1.0,Shirleyport,OR,Germany,0.0,2,Bajo,1
29,Female,PhD,Single,104683.0,634.0,36962.0,Business,Self-employed,10,Good,0.5710190138197337,197326.0,2.0,Coryshire,CT,Albania,3.0,1,Alto,0
25,Female,High School,Married,118267.0,742.0,10133.0,Business,Self-employed,16,Good,0.37810174281058184,153018.0,2.0,Lake Valerie,PR,Andorra,3.0,2,Alto,0
55,Non-binary,High School,Widowed,65167.0,747.0,21978.0,Personal,Self-employed,3,Good,0.4372948844606279,102236.0,3.0,Port Mitchellstad,VA,Nicaragua,0.0,2,Bajo,1
46,Non-binary,PhD,Single,25037.0,635.0,16593.0,Business,Employed,17,Excellent,0.45598355060311513,279984.0,2.0,Huffmanton,SD,Bouvet Island (Bouvetoya),0.0,1,Alto,0
35,Female,High School,Divorced,30691.0,634.0,44656.0,Auto,Unemployed,3,Poor,0.3317822176209845,279006.0,1.0,Matthewborough,NE,Ecuador,3.0,0,Alto,0
64,Non-binary,Bachelor's,Divorced,57525.0,689.0,41918.0,Personal,Employed,18,Fair,0.10047927988828068,141507.0,0.0,Jameston,MN,Malawi,2.0,2,Bajo,1
35,Male,Bachelor's,Single,33601.0,749.0,12443.0,Personal,Employed,2,Poor,0.40905177359188083,22645.0,4.0,North Eric,MD,Togo,0.0,0,Alto,0
59,Male,Bachelor's,Widowed,37426.0,775.0,43763.0,Auto,Employed,4,Good,0.5573982927334569,59775.0,0.0,West Savannahland,OH,Qatar,0.0,2,Alto,0
38,Male,Master's,Single,62721.0,631.0,48001.0,Personal,Unemployed,5,Excellent,0.5465815705564515,291989.0,2.0,East Scott,DE,Sudan,4.0,1,Alto,0
56,Female,Bachelor's,Married,55983.0,631.0,44318.0,Personal,Unemployed,19,Excellent,0.29239015101275967,141674.0,4.0,Thomastown,AS,Cote d'Ivoire,4.0,0,Alto,0
42,Male,Master's,Widowed,30707.0,666.0,21315.0,Home,Self-employed,1,Fair,0.1658767147955679,261256.0,0.0,Jessicafort,VA,Estonia,3.0,1,Alto,0
44,Female,High School,Single,57677.0,648.0,5580.0,Home,Employed,0,Poor,0.5035296439088763,162346.0,4.0,South Veronicabury,FL,Kazakhstan,2.0,0,Medio,2
50,Non-binary,PhD,Single,75839.0,664.0,10642.0,Auto,Self-employed,1,Good,0.25929584757327273,183112.0,0.0,West Williamburgh,RI,French Guiana,4.0,0,Alto,0
58,Female,Master's,Divorced,58622.0,617.0,32139.0,Home,Self-employed,4,Fair,0.13189435846131944,223220.0,0.0,Deborahchester,ME,Malawi,0.0,1,Medio,2
69,Non-binary,PhD,Divorced,59242.0,782.0,44752.0,Auto,Self-employed,5,Excellent,0.4995317737956705,21925.0,3.0,Port Monica,ND,Bangladesh,4.0,2,Alto,0
65,Female,High School,Divorced,47678.0,748.0,8672.0,Personal,Self-employed,15,Good,0.37788766096881077,148753.0,2.0,Gonzalezberg,DE,Senegal,3.0,0,Alto,0
67,Male,Bachelor's,Widowed,92981.0,723.0,29427.0,Auto,Employed,13,Fair,0.10850555829757177,113940.0,2.0,New Gregory,NJ,Eritrea,0.0,0,Bajo,1
25,Non-binary,PhD,Married,30965.0,665.0,43125.0,Home,Self-employed,5,Good,0.4386262615598453,281792.0,4.0,Port Lindsay,SC,Nauru,4.0,0,Alto,0
65,Male,High School,Single,80539.0,632.0,37879.0,Business,Self-employed,11,Poor,0.2523920486541874,259661.0,1.0,Floreschester,TN,Aruba,3.0,1,Alto,0
48,Female,High School,Widowed,60324.0,729.0,17505.0,Home,Unemployed,7,Excellent,0.14075283558065851,206282.0,0.0,Lake James,KY,New Caledonia,0.0,2,Bajo,1
22,Non-binary,Bachelor's,Single,95857.0,658.0,6774.0,Business,Employed,9,Poor,0.2789569012144659,125841.0,1.0,North Ravenside,GU,Kuwait,1.0,0,Medio,2
65,Male,High School,Single,93757.0,608.0,25931.0,Business,Employed,7,Good,0.5212800271864613,159889.0,0.0,North Kimberlychester,CT,Gambia,4.0,0,Alto,0
60,Non-binary,High School,Widowed,32679.0,767.0,10823.0,Personal,Self-employed,6,Excellent,0.4996003492578923,99330.0,0.0,Cruzfort,AR,Syrian Arab Republic,3.0,1,Alto,0
62,Female,Master's,Married,52784.0,605.0,37284.0,Auto,Self-employed,3,Excellent,0.42759716196191067,217121.0,0.0,East Lukebury,PR,Bermuda,4.0,0,Alto,0
31,Male,Master's,Divorced,107189.0,605.0,32427.0,Home,Self-employed,15,Fair,0.5953930185644551,125402.0,0.0,East Christinaport,WA,Guinea-Bissau,2.0,1,Medio,2
25,Male,Bachelor's,Married,80483.0,796.0,24203.0,Personal,Self-employed,6,Poor,0.2626821720367928,278336.0,4.0,East Crystaltown,MP,Moldova,0.0,2,Bajo,1
65,Female,High School,Widowed,77300.0,689.0,46088.0,Business,Unemployed,5,Good,0.2954557823318281,268593.0,0.0,Jillborough,IL,Georgia,0.0,1,Bajo,1
52,Female,Master's,Divorced,22977.0,701.0,33836.0,Personal,Unemployed,6,Fair,0.3614166966636504,85719.0,2.0,Roachside,NV,Rwanda,0.0,2,Alto,0
23,Female,PhD,Widowed,39897.0,764.0,22608.0,Auto,Employed,15,Excellent,0.5812281312905236,195177.0,3.0,Port Kelly,TX,Cambodia,1.0,1,Alto,0
50,Non-binary,Master's,Married,92836.0,673.0,46620.0,Home,Employed,5,Poor,0.5613923094915467,251569.0,4.0,Mariaville,PA,Norfolk Island,3.0,2,Alto,0
43,Male,Master's,Single,58787.0,646.0,31086.0,Auto,Employed,10,Excellent,0.43254123974025305,31036.0,0.0,Williamstown,MH,Papua New Guinea,3.0,2,Alto,0
21,Female,Bachelor's,Married,91713.0,634.0,22926.0,Home,Employed,0,Good,0.48743375267087397,267473.0,0.0,Charleschester,TX,Thailand,0.0,0,Medio,2
39,Male,Bachelor's,Married,25446.0,772.0,20674.0,Business,Unemployed,0,Fair,0.1886509587560293,90685.0,1.0,Hallfurt,PW,Suriname,3.0,0,Alto,0
32,Non-binary,PhD,Divorced,21705.0,768.0,23232.0,Home,Employed,3,Fair,0.4459845104505141,200972.0,3.0,North Erica,CO,Serbia,0.0,2,Alto,0
51,Male,Master's,Married,25839.0,631.0,19454.0,Auto,Employed,7,Poor,0.11437016728580632,160156.0,3.0,Nicolebury,OK,Myanmar,2.0,0,Alto,0
38,Non-binary,High School,Widowed,106496.0,771.0,8612.0,Auto,Employed,12,Good,0.30010151978526123,41264.0,2.0,Rogersmouth,OK,Oman,2.0,1,Bajo,1
56,Non-binary,PhD,Widowed,93885.0,761.0,31810.0,Personal,Unemployed,4,Fair,0.5925025766365097,218768.0,3.0,Port Michaelport,TN,Oman,3.0,2,Alto,0
67,Female,Master's,Married,59978.0,709.0,9222.0,Auto,Unemployed,1,Poor,0.21538157941212308,191011.0,2.0,Kyleland,OH,Philippines,2.0,0,Bajo,1
46,Male,Master's,Single,77055.0,735.0,45907.0,Personal,Self-employed,4,Good,0.3149414867399287,241939.0,0.0,Riceshire,MD,Bhutan,3.0,1,Alto,0
58,Non-binary,Master's,Divorced,43082.0,729.0,29256.0,Auto,Employed,5,Fair,0.313460401992802,59970.0,4.0,Sarahport,PW,Switzerland,3.0,1,Alto,0
39,Male,Master's,Widowed,30246.0,764.0,6493.0,Home,Employed,1,Good,0.2488601300679453,27380.0,3.0,Port Nicholas,VA,Dominican Republic,2.0,2,Alto,0
50,Non-binary,PhD,Widowed,31338.0,753.0,45245.0,Auto,Self-employed,4,Good,0.2521697455678611,242829.0,0.0,Taylorbury,ND,United States of America,0.0,0,Alto,0
60,Non-binary,High School,Divorced,20969.0,623.0,6124.0,Personal,Employed,9,Good,0.3290927643532908,34172.0,4.0,Port Tina,SC,Italy,2.0,0,Alto,0
57,Male,Master's,Single,76078.0,661.0,28953.0,Auto,Self-employed,15,Excellent,0.2096513576965003,214813.0,1.0,Sylviafurt,OK,Cuba,2.0,1,Medio,2
30,Male,Master's,Divorced,29623.0,631.0,13143.0,Business,Unemployed,2,Poor,0.1575796578567298,107045.0,1.0,Rosshaven,NH,Serbia,2.0,1,Alto,0
56,Male,High School,Divorced,67411.0,691.0,44880.0,Personal,Employed,0,Poor,0.38064421147909966,225610.0,3.0,North Alyssafort,CO,Senegal,1.0,0,Bajo,1
60,Non-binary,Master's,Single,53069.0,610.0,8894.0,Personal,Self-employed,4,Poor,0.13383250295395324,198807.0,0.0,South Kelly,WA,Saint Lucia,2.0,0,Medio,2
51,Non-binary,Master's,Married,95396.0,694.0,22330.0,Personal,Self-employed,18,Poor,0.2653372653214522,196118.0,0.0,New Elizabethmouth,MP,Gabon,0.0,0,Bajo,1
51,Male,Bachelor's,Widowed,99566.0,776.0,24904.0,Personal,Self-employed,13,Good,0.5554094784110375,278838.0,0.0,Amandaville,MT,Dominican Republic,0.0,0,Bajo,1
65,Non-binary,High School,Single,40828.0,686.0,23119.0,Business,Unemployed,1,Fair,0.10847706871322685,144001.0,1.0,Port Lonnie,KS,Wallis and Futuna,3.0,2,Alto,0
46,Male,Bachelor's,Widowed,57710.0,709.0,28488.0,Auto,Unemployed,17,Excellent,0.4841110118342735,158583.0,3.0,East Jacquelineville,IA,Solomon Islands,2.0,0,Bajo,1
50,Female,Master's,Married,91192.0,705.0,33844.0,Home,Unemployed,16,Fair,0.26013977491784934,30397.0,0.0,Ginachester,OH,Grenada,1.0,0,Bajo,1
33,Non-binary,High School,Married,71599.0,773.0,20638.0,Auto,Self-employed,3,Fair,0.14142358600871183,127854.0,3.0,Nancyfort,MD,Macao,2.0,1,Bajo,1
56,Male,Bachelor's,Single,106127.0,642.0,6626.0,Business,Self-employed,5,Good,0.15965036162647575,184753.0,1.0,West Sandy,AK,South Georgia and the South Sandwich Islands,2.0,0,Medio,2
66,Non-binary,High School,Married,71843.0,610.0,33671.0,Home,Self-employed,0,Fair,0.3632727871209882,88386.0,4.0,East Jasmine,IA,Namibia,0.0,0,Medio,2
47,Female,Bachelor's,Divorced,27855.0,714.0,22924.0,Auto,Employed,18,Excellent,0.5611024184503294,245570.0,0.0,Rubenchester,TX,Brazil,1.0,1,Alto,0
25,Female,Bachelor's,Single,62591.0,703.0,37315.0,Business,Employed,19,Poor,0.40357936467514055,267696.0,1.0,Frazierton,LA,Guyana,3.0,0,Alto,0
31,Non-binary,Master's,Married,22693.0,618.0,48819.0,Auto,Unemployed,18,Poor,0.5453207048636839,61380.0,1.0,Christinafurt,TX,Armenia,2.0,0,Alto,0
59,Non-binary,Master's,Married,88095.0,636.0,49173.0,Auto,Unemployed,1,Good,0.45051132504745894,274870.0,4.0,Manningshire,WV,Burundi,3.0,1,Alto,0
55,Non-binary,High School,Married,44883.0,740.0,28486.0,Home,Unemployed,10,Excellent,0.38681067089499754,165329.0,0.0,West Desireeton,NV,Kenya,2.0,0,Bajo,1
22,Non-binary,Master's,Divorced,58278.0,708.0,26441.0,Personal,Self-employed,6,Poor,0.15281987018694002,178004.0,2.0,Bobbymouth,PW,Cayman Islands,4.0,2,Alto,0
69,Non-binary,Bachelor's,Divorced,87680.0,684.0,46103.0,Business,Self-employed,4,Poor,0.4560636773116058,79483.0,0.0,Haleyburgh,OK,Sao Tome and Principe,4.0,2,Alto,0
20,Male,High School,Divorced,119134.0,719.0,17765.0,Business,Unemployed,0,Fair,0.1447594683225024,260164.0,4.0,West Tylerton,AK,Austria,0.0,1,Bajo,1
39,Non-binary,Master's,Married,67405.0,744.0,5440.0,Auto,Self-employed,2,Excellent,0.3277190461074634,247547.0,4.0,Lisaview,OR,Gabon,0.0,2,Bajo,1
20,Male,Master's,Married,21320.0,689.0,17350.0,Personal,Self-employed,16,Poor,0.209221885696432,280603.0,3.0,Jordanton,PR,Liberia,4.0,0,Alto,0
37,Non-binary,PhD,Widowed,91632.0,635.0,26420.0,Personal,Self-employed,2,Poor,0.3388598242114641,292807.0,4.0,Chadton,NE,Ukraine,0.0,0,Medio,2
45,Female,PhD,Widowed,104764.0,725.0,25357.0,Home,Unemployed,1,Good,0.14939882987990302,100787.0,1.0,West Samanthaport,MO,Bhutan,3.0,0,Alto,0
24,Non-binary,PhD,Widowed,77235.0,745.0,21561.0,Personal,Employed,13,Poor,0.4787240065973687,231415.0,4.0,Michaelberg,OR,France,2.0,2,Bajo,1
68,Male,PhD,Divorced,39693.0,790.0,30117.0,Auto,Unemployed,3,Poor,0.21360828702696824,20199.0,3.0,Port Joshuaville,PW,Kazakhstan,1.0,0,Alto,0
51,Female,Master's,Divorced,117204.0,798.0,6753.0,Business,Self-employed,14,Poor,0.5599601091730204,197306.0,1.0,East Robertshire,CO,United Kingdom,0.0,2,Bajo,1
51,Non-binary,High School,Single,110426.0,627.0,5787.0,Home,Self-employed,5,Excellent,0.5436215547028275,216555.0,1.0,North Michael,MH,Saint Martin,0.0,0,Medio,2
42,Non-binary,PhD,Divorced,88230.0,791.0,12587.0,Personal,Self-employed,14,Fair,0.26479083132234804,148574.0,3.0,North Bailey,KS,Latvia,4.0,0,Alto,0
49,Female,Bachelor's,Widowed,42735.0,693.0,35460.0,Business,Employed,9,Poor,0.24940991023277106,222338.0,3.0,Vanessaport,NE,Armenia,0.0,0,Bajo,1
21,Male,Bachelor's,Married,103227.0,727.0,5857.0,Personal,Self-employed,15,Fair,0.5601232469282684,265503.0,4.0,North Maureenside,NJ,American Samoa,2.0,2,Bajo,1
51,Male,PhD,Divorced,35455.0,689.0,11244.0,Home,Employed,6,Excellent,0.434916509160048,53889.0,0.0,South David,IA,Lao People's Democratic Republic,3.0,1,Alto,0
29,Male,Bachelor's,Married,102782.0,676.0,22451.0,Home,Employed,8,Excellent,0.16253781949283233,290438.0,3.0,New Jamesburgh,HI,Malawi,1.0,2,Medio,2
39,Male,High School,Single,43574.0,610.0,32520.0,Business,Unemployed,19,Good,0.3352872973222011,96780.0,0.0,New Ashleyshire,UT,Albania,3.0,2,Alto,0
36,Non-binary,Master's,Divorced,65819.0,688.0,39769.0,Auto,Unemployed,16,Good,0.45648662823180264,195955.0,1.0,Hubbardview,FL,Peru,4.0,1,Alto,0
25,Male,Bachelor's,Single,55162.0,639.0,25592.0,Business,Unemployed,7,Good,0.21135081504444705,137826.0,4.0,Port Brian,AR,Benin,2.0,2,Medio,2
28,Non-binary,High School,Single,54678.0,661.0,13142.0,Personal,Self-employed,16,Excellent,0.5661859703460999,148254.0,1.0,Hallhaven,VI,Libyan Arab Jamahiriya,0.0,2,Medio,2
61,Non-binary,Bachelor's,Widowed,62589.0,652.0,21176.0,Home,Self-employed,6,Poor,0.27318755452457355,291151.0,0.0,Port Chrisshire,WY,Seychelles,4.0,2,Alto,0
41,Male,PhD,Widowed,36972.0,727.0,16044.0,Home,Unemployed,1,Poor,0.38233002701103613,105329.0,3.0,Hancockbury,MD,Uruguay,2.0,2,Alto,0
58,Female,PhD,Single,108116.0,686.0,11567.0,Business,Employed,7,Fair,0.32410008223600706,76928.0,4.0,Turnerberg,CA,Benin,3.0,1,Alto,0
45,Female,Master's,Widowed,22631.0,650.0,5987.0,Business,Unemployed,11,Poor,0.12981843235199217,171255.0,4.0,Loganmouth,PA,Sao Tome and Principe,3.0,0,Alto,0
44,Female,High School,Married,94374.0,734.0,17225.0,Personal,Employed,9,Good,0.1112310348121954,262453.0,1.0,Jenkinshaven,DC,British Indian Ocean Territory (Chagos Archipelago),0.0,2,Bajo,1
40,Non-binary,Bachelor's,Single,69744.0,771.0,23470.0,Personal,Unemployed,4,Good,0.4638101851136798,39976.0,0.0,Millerview,AR,Somalia,0.0,1,Bajo,1
61,Female,Master's,Widowed,117222.0,663.0,8462.0,Business,Employed,5,Excellent,0.19592980095110377,206767.0,2.0,Lake Anna,VI,Sierra Leone,3.0,1,Alto,0
26,Female,Master's,Married,25351.0,703.0,35886.0,Home,Unemployed,2,Fair,0.4872881164873868,96192.0,2.0,Sharonfort,AK,Guernsey,1.0,0,Alto,0
29,Female,PhD,Divorced,84555.0,735.0,40341.0,Personal,Employed,18,Excellent,0.5577129704280392,49334.0,1.0,Hessstad,VI,Bahrain,0.0,0,Bajo,1
25,Non-binary,Bachelor's,Single,66840.0,712.0,45817.0,Home,Employed,5,Excellent,0.2117843090672595,70792.0,1.0,Justinport,NJ,Turkmenistan,3.0,1,Alto,0
21,Male,Master's,Single,46283.0,635.0,35323.0,Home,Employed,14,Excellent,0.14403953642971531,128721.0,1.0,Ericburgh,MI,Albania,3.0,1,Alto,0
40,Female,Master's,Married,35797.0,612.0,48128.0,Business,Employed,5,Fair,0.5747507081150481,233648.0,2.0,North Angelastad,WV,Palestinian Territory,2.0,2,Alto,0
39,Non-binary,Master's,Married,23554.0,718.0,46249.0,Home,Self-employed,8,Good,0.4796591180154064,131541.0,3.0,New Margaret,NJ,American Samoa,0.0,1,Alto,0
28,Male,High School,Married,90509.0,613.0,44630.0,Personal,Employed,12,Fair,0.39448227650703793,271999.0,2.0,North Stephanie,PW,Gabon,2.0,0,Medio,2
54,Female,High School,Single,101574.0,706.0,21992.0,Business,Self-employed,18,Poor,0.5341049989870882,68792.0,4.0,Hunterfurt,WY,Spain,1.0,2,Bajo,1
20,Female,PhD,Single,68372.0,672.0,17949.0,Business,Self-employed,19,Good,0.5239757562918472,22732.0,4.0,Andrewmouth,SD,Faroe Islands,4.0,0,Alto,0
42,Male,High School,Widowed,118706.0,675.0,13272.0,Business,Employed,13,Fair,0.4333050592019444,119319.0,2.0,Kevinfort,WV,Mali,0.0,2,Medio,2
45,Non-binary,PhD,Widowed,59587.0,697.0,18147.0,Business,Unemployed,9,Poor,0.5003031522274517,70970.0,3.0,Lake Jennifer,CA,Wallis and Futuna,0.0,0,Bajo,1
69,Female,High School,Divorced,58723.0,736.0,40898.0,Home,Employed,15,Fair,0.34219932183310175,126115.0,1.0,Kaylaland,MH,Honduras,3.0,1,Alto,0
66,Female,Master's,Widowed,116542.0,732.0,41342.0,Personal,Self-employed,15,Good,0.3644337440898211,216669.0,2.0,Jamesville,DE,Japan,1.0,1,Bajo,1
53,Non-binary,Master's,Divorced,60641.0,636.0,12506.0,Home,Self-employed,13,Fair,0.4760526989389786,20938.0,0.0,Bryceton,IA,Mali,2.0,1,Medio,2
50,Non-binary,PhD,Single,51977.0,707.0,46638.0,Home,Unemployed,13,Good,0.35863488592273896,216771.0,1.0,Harveybury,IL,Paraguay,2.0,1,Bajo,1
67,Non-binary,PhD,Divorced,76899.0,780.0,48485.0,Business,Employed,17,Poor,0.409427884595456,248014.0,3.0,Brendaville,UT,Andorra,2.0,1,Bajo,1
56,Non-binary,PhD,Divorced,81630.0,694.0,46571.0,Auto,Unemployed,3,Poor,0.36528366566608006,287294.0,2.0,Josephtown,OH,Singapore,0.0,1,Bajo,1
65,Non-binary,Bachelor's,Divorced,94586.0,794.0,29131.0,Auto,Employed,5,Good,0.5250332308267217,127165.0,2.0,Rubiofort,DE,Cote d'Ivoire,3.0,2,Alto,0
33,Male,PhD,Divorced,113445.0,786.0,49221.0,Personal,Unemployed,10,Excellent,0.3507758735867018,95489.0,2.0,East Jonathanchester,UT,Kenya,3.0,1,Alto,0
62,Non-binary,Bachelor's,Married,33580.0,715.0,28132.0,Personal,Unemployed,3,Poor,0.11255891347106148,157009.0,3.0,Lake Micheal,WY,Serbia,4.0,0,Alto,0
29,Female,Master's,Single,73326.0,673.0,6321.0,Home,Unemployed,4,Fair,0.3264491185705056,67836.0,3.0,Clayland,MP,United Arab Emirates,1.0,1,Medio,2
66,Male,PhD,Single,66390.0,778.0,44361.0,Personal,Employed,7,Excellent,0.2415291167636411,72425.0,0.0,Johnbury,GA,Italy,2.0,0,Bajo,1
48,Male,PhD,Widowed,31226.0,657.0,48782.0,Personal,Unemployed,3,Fair,0.306571800495292,225269.0,2.0,Joshuaside,GU,New Caledonia,4.0,1,Alto,0
62,Female,High School,Divorced,88446.0,701.0,23405.0,Auto,Self-employed,3,Poor,0.5903469995901414,279604.0,2.0,New Sean,NC,Finland,1.0,2,Bajo,1
32,Female,Bachelor's,Single,85231.0,745.0,47991.0,Personal,Employed,17,Fair,0.13746926097530518,240946.0,4.0,New Danielstad,RI,Saint Pierre and Miquelon,2.0,2,Bajo,1
46,Non-binary,Master's,Divorced,52771.0,737.0,24813.0,Home,Employed,13,Fair,0.4618245110460243,293787.0,1.0,Woodport,CT,Nicaragua,3.0,2,Alto,0
48,Female,High School,Married,114805.0,761.0,26116.0,Home,Unemployed,16,Excellent,0.2686773512484264,150959.0,1.0,Josefort,NY,New Caledonia,2.0,0,Bajo,1
48,Female,Bachelor's,Widowed,65073.0,639.0,27898.0,Auto,Self-employed,0,Excellent,0.499713052337847,32999.0,2.0,Juanton,KS,Armenia,2.0,2,Medio,2
33,Female,Bachelor's,Widowed,58135.0,605.0,16523.0,Auto,Employed,2,Excellent,0.24407021115667557,251133.0,4.0,Matthewsmouth,AK,Madagascar,0.0,0,Medio,2
61,Non-binary,PhD,Married,49123.0,722.0,47075.0,Business,Unemployed,10,Excellent,0.5334464482008995,216618.0,2.0,West Christopher,VI,Paraguay,1.0,0,Bajo,1
67,Male,Bachelor's,Married,58377.0,740.0,15007.0,Auto,Unemployed,6,Poor,0.33111404638722763,222326.0,1.0,West Jacquelineview,VI,Myanmar,0.0,2,Bajo,1
22,Female,Bachelor's,Divorced,56884.0,763.0,27121.0,Business,Employed,2,Poor,0.3925862132328375,65110.0,0.0,Cookfurt,CA,Congo,1.0,2,Bajo,1
65,Male,Bachelor's,Widowed,23841.0,669.0,31559.0,Home,Self-employed,11,Poor,0.451592693352885,183969.0,4.0,Paulbury,IN,Sierra Leone,4.0,0,Alto,0
31,Female,Master's,Divorced,77782.0,788.0,14872.0,Business,Self-employed,11,Excellent,0.1267133281223993,273876.0,0.0,North Sandrabury,IA,Singapore,0.0,1,Bajo,1
43,Male,PhD,Divorced,78570.0,757.0,40299.0,Auto,Self-employed,14,Good,0.16852268928225458,204417.0,4.0,North Stephen,WY,San Marino,0.0,0,Bajo,1
67,Female,PhD,Married,30952.0,664.0,43907.0,Personal,Unemployed,2,Good,0.11862231513171614,52688.0,0.0,East Kristinborough,UT,Gibraltar,3.0,0,Alto,0
26,Male,PhD,Widowed,47924.0,695.0,47424.0,Home,Self-employed,18,Good,0.52951669323979,246793.0,4.0,Port Seanhaven,MP,Antigua and Barbuda,4.0,0,Alto,0
37,Male,High School,Single,92870.0,640.0,33783.0,Home,Unemployed,9,Fair,0.14420889230754166,118212.0,0.0,West Victorialand,WA,Guinea-Bissau,2.0,1,Medio,2
34,Female,High School,Married,61411.0,619.0,11363.0,Auto,Employed,6,Fair,0.27028021950926007,251066.0,3.0,North Kennethview,IA,Cayman Islands,0.0,2,Medio,2
37,Female,PhD,Single,108047.0,644.0,19202.0,Business,Employed,18,Poor,0.3772241765099791,179007.0,3.0,Michaelchester,ME,Kyrgyz Republic,3.0,0,Alto,0
20,Male,PhD,Married,35133.0,619.0,46606.0,Auto,Unemployed,16,Fair,0.4043463956683906,259686.0,0.0,Wardfort,VT,Brunei Darussalam,3.0,1,Alto,0
37,Non-binary,PhD,Married,27198.0,694.0,37996.0,Auto,Self-employed,1,Good,0.23186402282240623,225818.0,2.0,South Antonio,KS,Montserrat,4.0,0,Alto,0
68,Non-binary,PhD,Married,90323.0,742.0,13499.0,Business,Self-employed,19,Fair,0.4950889215520963,255744.0,2.0,Patriciashire,LA,Bangladesh,1.0,1,Bajo,1
23,Female,Bachelor's,Widowed,36838.0,735.0,25205.0,Home,Unemployed,7,Good,0.10885635003848224,214764.0,1.0,Port Bradley,CO,Canada,3.0,2,Alto,0
50,Male,High School,Widowed,25301.0,732.0,45104.0,Auto,Unemployed,19,Fair,0.431697685304122,122335.0,3.0,Josephmouth,GA,Netherlands Antilles,3.0,0,Alto,0
36,Male,Bachelor's,Married,94327.0,729.0,18371.0,Auto,Self-employed,18,Good,0.4567076588608231,200846.0,3.0,North Jessica,MT,Colombia,1.0,0,Bajo,1
43,Non-binary,High School,Widowed,44855.0,635.0,18285.0,Business,Employed,8,Fair,0.5255676877528512,149866.0,1.0,Port Sean,DE,Bahrain,4.0,1,Alto,0
63,Male,Bachelor's,Single,76416.0,648.0,19646.0,Personal,Employed,17,Poor,0.5664683581682529,180842.0,3.0,Katelynton,CO,Palau,2.0,0,Medio,2
38,Female,Master's,Divorced,56180.0,750.0,10861.0,Auto,Employed,3,Good,0.2761945681150614,268991.0,0.0,New Troy,TX,Armenia,3.0,1,Alto,0
35,Male,PhD,Single,79481.0,663.0,37423.0,Business,Employed,3,Fair,0.10381332155263376,70561.0,3.0,Lake Paul,SC,Sudan,1.0,2,Medio,2
60,Non-binary,Bachelor's,Single,110409.0,702.0,18878.0,Business,Employed,8,Fair,0.2568911493718019,109757.0,0.0,North Travis,PR,Fiji,0.0,0,Bajo,1
44,Female,Master's,Divorced,56102.0,756.0,6877.0,Auto,Unemployed,14,Good,0.31644500271763853,63969.0,2.0,East Nicholasland,WY,United States of America,1.0,2,Bajo,1
50,Male,Bachelor's,Widowed,29820.0,678.0,19318.0,Business,Self-employed,4,Excellent,0.23916006871415332,135251.0,3.0,South Alexandra,AL,Sudan,0.0,2,Alto,0
30,Non-binary,PhD,Married,80709.0,712.0,44992.0,Business,Employed,17,Poor,0.31143559766975915,182425.0,4.0,Lake Ginaberg,OH,Thailand,4.0,0,Alto,0
67,Male,PhD,Married,78177.0,631.0,5768.0,Business,Self-employed,1,Excellent,0.40915463436661315,93108.0,1.0,Port Lauren,PR,Sudan,2.0,2,Medio,2
56,Female,Bachelor's,Widowed,87733.0,615.0,43599.0,Business,Employed,8,Poor,0.15017424980370833,29951.0,4.0,Kimberlymouth,TN,South Georgia and the South Sandwich Islands,3.0,0,Alto,0
65,Female,High School,Divorced,43874.0,616.0,45856.0,Business,Unemployed,5,Good,0.4782662322510305,148149.0,2.0,Holmestown,MA,Sao Tome and Principe,4.0,1,Alto,0
32,Non-binary,Master's,Divorced,37857.0,698.0,29770.0,Business,Self-employed,18,Excellent,0.509757032578713,177789.0,1.0,North Victoriaton,NV,Christmas Island,3.0,1,Alto,0
47,Non-binary,High School,Married,30222.0,698.0,26203.0,Business,Self-employed,5,Poor,0.2903835189684152,255982.0,0.0,Port Anthonybury,DE,Philippines,2.0,0,Alto,0
48,Female,Master's,Married,43426.0,698.0,16262.0,Home,Unemployed,4,Good,0.4403205697028191,107395.0,1.0,Cochranberg,PW,Samoa,0.0,0,Bajo,1
64,Male,High School,Widowed,34323.0,647.0,41776.0,Auto,Employed,15,Poor,0.44417828438254714,143582.0,4.0,Brownport,IL,Brunei Darussalam,3.0,2,Alto,0
48,Female,PhD,Widowed,63739.0,745.0,39890.0,Auto,Employed,4,Poor,0.32256956945448567,27609.0,4.0,Shannonview,KS,Barbados,2.0,2,Bajo,1
25,Female,PhD,Single,92131.0,727.0,49729.0,Home,Employed,11,Fair,0.46260026039611224,288404.0,3.0,Lake John,MS,Gabon,0.0,1,Bajo,1
42,Female,PhD,Widowed,31447.0,737.0,29414.0,Home,Self-employed,13,Poor,0.3650771150142945,121450.0,4.0,East Alan,OR,Monaco,2.0,0,Alto,0
30,Non-binary,PhD,Single,97271.0,775.0,26555.0,Home,Self-employed,14,Poor,0.20132938950383308,290634.0,0.0,Wilcoxstad,NJ,Heard Island and McDonald Islands,2.0,0,Bajo,1
56,Male,Bachelor's,Divorced,77109.0,695.0,31943.0,Home,Employed,6,Fair,0.29683327659155356,71010.0,2.0,East Maria,MS,British Indian Ocean Territory (Chagos Archipelago),2.0,1,Bajo,1
40,Non-binary,High School,Divorced,38669.0,756.0,32531.0,Business,Employed,11,Excellent,0.5789359107291614,197669.0,2.0,New Charlesland,HI,Macao,2.0,0,Alto,0
57,Non-binary,Master's,Married,107043.0,713.0,30297.0,Auto,Employed,9,Excellent,0.14531512656969311,189804.0,1.0,North Johnton,DE,Liechtenstein,1.0,0,Bajo,1
46,Non-binary,PhD,Single,31564.0,615.0,42394.0,Personal,Employed,8,Excellent,0.13270769698674953,226957.0,2.0,Port Robertville,GU,Slovakia (Slovak Republic),3.0,1,Alto,0
43,Male,Bachelor's,Married,35457.0,738.0,33504.0,Business,Unemployed,3,Excellent,0.47608555226679594,34214.0,2.0,Wilsonstad,NM,Kiribati,3.0,0,Alto,0
68,Female,PhD,Single,85138.0,658.0,20548.0,Personal,Unemployed,1,Excellent,0.12191379195120775,177180.0,2.0,New Joyce,MN,Equatorial Guinea,2.0,0,Medio,2
32,Non-binary,PhD,Single,112449.0,623.0,11938.0,Business,Self-employed,3,Poor,0.38067077513995395,218183.0,2.0,Grayland,OR,Switzerland,2.0,1,Medio,2
40,Female,High School,Married,105140.0,763.0,11073.0,Personal,Unemployed,7,Good,0.14732007826067847,182223.0,1.0,Fernandezfort,NC,Egypt,1.0,0,Bajo,1
66,Female,High School,Single,89393.0,683.0,42187.0,Home,Employed,9,Excellent,0.3612328742742147,207792.0,1.0,Nelsonberg,NV,Svalbard & Jan Mayen Islands,3.0,0,Alto,0
42,Non-binary,High School,Married,39322.0,705.0,39703.0,Auto,Unemployed,5,Poor,0.12821348218959064,124060.0,0.0,Jacobbury,NM,Korea,3.0,1,Alto,0
52,Female,High School,Divorced,77290.0,626.0,9266.0,Business,Employed,12,Excellent,0.335443755655907,81229.0,2.0,East Danielle,MS,British Indian Ocean Territory (Chagos Archipelago),3.0,0,Alto,0
36,Female,Master's,Single,86171.0,643.0,43154.0,Auto,Employed,1,Good,0.5693598332567027,288905.0,4.0,Johnsonside,AL,Guatemala,2.0,1,Medio,2
53,Female,Master's,Divorced,35428.0,606.0,47023.0,Auto,Unemployed,0,Good,0.33956648718848115,174200.0,4.0,East Shaneberg,MN,India,4.0,2,Alto,0
45,Female,Master's,Married,68432.0,704.0,49793.0,Auto,Self-employed,9,Good,0.3419135493355213,261480.0,0.0,Angelicaborough,WA,Gibraltar,0.0,1,Bajo,1
67,Female,Bachelor's,Widowed,37171.0,788.0,24743.0,Auto,Unemployed,14,Fair,0.26370350520397867,22005.0,0.0,South Susanberg,NE,Germany,1.0,2,Alto,0
54,Male,Master's,Widowed,100096.0,729.0,45230.0,Personal,Self-employed,8,Poor,0.22738800276249335,62039.0,2.0,Lake Natalie,CT,Tunisia,3.0,0,Alto,0
42,Female,PhD,Single,39748.0,659.0,16070.0,Business,Employed,0,Excellent,0.46762960655679475,181954.0,4.0,Steventown,TX,Canada,0.0,1,Alto,0
40,Female,Bachelor's,Married,43798.0,785.0,11035.0,Business,Employed,9,Excellent,0.23030529192745566,176865.0,3.0,North Kristinfurt,WV,Tuvalu,2.0,0,Bajo,1
44,Non-binary,High School,Divorced,33760.0,615.0,28070.0,Business,Unemployed,11,Fair,0.1932945288532398,203061.0,3.0,New Scottville,ID,Peru,2.0,2,Alto,0
23,Non-binary,High School,Divorced,113238.0,759.0,9592.0,Personal,Unemployed,19,Excellent,0.3577702803095877,214659.0,1.0,Coxville,PW,Kyrgyz Republic,0.0,0,Bajo,1
53,Female,High School,Married,104564.0,691.0,12155.0,Home,Self-employed,16,Fair,0.29116571830780624,291257.0,2.0,Loriport,UT,Mauritania,3.0,0,Alto,0
18,Female,PhD,Divorced,87657.0,777.0,39198.0,Business,Employed,7,Poor,0.1861652865906027,39155.0,1.0,Andreatown,FL,Vietnam,4.0,1,Alto,0
47,Non-binary,Bachelor's,Single,20526.0,603.0,35412.0,Personal,Self-employed,18,Good,0.22455794025604767,160994.0,0.0,Wilsonfurt,SC,Bangladesh,1.0,2,Alto,0
44,Male,High School,Divorced,60558.0,760.0,41059.0,Home,Unemployed,7,Excellent,0.5606913230408938,115406.0,3.0,West Jackieport,IN,Brazil,0.0,2,Bajo,1
21,Female,Bachelor's,Single,37443.0,770.0,38792.0,Home,Employed,6,Fair,0.1758396815744391,274954.0,4.0,South Whitneybury,MN,Grenada,1.0,0,Alto,0
19,Non-binary,PhD,Married,66623.0,755.0,33963.0,Personal,Unemployed,12,Fair,0.5130742685709822,157601.0,2.0,Holderborough,VA,Cocos (Keeling) Islands,1.0,2,Bajo,1
46,Male,PhD,Divorced,71025.0,719.0,41604.0,Personal,Unemployed,8,Fair,0.25902407869138855,142774.0,4.0,Lake Melissatown,MH,Solomon Islands,3.0,1,Alto,0
69,Male,Master's,Divorced,60831.0,618.0,48377.0,Personal,Employed,0,Poor,0.2051963353112616,243564.0,4.0,Jonathanhaven,AS,Kazakhstan,4.0,2,Alto,0
23,Non-binary,PhD,Single,34378.0,602.0,30010.0,Home,Employed,7,Excellent,0.513694405896796,61593.0,0.0,North Tracy,PR,Spain,4.0,2,Alto,0
57,Non-binary,High School,Single,116005.0,703.0,45676.0,Business,Self-employed,12,Fair,0.10131854235169299,256360.0,1.0,North Diane,KS,Malaysia,3.0,2,Alto,0
40,Female,Master's,Single,33502.0,742.0,49510.0,Auto,Unemployed,2,Excellent,0.5770289266405442,41574.0,3.0,New Elaine,KS,Austria,0.0,0,Alto,0
47,Male,Bachelor's,Married,21745.0,651.0,39740.0,Business,Unemployed,3,Poor,0.4235306009344554,137875.0,1.0,Ashleyton,ND,Palestinian Territory,0.0,0,Alto,0
54,Female,High School,Widowed,59566.0,661.0,39528.0,Auto,Employed,17,Fair,0.5170688056101284,167607.0,0.0,West Christopher,GA,Kazakhstan,0.0,0,Medio,2
66,Female,Bachelor's,Divorced,100446.0,625.0,37629.0,Home,Self-employed,1,Fair,0.26846752864914103,37300.0,2.0,North Johnfort,IL,Mongolia,1.0,1,Medio,2
45,Non-binary,High School,Married,65047.0,731.0,45003.0,Personal,Employed,16,Poor,0.24934248052628474,148707.0,2.0,New Robinburgh,CO,Seychelles,1.0,2,Bajo,1
29,Male,Bachelor's,Divorced,107150.0,730.0,6808.0,Auto,Unemployed,11,Fair,0.4085511057667792,160496.0,4.0,West Herbertstad,MA,North Macedonia,1.0,0,Bajo,1
29,Female,High School,Divorced,65765.0,633.0,31301.0,Personal,Employed,0,Fair,0.5600271252538479,204827.0,4.0,Gomezhaven,PR,Chad,2.0,0,Medio,2
33,Male,PhD,Divorced,60800.0,736.0,42754.0,Home,Self-employed,18,Good,0.24722784687240093,259714.0,3.0,Woodhaven,NM,Uganda,0.0,2,Bajo,1
64,Male,High School,Single,69987.0,669.0,35901.0,Home,Self-employed,5,Excellent,0.3888422203939199,160521.0,0.0,Port Andrewchester,AZ,Togo,1.0,2,Medio,2
45,Non-binary,High School,Widowed,78639.0,637.0,33772.0,Business,Unemployed,18,Fair,0.5852334030273992,217712.0,1.0,East Matthew,VI,Sudan,0.0,0,Medio,2
33,Female,Master's,Married,112812.0,693.0,28655.0,Personal,Employed,4,Fair,0.11324885719656372,204939.0,2.0,Lake Shawn,ID,Dominican Republic,4.0,1,Alto,0
52,Female,Master's,Divorced,48429.0,753.0,16989.0,Home,Self-employed,18,Good,0.5843488350378881,288291.0,3.0,South Jamie,IA,North Macedonia,3.0,1,Alto,0
36,Male,Bachelor's,Divorced,30269.0,687.0,17204.0,Personal,Self-employed,15,Fair,0.21575925457442172,112360.0,4.0,New Debbieburgh,WV,Singapore,4.0,0,Alto,0
35,Male,PhD,Divorced,78602.0,636.0,35467.0,Business,Employed,6,Fair,0.3982752636490018,247822.0,0.0,West Ruben,OH,Suriname,0.0,2,Medio,2
55,Female,Bachelor's,Widowed,23830.0,727.0,8790.0,Personal,Unemployed,7,Good,0.5139119425209518,219328.0,1.0,Carmenberg,RI,Grenada,1.0,2,Alto,0
61,Female,PhD,Married,77752.0,678.0,21228.0,Business,Unemployed,2,Poor,0.3793166547430643,53574.0,0.0,North Kyleview,VI,Colombia,0.0,1,Medio,2
31,Non-binary,Bachelor's,Divorced,80040.0,639.0,12817.0,Home,Unemployed,4,Fair,0.16387505115984255,102364.0,2.0,East Andrewtown,PW,Germany,2.0,1,Medio,2
31,Female,Master's,Divorced,42778.0,654.0,36701.0,Personal,Self-employed,15,Good,0.5321254364656439,22123.0,4.0,Thomasstad,OH,Lebanon,2.0,1,Medio,2
31,Non-binary,Master's,Divorced,88264.0,677.0,21723.0,Auto,Unemployed,10,Poor,0.5551739931954357,214746.0,0.0,North Rebeccaburgh,FL,Anguilla,2.0,2,Medio,2
54,Male,Master's,Widowed,35162.0,686.0,29053.0,Home,Employed,18,Poor,0.4126183115704518,68160.0,0.0,Davidburgh,ND,Libyan Arab Jamahiriya,4.0,1,Alto,0
39,Non-binary,Bachelor's,Divorced,115195.0,741.0,19898.0,Personal,Self-employed,17,Good,0.12814674679092183,217560.0,2.0,Brandonshire,MP,Russian Federation,3.0,0,Alto,0
60,Female,Master's,Widowed,24870.0,693.0,33899.0,Home,Self-employed,8,Fair,0.1842139854274942,235986.0,4.0,Robertville,DE,Burkina Faso,3.0,2,Alto,0
45,Male,Master's,Married,94420.0,635.0,49608.0,Home,Self-employed,14,Excellent,0.2799474202689073,257646.0,4.0,Lopezfurt,WY,Lithuania,1.0,2,Medio,2
47,Female,PhD,Single,53580.0,628.0,35978.0,Auto,Self-employed,19,Excellent,0.599389502604127,126190.0,2.0,Reyestown,IA,Heard Island and McDonald Islands,1.0,1,Medio,2
28,Male,Master's,Divorced,85285.0,689.0,7754.0,Business,Self-employed,5,Poor,0.13643191026821536,66021.0,4.0,South Jamesberg,PA,Bahrain,4.0,0,Alto,0
43,Non-binary,Bachelor's,Divorced,97664.0,795.0,8880.0,Business,Employed,18,Poor,0.18398245642244512,166069.0,4.0,North Josephport,TN,Italy,4.0,1,Alto,0
37,Male,Bachelor's,Single,27407.0,677.0,5003.0,Business,Unemployed,1,Poor,0.4803566052033489,271799.0,1.0,Sarahport,ND,Zimbabwe,0.0,2,Alto,0
23,Male,Bachelor's,Divorced,73046.0,700.0,10224.0,Auto,Unemployed,11,Poor,0.5365529038077994,232422.0,4.0,Matthewside,TX,Sao Tome and Principe,3.0,0,Alto,0
40,Non-binary,Master's,Married,27645.0,763.0,13057.0,Home,Unemployed,13,Fair,0.22962430465184416,284850.0,0.0,West Christina,AZ,Mayotte,3.0,2,Alto,0
47,Non-binary,High School,Single,66233.0,731.0,24265.0,Auto,Employed,14,Poor,0.11955600690929888,139334.0,0.0,Rosalesbury,HI,Saint Kitts and Nevis,3.0,0,Alto,0
56,Male,PhD,Widowed,84366.0,794.0,14173.0,Personal,Self-employed,13,Poor,0.40578814224393833,49517.0,1.0,Griffinberg,WY,Honduras,3.0,2,Alto,0
51,Non-binary,PhD,Divorced,111044.0,644.0,33206.0,Auto,Unemployed,7,Excellent,0.2809177429031967,216585.0,2.0,Jonathanshire,MD,Morocco,3.0,2,Alto,0
18,Female,PhD,Widowed,109716.0,619.0,20876.0,Auto,Unemployed,1,Poor,0.2846617313747719,182852.0,2.0,North Davidchester,OR,Saudi Arabia,4.0,1,Alto,0
39,Non-binary,High School,Single,69948.0,741.0,22921.0,Auto,Employed,7,Poor,0.47683830174010877,51007.0,1.0,Hernandezmouth,AS,Egypt,1.0,2,Bajo,1
27,Female,High School,Divorced,48478.0,631.0,17059.0,Business,Self-employed,14,Excellent,0.46806303659245185,234347.0,0.0,Yolandashire,WI,Martinique,3.0,2,Alto,0
37,Non-binary,High School,Divorced,94570.0,784.0,13149.0,Business,Employed,12,Excellent,0.16224828546498118,230295.0,3.0,Travisstad,PR,Guinea-Bissau,3.0,2,Alto,0
63,Female,PhD,Widowed,92968.0,662.0,21102.0,Auto,Employed,11,Good,0.4245636185686129,42546.0,2.0,New Monique,VT,Bahrain,0.0,1,Medio,2
57,Male,PhD,Divorced,35174.0,673.0,22269.0,Auto,Employed,2,Excellent,0.4115790245776655,72330.0,3.0,South Becky,UT,Cayman Islands,4.0,0,Alto,0
25,Male,Master's,Divorced,74418.0,776.0,10650.0,Home,Self-employed,0,Good,0.13530269298296363,60468.0,3.0,Robertshire,KS,Somalia,4.0,1,Alto,0
48,Male,High School,Divorced,73952.0,676.0,5894.0,Business,Self-employed,6,Poor,0.48111603737224395,61329.0,1.0,Port Kaylee,ME,Mayotte,0.0,1,Medio,2
27,Male,PhD,Single,105920.0,650.0,13691.0,Personal,Employed,12,Excellent,0.24297973494349254,287661.0,0.0,Wrightmouth,KS,Guam,2.0,1,Medio,2
55,Male,Master's,Single,59974.0,654.0,44818.0,Auto,Unemployed,10,Good,0.12511864340307902,270782.0,2.0,Lake William,MO,Tajikistan,1.0,2,Medio,2
31,Female,PhD,Married,112693.0,711.0,6210.0,Home,Employed,15,Fair,0.5317896181146562,223760.0,1.0,Port David,MH,Cambodia,1.0,1,Bajo,1
23,Female,Bachelor's,Single,61335.0,695.0,45755.0,Home,Unemployed,16,Poor,0.26272104852301703,213164.0,3.0,New Jasonshire,VT,Fiji,1.0,0,Bajo,1
68,Male,Bachelor's,Single,109025.0,636.0,38500.0,Auto,Self-employed,12,Fair,0.4040135460073585,278050.0,1.0,Port Erica,ID,French Guiana,2.0,2,Medio,2
45,Non-binary,Bachelor's,Widowed,70588.0,722.0,45051.0,Business,Employed,0,Poor,0.46279566612886425,29070.0,3.0,West Cherylfurt,HI,Tunisia,4.0,1,Alto,0
58,Male,PhD,Married,25973.0,764.0,46107.0,Auto,Unemployed,0,Good,0.5483145721605674,272882.0,0.0,Joneston,CO,Andorra,0.0,1,Alto,0
23,Female,High School,Widowed,59648.0,768.0,41981.0,Business,Employed,11,Poor,0.16221842461894384,65411.0,2.0,West Jesseview,AL,Kenya,3.0,1,Alto,0
23,Non-binary,Bachelor's,Widowed,58516.0,608.0,31070.0,Auto,Unemployed,13,Excellent,0.3213417433144221,161674.0,3.0,Markmouth,ME,Haiti,3.0,0,Alto,0
50,Non-binary,High School,Widowed,80089.0,604.0,20955.0,Auto,Unemployed,8,Fair,0.44762561647889487,69842.0,1.0,Port Maureen,TN,Belize,1.0,2,Medio,2
33,Male,High School,Single,50364.0,788.0,49237.0,Auto,Self-employed,19,Fair,0.594648452805945,203509.0,3.0,Lake Pamela,AR,United States of America,2.0,2,Bajo,1
48,Male,Master's,Single,54171.0,705.0,43431.0,Home,Employed,16,Poor,0.17265516850863918,272142.0,4.0,Clineland,AZ,Colombia,0.0,1,Bajo,1
43,Non-binary,High School,Married,116777.0,634.0,13362.0,Home,Unemployed,13,Fair,0.19937311621264917,246313.0,4.0,Port Shannontown,NV,Vietnam,2.0,0,Medio,2
28,Female,Master's,Widowed,63832.0,789.0,38679.0,Business,Employed,17,Poor,0.5510493402034945,283074.0,3.0,Reneemouth,IL,Congo,2.0,2,Bajo,1
47,Non-binary,PhD,Divorced,99777.0,660.0,18499.0,Home,Self-employed,18,Fair,0.3459428175773438,75346.0,4.0,Reedhaven,ND,French Polynesia,4.0,0,Alto,0
18,Female,Master's,Single,34842.0,767.0,20245.0,Auto,Self-employed,16,Good,0.4001661177957454,279541.0,2.0,South Haleyburgh,WY,Tonga,3.0,1,Alto,0
41,Male,Bachelor's,Widowed,73420.0,662.0,14978.0,Business,Unemployed,1,Poor,0.19880161014010364,35923.0,4.0,New Staceyburgh,CT,South Africa,3.0,0,Alto,0
29,Non-binary,High School,Divorced,72798.0,652.0,44107.0,Personal,Employed,10,Poor,0.16036026770630893,247440.0,2.0,Freemanfort,MP,Germany,0.0,0,Medio,2
42,Non-binary,Bachelor's,Divorced,93212.0,743.0,37630.0,Personal,Self-employed,13,Fair,0.5437687589968617,256104.0,1.0,Heiditown,ME,Greenland,2.0,2,Bajo,1
40,Male,Master's,Divorced,25207.0,673.0,9617.0,Business,Unemployed,8,Good,0.520178251112681,156865.0,0.0,Lake Dorothy,WI,Chile,3.0,0,Alto,0
29,Male,Master's,Divorced,66257.0,619.0,38049.0,Personal,Self-employed,13,Excellent,0.5353842591014507,109068.0,3.0,New Lisa,MP,Montenegro,1.0,1,Medio,2
38,Male,PhD,Widowed,64484.0,714.0,5661.0,Auto,Self-employed,11,Excellent,0.2539255944374206,73476.0,2.0,Port Ryantown,HI,Iceland,2.0,2,Bajo,1
57,Male,Bachelor's,Divorced,98437.0,662.0,36450.0,Personal,Self-employed,10,Poor,0.5098700427694554,127763.0,4.0,Theresahaven,MS,Poland,4.0,1,Alto,0
48,Female,Bachelor's,Divorced,86786.0,726.0,29126.0,Home,Employed,0,Poor,0.23038845872712357,178862.0,0.0,Lake Kaitlynhaven,OR,Aruba,0.0,1,Bajo,1
22,Female,Master's,Divorced,42119.0,603.0,49332.0,Business,Self-employed,14,Fair,0.1387803049965914,172134.0,0.0,New Kaylabury,GU,Italy,4.0,0,Alto,0
28,Male,High School,Divorced,66221.0,684.0,32224.0,Business,Unemployed,8,Excellent,0.43895688012048484,141778.0,3.0,Hillburgh,PW,Jordan,1.0,0,Bajo,1
34,Non-binary,High School,Married,51066.0,658.0,45568.0,Business,Employed,14,Good,0.5926061260732438,269657.0,2.0,Ericashire,WI,Turkey,1.0,0,Medio,2
23,Female,PhD,Single,60024.0,702.0,49639.0,Home,Unemployed,1,Excellent,0.23176281827541437,299908.0,4.0,Lake Jessica,MD,Trinidad and Tobago,4.0,2,Alto,0
39,Female,Master's,Widowed,109971.0,642.0,11101.0,Auto,Self-employed,2,Good,0.3072177611029532,248910.0,3.0,Aaronborough,CA,Anguilla,0.0,2,Medio,2
59,Male,PhD,Single,61384.0,602.0,8705.0,Personal,Unemployed,11,Fair,0.3763799612075739,111061.0,0.0,East Charleneshire,CT,Costa Rica,1.0,2,Medio,2
38,Female,PhD,Single,50976.0,758.0,30249.0,Personal,Self-employed,15,Fair,0.4720854737546901,74247.0,0.0,Carrside,NC,Wallis and Futuna,3.0,0,Alto,0
54,Female,Bachelor's,Widowed,109856.0,623.0,49010.0,Business,Unemployed,17,Fair,0.11616392933424144,89766.0,0.0,New Rebeccachester,WI,Romania,1.0,0,Medio,2
32,Female,Bachelor's,Single,110287.0,757.0,7706.0,Personal,Self-employed,5,Excellent,0.4172291999987068,152010.0,1.0,New Marystad,MI,Palau,0.0,0,Bajo,1
36,Male,Bachelor's,Married,118698.0,651.0,45407.0,Home,Unemployed,11,Good,0.48692939486696807,96744.0,1.0,Alyssaton,IL,Benin,4.0,0,Alto,0
39,Male,PhD,Single,79784.0,720.0,40399.0,Personal,Employed,6,Fair,0.18421677386328347,177132.0,3.0,Victoriastad,FM,Sierra Leone,2.0,2,Bajo,1
33,Non-binary,Bachelor's,Married,68425.0,766.0,6516.0,Business,Self-employed,19,Fair,0.15723854593073702,128245.0,3.0,Port Sheila,MN,Ireland,4.0,2,Alto,0
59,Female,High School,Widowed,22928.0,748.0,24367.0,Business,Unemployed,5,Fair,0.12894050979236218,287590.0,3.0,South Rickyfurt,FL,Oman,3.0,1,Alto,0
30,Non-binary,High School,Single,71322.0,646.0,8141.0,Business,Self-employed,0,Poor,0.5794181919555796,161036.0,3.0,North Melissafort,FM,Afghanistan,1.0,2,Medio,2
35,Non-binary,PhD,Divorced,96068.0,605.0,16223.0,Personal,Self-employed,11,Poor,0.5481794900236134,233059.0,2.0,Ryanfurt,MT,Mozambique,0.0,1,Medio,2
18,Non-binary,Bachelor's,Single,69153.0,773.0,12945.0,Personal,Unemployed,8,Good,0.24128084415500503,62421.0,2.0,South Colemouth,NY,Ukraine,0.0,1,Bajo,1
68,Non-binary,Bachelor's,Divorced,89278.0,737.0,25257.0,Auto,Employed,12,Fair,0.11756722921150967,105821.0,2.0,Jonesside,PR,Slovakia (Slovak Republic),2.0,1,Bajo,1
54,Female,High School,Single,44887.0,710.0,33750.0,Auto,Unemployed,13,Good,0.16366515227123699,103937.0,0.0,Port Timothyburgh,LA,Lithuania,1.0,2,Bajo,1
28,Male,Bachelor's,Married,24112.0,622.0,5916.0,Auto,Self-employed,12,Fair,0.423824116904157,98886.0,4.0,Lake Kathleenville,FM,Sierra Leone,3.0,0,Alto,0
52,Female,Bachelor's,Widowed,47460.0,738.0,36548.0,Personal,Self-employed,11,Fair,0.3330678098485973,174784.0,0.0,Stephenberg,HI,Mozambique,1.0,1,Bajo,1
24,Female,Bachelor's,Single,35642.0,692.0,46449.0,Personal,Self-employed,13,Good,0.2983754514796694,65949.0,2.0,New Peter,ID,Morocco,2.0,0,Alto,0
35,Female,Bachelor's,Widowed,100589.0,622.0,24970.0,Personal,Self-employed,4,Fair,0.346351913408777,163278.0,1.0,South Dannyhaven,TN,Bosnia and Herzegovina,0.0,0,Medio,2
45,Female,High School,Widowed,110450.0,672.0,37521.0,Business,Self-employed,12,Good,0.31287128107465656,291155.0,3.0,Richardborough,NV,Spain,0.0,2,Medio,2
19,Male,High School,Single,21511.0,648.0,34898.0,Home,Unemployed,7,Excellent,0.22165749596295595,224034.0,0.0,South Erin,RI,Netherlands Antilles,3.0,2,Alto,0
40,Female,High School,Single,99251.0,782.0,31047.0,Home,Self-employed,10,Excellent,0.35645458552208964,129980.0,4.0,Port Jessicafort,HI,Christmas Island,2.0,0,Bajo,1
56,Female,PhD,Single,74457.0,716.0,5579.0,Home,Employed,15,Fair,0.2904806029438771,151909.0,4.0,Bryceshire,PR,Vietnam,0.0,2,Bajo,1
57,Female,High School,Divorced,47967.0,772.0,27013.0,Business,Self-employed,18,Excellent,0.148973883796255,187965.0,4.0,Smithtown,SC,Christmas Island,4.0,1,Alto,0
27,Non-binary,PhD,Single,64830.0,600.0,40569.0,Home,Unemployed,3,Excellent,0.1308846692871843,211298.0,2.0,North Jodyshire,MD,Syrian Arab Republic,0.0,1,Medio,2
24,Female,High School,Divorced,90560.0,607.0,20984.0,Business,Unemployed,14,Poor,0.4534386311569364,133198.0,0.0,Port Savannahshire,GA,Belgium,0.0,2,Medio,2
53,Non-binary,Bachelor's,Married,32332.0,760.0,36401.0,Home,Employed,10,Poor,0.405279107152681,86883.0,1.0,West Edwinstad,OH,New Zealand,4.0,0,Alto,0
51,Female,PhD,Divorced,56679.0,699.0,6912.0,Business,Employed,10,Poor,0.5291809184079633,120052.0,1.0,Robinsontown,CO,Norway,4.0,0,Alto,0
33,Non-binary,Master's,Single,102331.0,709.0,45271.0,Home,Self-employed,1,Good,0.41559627780476216,214082.0,3.0,Hebertville,IA,Israel,4.0,0,Alto,0
65,Female,Master's,Single,31423.0,794.0,47376.0,Personal,Self-employed,2,Poor,0.4055814240806037,86921.0,4.0,Port Wesley,DE,French Southern Territories,4.0,2,Alto,0
60,Non-binary,Master's,Widowed,22925.0,756.0,41123.0,Auto,Unemployed,3,Good,0.4548682237209537,61052.0,0.0,Rebeccabury,DE,Togo,3.0,1,Alto,0
37,Non-binary,PhD,Divorced,86403.0,748.0,13172.0,Personal,Employed,18,Poor,0.4161101640396352,234607.0,4.0,Lake Elizabeth,MH,Lithuania,1.0,2,Bajo,1
47,Female,PhD,Married,52632.0,791.0,34011.0,Personal,Self-employed,1,Fair,0.13306171353871002,194753.0,0.0,Michaelmouth,DC,Guernsey,2.0,1,Bajo,1
40,Non-binary,PhD,Divorced,25164.0,693.0,19410.0,Personal,Unemployed,14,Good,0.3738611313035767,183796.0,0.0,Williammouth,FM,Saint Martin,1.0,0,Alto,0
29,Female,Bachelor's,Divorced,25004.0,658.0,47315.0,Auto,Employed,13,Excellent,0.5564659023870052,172169.0,0.0,South Amandaport,ND,Australia,3.0,1,Alto,0
45,Non-binary,High School,Widowed,41038.0,770.0,9932.0,Personal,Unemployed,15,Poor,0.2061194498419208,26127.0,1.0,South Luke,FL,Trinidad and Tobago,0.0,1,Bajo,1
51,Female,High School,Divorced,91942.0,613.0,39126.0,Home,Self-employed,10,Fair,0.12194430127866471,20640.0,0.0,North Jason,NH,Indonesia,4.0,1,Alto,0
35,Non-binary,Master's,Widowed,119059.0,678.0,35374.0,Personal,Self-employed,6,Fair,0.12154143437263973,63041.0,3.0,Brianville,MD,Chad,4.0,2,Alto,0
28,Non-binary,Master's,Married,63098.0,634.0,15964.0,Business,Self-employed,16,Fair,0.22806529680539198,57722.0,0.0,New Laura,VI,Ecuador,1.0,2,Medio,2
63,Female,Master's,Married,66517.0,712.0,43728.0,Auto,Employed,13,Poor,0.10904467426048295,184078.0,2.0,Stevenland,AS,Serbia,0.0,0,Bajo,1
58,Female,High School,Divorced,40325.0,614.0,43724.0,Business,Unemployed,17,Excellent,0.4594159487802647,153507.0,0.0,Jamesborough,WY,Norway,2.0,2,Medio,2
49,Male,Master's,Widowed,55950.0,707.0,26241.0,Home,Unemployed,1,Fair,0.490763667454159,31950.0,0.0,West Laurafurt,MI,Lebanon,4.0,1,Alto,0
38,Male,High School,Married,73595.0,730.0,23565.0,Personal,Unemployed,16,Poor,0.436185115613307,219068.0,2.0,Adamfurt,VA,Spain,2.0,1,Bajo,1
54,Female,Bachelor's,Married,97169.0,611.0,48803.0,Business,Self-employed,9,Fair,0.562792579145284,185319.0,0.0,South Alexandraton,MH,Hungary,0.0,0,Medio,2
59,Male,High School,Divorced,75262.0,623.0,29532.0,Auto,Employed,5,Fair,0.57301562206125,25643.0,2.0,West Nathan,VI,Cote d'Ivoire,3.0,2,Alto,0
34,Non-binary,PhD,Married,33806.0,675.0,38472.0,Personal,Unemployed,16,Good,0.5961189217846956,28587.0,3.0,North Sandra,UT,Monaco,3.0,0,Alto,0
29,Non-binary,Master's,Widowed,118330.0,724.0,32865.0,Business,Unemployed,3,Fair,0.18136377854222666,282738.0,4.0,South Thomasburgh,LA,Madagascar,3.0,0,Alto,0
55,Male,High School,Married,119805.0,756.0,48899.0,Auto,Unemployed,9,Fair,0.15717773859020104,28285.0,3.0,Martinezfort,IL,Botswana,4.0,2,Alto,0
59,Male,Bachelor's,Divorced,102036.0,759.0,45662.0,Home,Unemployed,0,Poor,0.3376078293460978,84736.0,4.0,Lake Jose,CA,Kazakhstan,4.0,1,Alto,0
48,Male,Bachelor's,Divorced,48205.0,672.0,5837.0,Home,Self-employed,5,Excellent,0.5835106126926118,119229.0,3.0,Michealville,NY,United States Virgin Islands,0.0,1,Medio,2
69,Male,Bachelor's,Single,38982.0,768.0,45039.0,Home,Employed,3,Good,0.19462253688539496,279361.0,2.0,Robinsonmouth,MA,Malaysia,1.0,2,Alto,0
23,Female,Master's,Single,107073.0,643.0,36793.0,Business,Unemployed,19,Excellent,0.3758336003859942,114280.0,1.0,New Josephport,MO,Puerto Rico,0.0,1,Medio,2
61,Male,Bachelor's,Widowed,34306.0,616.0,24453.0,Business,Employed,14,Poor,0.18263732780911793,60378.0,1.0,Petersonton,FL,Isle of Man,3.0,2,Alto,0
47,Female,High School,Widowed,51368.0,729.0,5082.0,Personal,Unemployed,0,Fair,0.32871740075491596,151402.0,1.0,Lawrencemouth,IN,Romania,1.0,2,Bajo,1
33,Male,Bachelor's,Divorced,31817.0,670.0,27424.0,Personal,Unemployed,6,Good,0.5124941245636528,280081.0,2.0,South Laurenburgh,NC,Philippines,1.0,0,Alto,0
52,Female,PhD,Divorced,25000.0,759.0,5464.0,Business,Unemployed,17,Excellent,0.49562219559435305,188604.0,2.0,Guerrastad,PW,Madagascar,4.0,2,Alto,0
34,Non-binary,High School,Widowed,49974.0,646.0,41387.0,Home,Employed,18,Fair,0.4881293446248456,31660.0,1.0,New Christopherstad,NC,Philippines,1.0,0,Medio,2
63,Female,Master's,Divorced,81852.0,635.0,32276.0,Home,Employed,14,Poor,0.12142396963058003,127449.0,1.0,Colemouth,MI,Ethiopia,0.0,0,Medio,2
42,Female,Bachelor's,Divorced,95911.0,734.0,34277.0,Personal,Self-employed,3,Fair,0.3786601246713126,218950.0,4.0,Greenport,ID,Faroe Islands,2.0,1,Bajo,1
62,Female,Master's,Single,33117.0,632.0,35472.0,Auto,Unemployed,12,Poor,0.38661152257415343,282356.0,1.0,Jonesburgh,MP,Germany,4.0,2,Alto,0
21,Male,Bachelor's,Widowed,107858.0,681.0,43593.0,Auto,Unemployed,10,Excellent,0.2011392486654018,281101.0,0.0,North Cathy,AS,Wallis and Futuna,4.0,1,Alto,0
40,Female,Bachelor's,Divorced,59857.0,788.0,35966.0,Business,Unemployed,15,Excellent,0.10138355005479407,36907.0,1.0,Ashleymouth,WI,Marshall Islands,4.0,2,Alto,0
36,Non-binary,Master's,Divorced,116912.0,736.0,27341.0,Business,Self-employed,4,Poor,0.48494538705694934,182256.0,0.0,New Kathleen,GA,Bahamas,0.0,1,Bajo,1
29,Non-binary,Master's,Widowed,28050.0,691.0,8774.0,Auto,Unemployed,15,Poor,0.40111845391832956,151017.0,2.0,Lake Amber,LA,Niue,1.0,0,Alto,0
34,Male,Bachelor's,Married,75034.0,723.0,36856.0,Home,Self-employed,3,Excellent,0.1739861222018099,96591.0,0.0,East Sarah,CO,Kuwait,0.0,1,Bajo,1
23,Female,High School,Single,20599.0,700.0,6307.0,Personal,Unemployed,8,Fair,0.22198468518917971,67085.0,3.0,Lake Sandra,MH,Libyan Arab Jamahiriya,0.0,1,Alto,0
53,Female,PhD,Married,60693.0,746.0,47733.0,Auto,Employed,2,Good,0.4357614920881171,131495.0,3.0,Sheltonland,MO,Colombia,3.0,2,Alto,0
43,Male,High School,Divorced,72022.0,769.0,41441.0,Auto,Self-employed,1,Poor,0.4354084866265664,199104.0,1.0,South Darlene,MD,Congo,3.0,0,Alto,0
46,Non-binary,PhD,Widowed,93285.0,661.0,13948.0,Personal,Self-employed,6,Fair,0.4096618762029661,157344.0,4.0,Port Matthew,NJ,Bahamas,0.0,0,Medio,2
65,Female,High School,Single,21772.0,658.0,14270.0,Business,Self-employed,4,Poor,0.27452855152122446,152895.0,2.0,Stevenstad,MS,Burundi,1.0,2,Alto,0
18,Female,Bachelor's,Divorced,39513.0,649.0,32814.0,Business,Self-employed,13,Fair,0.15744766818947029,42090.0,0.0,Johnland,WV,Croatia,4.0,2,Alto,0
45,Female,High School,Divorced,93352.0,608.0,39006.0,Business,Self-employed,19,Fair,0.5574199224213489,298297.0,0.0,North Brandon,AS,Dominica,3.0,0,Alto,0
30,Female,High School,Single,32850.0,606.0,36421.0,Home,Unemployed,5,Good,0.1859678140170977,75563.0,3.0,Hawkinston,GA,Nauru,3.0,2,Alto,0
63,Non-binary,High School,Single,92708.0,726.0,47747.0,Auto,Unemployed,14,Excellent,0.3039731487005912,50215.0,1.0,Bowmanstad,CT,South Georgia and the South Sandwich Islands,2.0,2,Bajo,1
48,Male,High School,Married,48677.0,666.0,14437.0,Business,Unemployed,4,Poor,0.45167501738003424,54528.0,2.0,Campbellborough,OH,Kuwait,1.0,0,Medio,2
53,Female,Bachelor's,Widowed,75214.0,604.0,7143.0,Home,Employed,11,Excellent,0.5833206949042944,251735.0,0.0,South Andrewmouth,TX,Samoa,3.0,0,Alto,0
50,Non-binary,Bachelor's,Married,45741.0,704.0,40013.0,Business,Unemployed,16,Fair,0.11533570346466224,66229.0,1.0,Lake Gail,RI,Jamaica,0.0,0,Bajo,1
31,Male,High School,Single,22599.0,726.0,19482.0,Business,Self-employed,9,Excellent,0.37903127758838284,278791.0,3.0,Smithberg,OK,Puerto Rico,4.0,1,Alto,0
18,Non-binary,High School,Married,93131.0,623.0,46354.0,Personal,Self-employed,19,Poor,0.16917961670832862,256138.0,0.0,Davisberg,TN,Senegal,0.0,2,Medio,2
57,Male,Bachelor's,Married,110063.0,777.0,20657.0,Business,Self-employed,16,Good,0.1609648996695325,34508.0,3.0,North Danielhaven,CA,Palau,3.0,0,Alto,0
43,Female,Master's,Divorced,24033.0,712.0,30337.0,Business,Self-employed,10,Excellent,0.461511023354336,27885.0,3.0,Thomaschester,MO,Lithuania,0.0,1,Alto,0
45,Male,High School,Widowed,108589.0,752.0,15134.0,Business,Unemployed,17,Excellent,0.43800924897838645,127119.0,3.0,West Juanfort,MP,Trinidad and Tobago,4.0,1,Alto,0
27,Female,Bachelor's,Widowed,40337.0,798.0,38482.0,Business,Unemployed,13,Good,0.33868354563525227,175221.0,3.0,Nelsonstad,DC,Algeria,4.0,1,Alto,0
65,Male,Master's,Widowed,39514.0,724.0,41539.0,Business,Employed,9,Poor,0.34112764136023355,250680.0,0.0,Lake George,WI,Nepal,0.0,0,Alto,0
31,Female,Master's,Single,49350.0,781.0,40340.0,Auto,Unemployed,14,Poor,0.21593429301196768,63303.0,0.0,East Rebeccaberg,PR,Korea,4.0,2,Alto,0
20,Female,Bachelor's,Widowed,97093.0,788.0,44518.0,Auto,Employed,4,Fair,0.2371808682362138,270355.0,2.0,North Steven,GU,Bahrain,4.0,0,Alto,0
54,Male,PhD,Divorced,86833.0,674.0,19395.0,Home,Employed,8,Excellent,0.43703190935141556,105210.0,2.0,Sharihaven,GU,Cameroon,3.0,2,Alto,0
57,Female,High School,Widowed,119846.0,787.0,40069.0,Auto,Unemployed,3,Poor,0.4786972499142511,50122.0,1.0,New Chadborough,MH,Greece,1.0,1,Bajo,1
60,Male,PhD,Widowed,63086.0,747.0,15542.0,Personal,Employed,15,Excellent,0.37818168078548,173880.0,0.0,South Chad,NV,Antarctica (the territory South of 60 deg S),4.0,2,Alto,0
56,Non-binary,High School,Single,109142.0,765.0,39026.0,Personal,Self-employed,6,Poor,0.5055751156227859,90502.0,2.0,East Laura,MI,Jersey,4.0,1,Alto,0
49,Non-binary,Master's,Divorced,77228.0,778.0,32132.0,Business,Employed,18,Fair,0.34446010519351844,260604.0,3.0,Lawsonland,WI,Mayotte,0.0,0,Bajo,1
60,Female,Bachelor's,Single,36318.0,681.0,7666.0,Auto,Unemployed,3,Fair,0.3976774484672754,20310.0,0.0,Maryshire,AL,Somalia,4.0,1,Alto,0
29,Male,Bachelor's,Married,95842.0,728.0,38093.0,Auto,Unemployed,1,Excellent,0.3604837295014084,117786.0,4.0,Lake Kara,OK,Mongolia,3.0,0,Alto,0
34,Male,Master's,Single,36937.0,745.0,49357.0,Personal,Self-employed,1,Poor,0.3765809549542639,52729.0,4.0,New Blakeland,GA,Belarus,1.0,0,Alto,0
36,Non-binary,Master's,Single,27398.0,778.0,25498.0,Personal,Employed,3,Good,0.33298619767598203,44940.0,4.0,Munozburgh,MN,Chile,4.0,1,Alto,0
22,Female,Master's,Single,48390.0,648.0,17647.0,Business,Unemployed,16,Poor,0.14885331555134115,22644.0,1.0,Fisherborough,MT,Sao Tome and Principe,3.0,2,Alto,0
46,Non-binary,Bachelor's,Married,45968.0,645.0,44058.0,Auto,Unemployed,3,Fair,0.33674185763833997,90327.0,3.0,Thomasstad,MN,Svalbard & Jan Mayen Islands,2.0,1,Medio,2
37,Non-binary,PhD,Single,116190.0,743.0,48017.0,Home,Unemployed,16,Poor,0.45131886778437225,86844.0,2.0,West Michael,AK,Libyan Arab Jamahiriya,1.0,1,Bajo,1
32,Male,Master's,Married,102049.0,684.0,27081.0,Personal,Unemployed,15,Good,0.5980615799119611,199353.0,4.0,West Stephen,CO,Tuvalu,0.0,1,Bajo,1
64,Female,Master's,Divorced,114461.0,627.0,14253.0,Auto,Unemployed,12,Excellent,0.35160131153339347,50367.0,2.0,Port Taraburgh,CA,Tajikistan,2.0,0,Medio,2
61,Male,High School,Divorced,72233.0,701.0,31814.0,Auto,Self-employed,4,Poor,0.4846226564025913,168903.0,3.0,South Beth,DC,Fiji,3.0,2,Alto,0
39,Female,Bachelor's,Divorced,85795.0,712.0,43108.0,Personal,Self-employed,14,Good,0.15529474670922574,47551.0,1.0,South Adrianland,IN,Italy,4.0,1,Alto,0
19,Non-binary,Bachelor's,Single,84749.0,768.0,44771.0,Personal,Self-employed,15,Good,0.5820140805042069,237997.0,0.0,Jonathanside,NE,Mexico,2.0,0,Bajo,1
22,Female,Master's,Widowed,29615.0,766.0,47379.0,Business,Self-employed,19,Fair,0.14741495712178934,258973.0,0.0,South Nathanburgh,AS,Honduras,3.0,0,Alto,0
54,Male,Master's,Married,33111.0,613.0,11951.0,Home,Self-employed,4,Good,0.35466018799926924,285182.0,1.0,Howardfort,MS,Suriname,2.0,2,Alto,0
36,Female,High School,Widowed,25635.0,724.0,28437.0,Personal,Employed,11,Excellent,0.37925133719832815,102818.0,1.0,Theresashire,WY,Poland,2.0,2,Alto,0
45,Non-binary,Master's,Single,85035.0,627.0,17208.0,Home,Unemployed,13,Excellent,0.19912881086512804,221950.0,1.0,East Manuelside,AS,United Kingdom,2.0,1,Medio,2
61,Male,Master's,Divorced,37401.0,681.0,18295.0,Personal,Unemployed,9,Fair,0.5661081931365843,193586.0,3.0,Robertchester,MN,Serbia,3.0,2,Alto,0
21,Female,PhD,Married,115909.0,621.0,47290.0,Personal,Unemployed,2,Good,0.49872213009818855,165016.0,0.0,Debrafort,MO,Sri Lanka,0.0,2,Medio,2
67,Male,Master's,Married,41500.0,658.0,31153.0,Business,Employed,16,Poor,0.5018245036887162,25026.0,0.0,Kristinashire,WV,Guyana,1.0,2,Medio,2
26,Male,Master's,Divorced,103325.0,771.0,47353.0,Home,Unemployed,6,Excellent,0.16847595935832413,231464.0,4.0,Bowenhaven,WY,Lithuania,2.0,1,Bajo,1
34,Male,Bachelor's,Widowed,108876.0,623.0,38764.0,Business,Self-employed,9,Good,0.4087283527265746,41013.0,0.0,Christopherborough,AS,Singapore,1.0,2,Medio,2
22,Male,Master's,Divorced,22389.0,793.0,48212.0,Personal,Unemployed,16,Good,0.29655969655186387,237416.0,4.0,North Richard,SC,Tokelau,0.0,1,Alto,0
43,Female,Bachelor's,Married,69849.0,607.0,38984.0,Business,Unemployed,2,Excellent,0.4510163962091007,159020.0,1.0,New Lindsayberg,TX,Somalia,0.0,1,Medio,2
44,Non-binary,PhD,Divorced,113966.0,651.0,48779.0,Auto,Self-employed,18,Excellent,0.538784063793025,150971.0,1.0,Port Joseview,RI,Oman,0.0,1,Medio,2
65,Female,PhD,Widowed,41021.0,732.0,30811.0,Personal,Unemployed,1,Fair,0.5378377915651243,81056.0,4.0,Hallstad,NH,Ireland,0.0,2,Bajo,1
24,Male,PhD,Married,46141.0,718.0,48208.0,Personal,Unemployed,14,Good,0.18449143217662142,76776.0,4.0,Hortonview,RI,Cyprus,0.0,1,Bajo,1
38,Female,Bachelor's,Single,83654.0,701.0,20381.0,Auto,Self-employed,8,Poor,0.30769679798259075,157278.0,3.0,Morenofort,AK,Lao People's Democratic Republic,1.0,0,Bajo,1
63,Female,High School,Divorced,117599.0,702.0,13267.0,Business,Employed,11,Fair,0.23114224916972057,182711.0,4.0,North Mark,NE,Malawi,4.0,0,Alto,0
37,Female,PhD,Widowed,84771.0,610.0,47108.0,Personal,Self-employed,3,Excellent,0.33884235516257233,92782.0,4.0,East Jeanettemouth,WY,United States of America,3.0,2,Alto,0
63,Male,Master's,Divorced,106540.0,682.0,37699.0,Home,Self-employed,2,Excellent,0.45153727138409483,149665.0,4.0,Kristinamouth,SC,Monaco,1.0,2,Bajo,1
54,Male,PhD,Single,66404.0,639.0,44701.0,Business,Unemployed,11,Fair,0.3930574994934928,187960.0,0.0,Garciaview,MO,Montserrat,2.0,1,Medio,2
37,Female,PhD,Single,103488.0,740.0,33369.0,Personal,Employed,2,Poor,0.34218041950963574,64214.0,4.0,Monroeville,NM,Aruba,0.0,2,Bajo,1
43,Male,High School,Widowed,75942.0,646.0,10446.0,Home,Employed,1,Good,0.1805617179356572,155843.0,0.0,South Dustinton,FM,Georgia,0.0,1,Medio,2
64,Non-binary,High School,Married,34026.0,701.0,31133.0,Business,Unemployed,5,Excellent,0.3616285704893166,111569.0,2.0,Gonzalezland,ME,Togo,4.0,1,Alto,0
31,Male,PhD,Single,91366.0,642.0,19427.0,Business,Self-employed,3,Fair,0.3659779475463212,263474.0,4.0,Jamesfurt,NH,Korea,4.0,1,Alto,0
43,Female,Master's,Married,107350.0,756.0,7366.0,Home,Unemployed,10,Excellent,0.4439631728725606,126464.0,3.0,Florestown,VA,Norfolk Island,3.0,2,Alto,0
33,Male,High School,Single,42036.0,706.0,24983.0,Personal,Self-employed,12,Excellent,0.32481084464551446,37052.0,2.0,North Sarahborough,MA,Uruguay,4.0,2,Alto,0
40,Male,PhD,Divorced,85167.0,745.0,32360.0,Auto,Self-employed,2,Excellent,0.19987370367946625,60000.0,0.0,North Shane,WI,Sri Lanka,2.0,0,Bajo,1
56,Non-binary,PhD,Widowed,45720.0,698.0,21652.0,Personal,Employed,7,Good,0.2666658936856835,145609.0,0.0,Johnsonton,CO,Denmark,1.0,0,Bajo,1
36,Male,Master's,Married,82323.0,615.0,29659.0,Personal,Unemployed,1,Good,0.16123764735546112,156352.0,0.0,Chanshire,FM,Montenegro,1.0,1,Medio,2
36,Female,PhD,Widowed,32054.0,730.0,30308.0,Auto,Unemployed,7,Good,0.37432788181788323,177862.0,0.0,North Joshuamouth,CO,Nicaragua,3.0,2,Alto,0
52,Female,PhD,Divorced,21753.0,748.0,25744.0,Personal,Employed,16,Good,0.14081145434983325,54677.0,1.0,Collinsfort,UT,Kiribati,4.0,1,Alto,0
48,Female,Bachelor's,Divorced,96992.0,756.0,39362.0,Auto,Unemployed,18,Poor,0.15275841276038324,249314.0,1.0,Reginashire,MO,Mauritius,3.0,2,Alto,0
24,Female,Master's,Divorced,25702.0,727.0,21109.0,Home,Self-employed,2,Poor,0.3959538958478154,282425.0,3.0,South Sharonberg,ID,Liechtenstein,4.0,1,Alto,0
25,Male,High School,Widowed,38951.0,681.0,5220.0,Business,Employed,6,Poor,0.13995964183374074,262329.0,2.0,Christopherberg,VA,United States Virgin Islands,0.0,2,Alto,0
44,Male,Bachelor's,Widowed,100754.0,767.0,24177.0,Personal,Self-employed,16,Excellent,0.5170010505131695,158836.0,0.0,Deleonfurt,NM,Mongolia,4.0,0,Alto,0
18,Female,PhD,Divorced,59258.0,667.0,12792.0,Business,Employed,18,Excellent,0.47509618669464837,262686.0,1.0,New Toddstad,NC,Cocos (Keeling) Islands,0.0,1,Medio,2
47,Non-binary,Master's,Widowed,56126.0,670.0,23955.0,Auto,Unemployed,0,Excellent,0.24101561796352397,89374.0,4.0,South Curtis,AS,Norway,1.0,2,Medio,2
18,Non-binary,PhD,Divorced,72442.0,600.0,39356.0,Business,Self-employed,9,Good,0.13192979117649636,266096.0,4.0,South Kevin,NM,Japan,1.0,0,Medio,2
52,Male,Bachelor's,Divorced,87894.0,662.0,26352.0,Business,Employed,8,Good,0.5901653908677846,87016.0,2.0,Port Cynthiatown,KY,Slovakia (Slovak Republic),4.0,1,Alto,0
42,Female,High School,Widowed,63473.0,644.0,21282.0,Business,Employed,0,Good,0.42202486076288914,112690.0,3.0,New Markbury,WI,Belize,3.0,0,Alto,0
23,Female,Master's,Divorced,36375.0,672.0,15745.0,Auto,Employed,18,Good,0.2872389881606763,67479.0,2.0,Dianehaven,NE,Haiti,4.0,2,Alto,0
54,Female,PhD,Single,79570.0,753.0,11993.0,Home,Employed,9,Fair,0.24016621702346533,75237.0,0.0,Matthewport,OH,Vanuatu,0.0,1,Bajo,1
30,Female,Bachelor's,Married,52314.0,677.0,41477.0,Auto,Self-employed,3,Good,0.48420412471543306,139461.0,2.0,Brittanyburgh,AZ,Aruba,1.0,2,Medio,2
69,Non-binary,High School,Widowed,114165.0,710.0,19190.0,Home,Employed,15,Poor,0.37533495554175633,238709.0,0.0,West Kristenborough,ID,Luxembourg,2.0,0,Bajo,1
68,Male,PhD,Single,63239.0,603.0,9638.0,Business,Employed,18,Excellent,0.2045852391622425,103872.0,4.0,New Judyside,AL,Ethiopia,3.0,1,Alto,0
60,Non-binary,PhD,Divorced,44160.0,718.0,25954.0,Auto,Employed,16,Poor,0.1717618650412834,252098.0,0.0,Heatherhaven,AR,Palau,3.0,0,Alto,0
24,Male,PhD,Divorced,30796.0,666.0,9947.0,Home,Unemployed,5,Excellent,0.3649368493757208,26549.0,1.0,Port Jenniferbury,KY,Denmark,0.0,0,Alto,0
39,Non-binary,Master's,Widowed,101984.0,642.0,32287.0,Home,Employed,15,Good,0.22510305661041943,24552.0,1.0,Hollyton,IA,Georgia,3.0,1,Alto,0
56,Non-binary,Bachelor's,Widowed,59865.0,755.0,21544.0,Personal,Unemployed,8,Poor,0.14608748927388696,100993.0,3.0,Lake Tracy,AL,Liechtenstein,3.0,2,Alto,0
41,Non-binary,PhD,Single,103265.0,726.0,5001.0,Business,Employed,18,Poor,0.11991539515535374,230036.0,1.0,Erikaborough,LA,Bahrain,0.0,0,Bajo,1
34,Female,High School,Widowed,109825.0,664.0,24478.0,Personal,Employed,16,Good,0.18507522349264346,208519.0,4.0,Jamesshire,AK,Slovakia (Slovak Republic),4.0,1,Alto,0
67,Non-binary,Master's,Widowed,116256.0,657.0,41160.0,Business,Employed,0,Excellent,0.5980656195269702,294025.0,4.0,East Edward,KY,Reunion,0.0,0,Medio,2
45,Female,Master's,Divorced,43102.0,769.0,30069.0,Personal,Self-employed,2,Poor,0.11339320794006327,218444.0,4.0,North Cathy,PW,Saint Pierre and Miquelon,0.0,1,Bajo,1
44,Non-binary,Bachelor's,Widowed,98711.0,640.0,6502.0,Auto,Self-employed,4,Excellent,0.47476118426710845,46536.0,4.0,Jenniferborough,WA,Niue,1.0,2,Medio,2
54,Female,Master's,Married,52326.0,656.0,40864.0,Business,Employed,13,Fair,0.27918613577584417,105941.0,1.0,Michelleshire,AR,Bosnia and Herzegovina,4.0,0,Alto,0
57,Male,High School,Married,101289.0,663.0,10509.0,Auto,Unemployed,2,Fair,0.298689374588164,189867.0,1.0,West Shawnland,ND,Ukraine,3.0,0,Alto,0
22,Non-binary,PhD,Single,98647.0,774.0,31623.0,Home,Self-employed,3,Poor,0.45848179236568665,40704.0,2.0,Abigailtown,VT,Georgia,4.0,2,Alto,0
65,Female,Master's,Married,73205.0,647.0,6398.0,Personal,Unemployed,1,Good,0.20913859990305264,143538.0,0.0,West Jeremy,ID,Holy See (Vatican City State),2.0,2,Medio,2
31,Non-binary,PhD,Divorced,56516.0,688.0,39626.0,Home,Self-employed,0,Good,0.42471700182573924,66521.0,4.0,Adrianport,AS,Palestinian Territory,0.0,2,Bajo,1
67,Male,Master's,Widowed,118752.0,646.0,12832.0,Business,Unemployed,11,Poor,0.27428864205853576,110625.0,4.0,Samuelfurt,SC,Estonia,4.0,2,Alto,0
22,Female,Bachelor's,Widowed,74641.0,686.0,21811.0,Business,Self-employed,6,Good,0.47077760155879766,182286.0,0.0,Shawnmouth,WA,Gambia,4.0,0,Alto,0
52,Non-binary,Bachelor's,Widowed,35860.0,754.0,44695.0,Personal,Unemployed,16,Excellent,0.21927892749080954,151909.0,2.0,Kellyside,PA,Romania,0.0,0,Alto,0
58,Non-binary,Bachelor's,Married,89890.0,613.0,32726.0,Auto,Employed,13,Good,0.18603763484664773,217144.0,4.0,North Loganberg,GU,Tokelau,0.0,1,Medio,2
43,Non-binary,Bachelor's,Widowed,55194.0,703.0,31457.0,Business,Unemployed,5,Excellent,0.15241433763202986,106173.0,0.0,West Jason,ND,Uruguay,2.0,0,Bajo,1
52,Non-binary,PhD,Divorced,118560.0,753.0,5621.0,Business,Employed,5,Good,0.3849868535829266,197480.0,0.0,Port Angela,AK,Swaziland,4.0,0,Alto,0
69,Non-binary,PhD,Divorced,83815.0,615.0,35766.0,Personal,Unemployed,1,Fair,0.14994367519295923,127832.0,0.0,Cranetown,PW,Fiji,1.0,0,Medio,2
36,Non-binary,High School,Single,64845.0,770.0,14610.0,Auto,Unemployed,7,Good,0.13638739082754645,105568.0,3.0,Brooksmouth,NM,Mongolia,4.0,0,Alto,0
67,Male,PhD,Single,27882.0,710.0,41693.0,Personal,Employed,3,Fair,0.4238476838176619,94820.0,1.0,Dunnhaven,WA,Senegal,2.0,1,Alto,0
69,Male,Master's,Single,81713.0,798.0,5678.0,Business,Employed,4,Fair,0.5794456291668517,159511.0,4.0,North Michelle,LA,Gibraltar,1.0,1,Bajo,1
54,Non-binary,High School,Married,36767.0,643.0,41497.0,Business,Unemployed,3,Poor,0.15240313750033282,210435.0,3.0,Matthewfurt,SD,Solomon Islands,4.0,1,Alto,0
64,Male,PhD,Single,106796.0,700.0,17706.0,Business,Unemployed,14,Excellent,0.23736874356686635,148888.0,4.0,West Donnafurt,AK,Mexico,3.0,1,Alto,0
37,Male,Master's,Widowed,54129.0,689.0,15270.0,Personal,Self-employed,6,Excellent,0.5147233384277965,119061.0,1.0,Lake Christinastad,RI,Turkey,3.0,1,Alto,0
48,Female,Bachelor's,Widowed,33392.0,665.0,25709.0,Business,Employed,6,Excellent,0.11735804692068,38093.0,0.0,Richardborough,OK,Mayotte,4.0,2,Alto,0
50,Male,Bachelor's,Divorced,24429.0,661.0,27567.0,Auto,Self-employed,4,Excellent,0.41561474262732,30602.0,4.0,East Daniel,FL,Jordan,3.0,1,Alto,0
69,Female,Bachelor's,Single,21249.0,790.0,15626.0,Auto,Employed,14,Good,0.27809279318145763,185056.0,2.0,West Annport,WY,Mexico,4.0,2,Alto,0
57,Female,PhD,Single,26732.0,663.0,36073.0,Business,Self-employed,14,Poor,0.509116062602767,41440.0,2.0,Port Teresaview,TN,Syrian Arab Republic,2.0,2,Alto,0
29,Non-binary,PhD,Married,114633.0,728.0,44229.0,Home,Self-employed,1,Poor,0.2300981762478235,67034.0,0.0,Davischester,MI,Mexico,2.0,0,Bajo,1
54,Non-binary,Master's,Single,97754.0,778.0,9038.0,Personal,Unemployed,18,Poor,0.1165681032080498,39206.0,1.0,Herreramouth,TX,Bouvet Island (Bouvetoya),2.0,0,Bajo,1
21,Female,Bachelor's,Married,49236.0,714.0,40263.0,Auto,Employed,7,Fair,0.4997208069670177,248210.0,2.0,East Karen,CO,Bosnia and Herzegovina,0.0,2,Bajo,1
69,Female,High School,Married,47299.0,622.0,16603.0,Business,Unemployed,17,Fair,0.15650512711281864,77011.0,4.0,North Sarahmouth,MA,Slovenia,0.0,1,Medio,2
36,Male,High School,Single,76808.0,605.0,29121.0,Business,Self-employed,8,Poor,0.5686050686710298,287270.0,0.0,Isabelchester,PR,French Polynesia,4.0,2,Alto,0
67,Male,Master's,Married,52250.0,722.0,47442.0,Home,Employed,18,Excellent,0.12124350499307254,202835.0,4.0,New Derrick,VI,Saint Barthelemy,3.0,0,Alto,0
56,Male,High School,Single,38866.0,796.0,26164.0,Personal,Unemployed,9,Fair,0.141839637811531,99298.0,4.0,Stephaniestad,WI,Myanmar,1.0,0,Alto,0
37,Male,PhD,Widowed,114520.0,696.0,12721.0,Auto,Employed,12,Fair,0.2606352775028603,277038.0,4.0,Walkerberg,OK,Fiji,2.0,1,Bajo,1
65,Non-binary,High School,Single,50932.0,748.0,6737.0,Personal,Employed,6,Fair,0.16238099464965652,134321.0,3.0,East Joannahaven,TX,Israel,0.0,2,Bajo,1
66,Male,Master's,Widowed,24698.0,657.0,43708.0,Auto,Self-employed,0,Good,0.5598109812067881,277293.0,1.0,Jessicaborough,ME,Saint Vincent and the Grenadines,1.0,2,Alto,0
38,Non-binary,PhD,Divorced,45156.0,765.0,15263.0,Business,Employed,0,Excellent,0.4149068318620903,132753.0,0.0,South Emily,MS,Mexico,3.0,2,Alto,0
43,Female,Master's,Married,69047.0,650.0,36509.0,Home,Employed,12,Fair,0.31542568551699846,246386.0,1.0,Rachelburgh,MD,Jersey,2.0,1,Medio,2
22,Female,High School,Single,43580.0,670.0,33468.0,Auto,Employed,2,Fair,0.26871042002114487,277238.0,0.0,North Francisco,CT,Christmas Island,2.0,0,Medio,2
39,Non-binary,Bachelor's,Single,37903.0,662.0,8566.0,Personal,Unemployed,18,Fair,0.2829747384725875,56377.0,3.0,Dorisborough,MP,Greece,3.0,0,Alto,0
56,Male,PhD,Single,55481.0,715.0,34897.0,Home,Unemployed,6,Excellent,0.3652667955062906,280318.0,0.0,North Deborah,UT,Burkina Faso,2.0,0,Bajo,1
64,Non-binary,Bachelor's,Married,24369.0,644.0,27955.0,Auto,Self-employed,9,Excellent,0.24188988105581707,163331.0,0.0,Jasonfurt,SD,Guatemala,4.0,1,Alto,0
30,Female,Master's,Divorced,25830.0,616.0,19332.0,Personal,Unemployed,7,Excellent,0.39611835547886765,206961.0,2.0,Haileymouth,IN,Italy,0.0,0,Alto,0
68,Male,PhD,Widowed,71940.0,785.0,45596.0,Personal,Self-employed,0,Good,0.35200485856826147,189090.0,0.0,North Marctown,ND,Gambia,2.0,1,Bajo,1
29,Male,Master's,Married,21403.0,614.0,36626.0,Personal,Self-employed,14,Excellent,0.3882780825808987,92086.0,3.0,New Marieburgh,VT,Congo,3.0,0,Alto,0
45,Non-binary,Master's,Single,86013.0,622.0,30719.0,Personal,Self-employed,9,Fair,0.5924287657405714,84822.0,0.0,Deleonview,AL,Christmas Island,1.0,2,Medio,2
53,Non-binary,Bachelor's,Married,115956.0,701.0,13184.0,Home,Unemployed,18,Poor,0.1938609603310982,153347.0,0.0,Webbfurt,AK,Samoa,4.0,0,Alto,0
66,Non-binary,Bachelor's,Married,95236.0,641.0,35846.0,Personal,Employed,6,Poor,0.1494218739984646,78638.0,2.0,Sarahfurt,NJ,Sao Tome and Principe,1.0,1,Medio,2
21,Non-binary,High School,Divorced,48964.0,736.0,8938.0,Personal,Employed,5,Excellent,0.36753658492476715,250593.0,0.0,Hollandton,CO,Puerto Rico,1.0,0,Bajo,1
18,Non-binary,High School,Widowed,61232.0,767.0,12731.0,Auto,Self-employed,0,Poor,0.41005669167097214,222378.0,2.0,Gravesburgh,NC,Paraguay,4.0,1,Alto,0
32,Male,High School,Married,71408.0,755.0,48350.0,Home,Unemployed,10,Good,0.19339493810897232,222033.0,4.0,Port Laura,MO,Sweden,4.0,1,Alto,0
43,Male,Master's,Married,61912.0,786.0,29725.0,Business,Employed,12,Fair,0.17766379038837707,79120.0,1.0,South Brianview,PR,Italy,3.0,0,Alto,0
35,Non-binary,Bachelor's,Single,106951.0,713.0,39741.0,Home,Self-employed,4,Poor,0.44178993530716426,164223.0,0.0,North Regina,MN,Cook Islands,3.0,1,Alto,0
62,Female,PhD,Divorced,63290.0,768.0,27676.0,Personal,Employed,13,Excellent,0.4086112147548593,285195.0,0.0,West Stephanie,KY,Guinea,1.0,0,Bajo,1
63,Female,PhD,Divorced,103319.0,656.0,44668.0,Personal,Unemployed,7,Good,0.12757345408516077,91757.0,3.0,Tammyshire,GA,Austria,3.0,0,Alto,0
58,Female,Bachelor's,Single,59491.0,620.0,11605.0,Personal,Employed,1,Fair,0.3886579422187726,130866.0,1.0,Johnsonland,AR,Gibraltar,1.0,0,Medio,2
32,Female,Bachelor's,Single,89253.0,793.0,9126.0,Home,Unemployed,4,Excellent,0.3503118270506973,241504.0,3.0,Thomasmouth,FL,Rwanda,2.0,0,Bajo,1
51,Female,PhD,Widowed,50889.0,625.0,13759.0,Auto,Self-employed,4,Excellent,0.2708642962993304,214861.0,3.0,South Kellychester,MI,Equatorial Guinea,0.0,1,Medio,2
34,Female,Bachelor's,Married,112721.0,605.0,23991.0,Home,Employed,3,Excellent,0.13567575595874262,245068.0,1.0,New Matthewmouth,KY,Papua New Guinea,2.0,2,Medio,2
25,Female,Master's,Married,113878.0,612.0,15069.0,Home,Employed,15,Good,0.24457589299815027,250887.0,1.0,Martinfurt,AL,Equatorial Guinea,1.0,0,Medio,2
62,Non-binary,High School,Single,47632.0,607.0,45284.0,Home,Unemployed,10,Good,0.1530743742446287,167917.0,1.0,West Jeffreyview,IL,Saint Barthelemy,4.0,1,Alto,0
40,Male,PhD,Divorced,98748.0,658.0,28130.0,Business,Employed,1,Excellent,0.4055855680919548,77041.0,2.0,Lewishaven,PA,Bahamas,0.0,0,Medio,2
30,Non-binary,High School,Widowed,64739.0,676.0,36928.0,Auto,Self-employed,0,Excellent,0.5220553722049157,230600.0,1.0,Melodyshire,CT,Maldives,1.0,0,Medio,2
41,Female,Master's,Widowed,66573.0,619.0,34675.0,Auto,Unemployed,9,Good,0.13787116346019426,23978.0,2.0,Lake Katherine,NV,Guatemala,4.0,0,Alto,0
44,Male,High School,Divorced,65111.0,794.0,24012.0,Home,Unemployed,10,Poor,0.15952538246895934,100976.0,0.0,Fowlerhaven,VA,Luxembourg,4.0,1,Alto,0
38,Non-binary,Bachelor's,Widowed,54519.0,714.0,27662.0,Business,Employed,11,Excellent,0.18235890644952887,48902.0,4.0,Haaston,KY,Sierra Leone,4.0,2,Alto,0
36,Non-binary,PhD,Divorced,59191.0,704.0,22650.0,Personal,Employed,13,Poor,0.14550849310489775,294648.0,4.0,Port Brenda,NE,Korea,3.0,2,Alto,0
67,Male,Master's,Divorced,64588.0,770.0,24546.0,Personal,Self-employed,3,Poor,0.4508532920582785,30087.0,3.0,Desireetown,VI,Indonesia,2.0,0,Bajo,1
39,Male,Master's,Single,93509.0,692.0,35136.0,Business,Employed,0,Poor,0.4430492946575437,199829.0,2.0,Jeffland,MI,Finland,2.0,0,Bajo,1
61,Male,Master's,Divorced,113926.0,634.0,26216.0,Business,Unemployed,6,Poor,0.4672593281783981,207159.0,4.0,Crawfordview,SC,El Salvador,0.0,2,Medio,2
48,Male,High School,Widowed,54647.0,704.0,36843.0,Personal,Employed,2,Fair,0.17307292869705035,53244.0,2.0,Smithport,AK,Cape Verde,1.0,0,Bajo,1
31,Female,Bachelor's,Widowed,21915.0,782.0,5381.0,Personal,Employed,1,Good,0.5235486335138855,264709.0,4.0,South Daniel,MH,Philippines,4.0,2,Alto,0
54,Male,PhD,Married,98919.0,700.0,39017.0,Auto,Employed,13,Good,0.44907432738661734,31570.0,3.0,Davidchester,AR,Iceland,0.0,0,Bajo,1
33,Female,High School,Divorced,25580.0,779.0,29797.0,Home,Unemployed,0,Good,0.1459456216352544,172203.0,1.0,Madisonmouth,PW,San Marino,4.0,2,Alto,0
34,Male,PhD,Widowed,68285.0,613.0,23587.0,Personal,Employed,11,Excellent,0.5170190398118282,181114.0,1.0,Stuartmouth,GU,United States Virgin Islands,0.0,1,Medio,2
36,Female,High School,Single,104728.0,626.0,18473.0,Home,Self-employed,0,Good,0.11456449289577911,22516.0,1.0,Stricklandbury,MS,Madagascar,4.0,0,Alto,0
53,Male,Master's,Single,22794.0,669.0,34621.0,Business,Unemployed,3,Fair,0.5227961064375053,218897.0,1.0,Lisaland,MA,Tonga,2.0,0,Alto,0
54,Female,PhD,Widowed,76306.0,680.0,13462.0,Home,Self-employed,7,Excellent,0.4875383286439098,232605.0,1.0,Sandraport,VI,Iceland,4.0,2,Alto,0
62,Non-binary,PhD,Married,48368.0,770.0,35805.0,Home,Employed,7,Fair,0.3869192242667867,269633.0,1.0,Robleshaven,CT,Falkland Islands (Malvinas),4.0,0,Alto,0
62,Non-binary,Bachelor's,Single,112008.0,731.0,41680.0,Personal,Self-employed,5,Fair,0.5795647723927703,227183.0,0.0,West Alejandroview,MO,Cameroon,1.0,0,Bajo,1
34,Male,High School,Single,90478.0,719.0,26836.0,Home,Employed,15,Fair,0.2375276618078476,165745.0,1.0,West Wesleyview,MI,Jersey,0.0,1,Bajo,1
43,Male,Bachelor's,Widowed,57479.0,630.0,25769.0,Personal,Unemployed,10,Good,0.18906068786698774,291599.0,1.0,Leslieshire,CO,Jersey,2.0,0,Medio,2
46,Male,High School,Single,72167.0,721.0,17756.0,Auto,Employed,11,Poor,0.2546021919454481,205746.0,4.0,Elliottport,PW,Angola,3.0,2,Alto,0
45,Female,High School,Divorced,107359.0,680.0,44811.0,Auto,Unemployed,2,Poor,0.5153729927529425,158652.0,4.0,Jacobsfurt,NH,Puerto Rico,4.0,1,Alto,0
62,Male,Bachelor's,Single,76843.0,713.0,43923.0,Personal,Unemployed,10,Poor,0.5861781883540379,221169.0,1.0,Younghaven,KY,Yemen,4.0,0,Alto,0
34,Male,Bachelor's,Married,65939.0,768.0,28847.0,Home,Unemployed,6,Excellent,0.13927417925015764,42149.0,1.0,Jacksontown,IN,Suriname,3.0,2,Alto,0
24,Non-binary,Bachelor's,Divorced,44737.0,694.0,46699.0,Auto,Employed,14,Good,0.37627424593057646,193548.0,1.0,Montesburgh,IN,Dominican Republic,4.0,0,Alto,0
64,Non-binary,High School,Single,107204.0,755.0,47096.0,Home,Unemployed,7,Fair,0.4822692302875329,88201.0,2.0,Port Matthew,RI,Slovakia (Slovak Republic),4.0,1,Alto,0
27,Male,PhD,Single,54229.0,709.0,18715.0,Auto,Employed,16,Good,0.2239176796651848,51750.0,1.0,Lucasborough,MH,Turkmenistan,4.0,2,Alto,0
19,Non-binary,High School,Widowed,81009.0,641.0,20060.0,Personal,Unemployed,5,Excellent,0.42050114518822257,162438.0,1.0,Smithton,GU,Albania,0.0,0,Medio,2
39,Male,High School,Single,101032.0,742.0,21720.0,Home,Unemployed,7,Poor,0.4350129157216742,205278.0,3.0,Madelineland,UT,Gabon,4.0,1,Alto,0
36,Non-binary,High School,Widowed,34418.0,660.0,31794.0,Personal,Unemployed,2,Good,0.286307786993799,195164.0,0.0,Brianmouth,RI,Saint Pierre and Miquelon,0.0,2,Alto,0
23,Male,Master's,Divorced,24758.0,637.0,16368.0,Home,Employed,1,Poor,0.48898773526433403,153692.0,4.0,Port Jenniferburgh,KS,Uganda,1.0,2,Alto,0
54,Male,Bachelor's,Married,22202.0,718.0,16148.0,Auto,Unemployed,13,Excellent,0.37816534271749436,117680.0,1.0,Johnsonfort,VI,Honduras,3.0,0,Alto,0
22,Non-binary,Bachelor's,Divorced,36265.0,611.0,10794.0,Home,Unemployed,3,Fair,0.5560974995581724,246255.0,1.0,Wrightmouth,MO,Saint Vincent and the Grenadines,3.0,2,Alto,0
20,Non-binary,Master's,Divorced,76503.0,685.0,26946.0,Business,Self-employed,15,Fair,0.24176267254599268,156692.0,0.0,North Janice,VT,Slovenia,1.0,2,Bajo,1
32,Male,High School,Single,26820.0,686.0,49281.0,Auto,Self-employed,19,Good,0.402636810922013,137413.0,1.0,Connerstad,ID,New Caledonia,3.0,1,Alto,0
66,Male,PhD,Single,96982.0,693.0,45599.0,Personal,Self-employed,13,Poor,0.5655617540845985,178458.0,1.0,Kathrynview,PR,Puerto Rico,4.0,0,Alto,0
54,Non-binary,High School,Widowed,116951.0,639.0,25442.0,Personal,Employed,1,Excellent,0.5979627095474772,258582.0,3.0,Lake Kyle,MH,Bulgaria,3.0,1,Alto,0
26,Non-binary,High School,Single,71986.0,662.0,42312.0,Personal,Self-employed,19,Fair,0.3440959878784946,150192.0,3.0,Chandlertown,WI,Oman,2.0,0,Medio,2
60,Male,PhD,Widowed,71857.0,767.0,12868.0,Business,Employed,6,Poor,0.3061553709197101,211825.0,1.0,New Amy,MP,Andorra,4.0,1,Alto,0
19,Male,High School,Married,81344.0,795.0,13559.0,Auto,Self-employed,11,Good,0.34783631359824385,71995.0,0.0,Lake Adrianfort,MH,Mongolia,3.0,0,Alto,0
68,Male,PhD,Single,101288.0,740.0,29701.0,Home,Employed,9,Fair,0.2337261657680951,25495.0,4.0,Darrylfurt,GU,Ecuador,4.0,0,Alto,0
62,Female,PhD,Divorced,23405.0,611.0,12599.0,Business,Self-employed,15,Poor,0.5067158364066088,218050.0,1.0,West Ericfort,MH,New Zealand,2.0,2,Alto,0
46,Male,Bachelor's,Single,106298.0,608.0,9876.0,Business,Self-employed,0,Excellent,0.36742188388122843,34508.0,1.0,Jacksonview,PW,Sudan,1.0,2,Medio,2
67,Female,High School,Married,57203.0,645.0,21717.0,Business,Employed,10,Fair,0.1503520587336072,153491.0,3.0,West Melissa,TX,Ecuador,3.0,1,Alto,0
51,Male,High School,Divorced,82771.0,741.0,44815.0,Auto,Unemployed,16,Fair,0.5272016991592632,266210.0,3.0,Henrychester,SC,Niger,0.0,2,Bajo,1
26,Male,High School,Divorced,51514.0,687.0,26740.0,Home,Employed,10,Excellent,0.3029819144310194,74028.0,4.0,Michaelmouth,AR,Serbia,4.0,1,Alto,0
36,Male,Bachelor's,Married,45107.0,670.0,45721.0,Home,Unemployed,1,Fair,0.3279533854013049,64138.0,2.0,North Ryan,NE,Gibraltar,4.0,1,Alto,0
61,Non-binary,PhD,Divorced,63050.0,672.0,20637.0,Business,Unemployed,14,Poor,0.3002573321558183,165996.0,1.0,Rubentown,MD,Bulgaria,3.0,2,Alto,0
66,Non-binary,PhD,Married,116946.0,788.0,47890.0,Home,Employed,16,Good,0.2525501202945677,230246.0,1.0,North Carol,DE,Seychelles,1.0,2,Bajo,1
65,Non-binary,Bachelor's,Married,43508.0,691.0,41881.0,Personal,Unemployed,10,Poor,0.3687978914654505,257012.0,1.0,New Victoria,IN,Oman,4.0,0,Alto,0
25,Male,Master's,Widowed,80639.0,736.0,36295.0,Personal,Self-employed,15,Poor,0.4887700114868889,194008.0,2.0,Port Jennifer,NH,Faroe Islands,1.0,0,Bajo,1
66,Female,PhD,Single,80598.0,688.0,15718.0,Business,Employed,10,Poor,0.5545086252148341,291737.0,0.0,New Brittneytown,FM,Azerbaijan,3.0,1,Alto,0
36,Female,High School,Widowed,72784.0,761.0,28477.0,Personal,Unemployed,5,Poor,0.23394623240094412,219759.0,0.0,Jamesberg,CA,Zambia,4.0,1,Alto,0
40,Male,High School,Widowed,118903.0,670.0,6148.0,Personal,Unemployed,12,Excellent,0.22653572215156068,122640.0,4.0,Vanessabury,WV,Tanzania,4.0,0,Alto,0
30,Female,PhD,Divorced,76172.0,730.0,17519.0,Business,Unemployed,16,Good,0.35114095158872705,297449.0,3.0,New Steven,CA,Venezuela,2.0,0,Bajo,1
41,Female,Master's,Divorced,76249.0,683.0,35807.0,Business,Employed,16,Good,0.5174810010360664,206269.0,2.0,Josephbury,IL,Portugal,4.0,1,Alto,0
63,Male,High School,Divorced,70000.0,751.0,37723.0,Business,Self-employed,13,Good,0.1216225208857242,140789.0,4.0,North Rick,PW,Liechtenstein,2.0,1,Bajo,1
61,Male,Bachelor's,Married,77773.0,656.0,26905.0,Auto,Unemployed,9,Good,0.5658355594080973,288851.0,1.0,North Taylor,ND,British Virgin Islands,0.0,1,Medio,2
48,Female,High School,Single,91745.0,773.0,42853.0,Home,Unemployed,13,Fair,0.24922711930306893,110198.0,3.0,Deannaburgh,PA,Bosnia and Herzegovina,0.0,2,Bajo,1
42,Non-binary,High School,Widowed,22696.0,682.0,16183.0,Personal,Unemployed,4,Excellent,0.5813673343004121,195318.0,3.0,Williamshaven,TX,Antarctica (the territory South of 60 deg S),2.0,1,Alto,0
39,Female,Bachelor's,Single,48259.0,633.0,22104.0,Home,Unemployed,16,Excellent,0.5770644110020238,136545.0,0.0,Jameston,UT,Taiwan,3.0,1,Alto,0
29,Female,Bachelor's,Widowed,32420.0,764.0,5667.0,Auto,Employed,7,Fair,0.3292135252597077,209397.0,1.0,Shaneshire,MT,Bulgaria,1.0,2,Alto,0
39,Non-binary,Master's,Single,58062.0,694.0,40010.0,Auto,Employed,10,Poor,0.30932599045195164,110027.0,0.0,Keyport,HI,Sierra Leone,1.0,1,Bajo,1
61,Non-binary,Bachelor's,Married,75097.0,781.0,5947.0,Home,Self-employed,8,Excellent,0.355808535060682,174228.0,0.0,New Amy,PW,Cook Islands,2.0,2,Bajo,1
54,Female,High School,Married,55547.0,649.0,23407.0,Personal,Unemployed,19,Good,0.5413386300347284,228802.0,4.0,Port Keithfort,WY,Wallis and Futuna,2.0,1,Medio,2
60,Female,High School,Divorced,118694.0,771.0,13924.0,Personal,Self-employed,14,Poor,0.5491267146852449,95128.0,3.0,Westberg,PR,Jamaica,4.0,1,Alto,0
63,Non-binary,Bachelor's,Married,45992.0,619.0,28206.0,Home,Self-employed,0,Excellent,0.5552153757078102,174995.0,1.0,Port Samantha,OH,Chile,1.0,0,Medio,2
20,Non-binary,Bachelor's,Widowed,105379.0,659.0,42524.0,Personal,Employed,10,Poor,0.5367264724989976,297875.0,0.0,New Paulchester,NH,Sudan,4.0,1,Alto,0
20,Non-binary,Bachelor's,Widowed,26486.0,670.0,40685.0,Personal,Self-employed,13,Poor,0.25960857645737967,262896.0,2.0,Foxchester,VI,Bosnia and Herzegovina,4.0,0,Alto,0
53,Female,Bachelor's,Widowed,80797.0,765.0,49654.0,Home,Unemployed,6,Poor,0.34747050010595903,156269.0,2.0,Johnsonberg,MO,Hong Kong,1.0,1,Bajo,1
51,Female,PhD,Married,72510.0,645.0,9662.0,Business,Employed,15,Poor,0.3697815594385484,115988.0,1.0,Port Kimberly,MD,Israel,0.0,1,Medio,2
56,Non-binary,High School,Widowed,118622.0,745.0,5847.0,Business,Unemployed,10,Good,0.5858495609891827,181634.0,2.0,Port Johntown,SC,Norfolk Island,4.0,1,Alto,0
65,Non-binary,Bachelor's,Widowed,45110.0,746.0,22151.0,Personal,Employed,6,Excellent,0.15164649687124301,285373.0,0.0,Kaisertown,MO,North Macedonia,0.0,2,Bajo,1
63,Female,Bachelor's,Married,64608.0,657.0,25089.0,Home,Unemployed,0,Excellent,0.3256675616202397,114575.0,2.0,Port Michael,SD,Lesotho,1.0,2,Medio,2
26,Male,High School,Divorced,35688.0,606.0,6468.0,Business,Self-employed,15,Excellent,0.44411343940386605,55130.0,3.0,Brianabury,MP,South Georgia and the South Sandwich Islands,2.0,2,Alto,0
23,Non-binary,Bachelor's,Divorced,96023.0,739.0,47666.0,Personal,Unemployed,1,Poor,0.21490304451070621,47326.0,3.0,North Brookeshire,TN,Mayotte,0.0,2,Bajo,1
53,Non-binary,Master's,Single,40249.0,777.0,30061.0,Business,Self-employed,11,Fair,0.21728766706714217,189550.0,1.0,Port Tonimouth,LA,Andorra,1.0,0,Bajo,1
44,Non-binary,High School,Divorced,68648.0,659.0,44927.0,Business,Employed,1,Good,0.3738582274925104,84864.0,0.0,Jayland,ND,Pakistan,4.0,1,Alto,0
33,Male,Bachelor's,Married,119490.0,638.0,7702.0,Business,Self-employed,4,Excellent,0.14646423740812273,128562.0,1.0,Paulfort,MO,Austria,3.0,1,Alto,0
30,Female,Master's,Widowed,45476.0,766.0,8442.0,Home,Employed,19,Good,0.14755272950803336,192314.0,4.0,Lake Edwin,TX,Reunion,2.0,1,Bajo,1
45,Male,PhD,Married,91791.0,648.0,16476.0,Home,Employed,19,Excellent,0.23084172345896117,142379.0,3.0,Adrienneland,WV,United Kingdom,2.0,0,Medio,2
43,Non-binary,High School,Divorced,90917.0,611.0,20890.0,Personal,Self-employed,6,Fair,0.4483287223376803,158410.0,0.0,Port Christine,AL,Togo,2.0,1,Medio,2
52,Non-binary,Bachelor's,Widowed,52956.0,792.0,10113.0,Personal,Employed,6,Fair,0.30972130395284125,108527.0,4.0,Priceville,NY,Oman,2.0,2,Bajo,1
51,Female,High School,Divorced,36802.0,649.0,27546.0,Personal,Unemployed,18,Good,0.5380925913023967,127908.0,2.0,East Michael,NC,United States of America,2.0,0,Alto,0
29,Non-binary,Master's,Widowed,30051.0,740.0,43075.0,Business,Employed,6,Good,0.4598547494225984,113572.0,0.0,Davidchester,FL,Saudi Arabia,4.0,0,Alto,0
24,Female,High School,Divorced,79630.0,611.0,22802.0,Business,Self-employed,0,Good,0.5402141162227326,268822.0,3.0,Ashleymouth,ME,Antarctica (the territory South of 60 deg S),4.0,2,Alto,0
55,Non-binary,PhD,Widowed,21436.0,645.0,39449.0,Auto,Employed,1,Good,0.34354281772616224,242472.0,1.0,Mitchellfort,PR,Tokelau,0.0,0,Alto,0
48,Female,Master's,Married,47032.0,607.0,7472.0,Auto,Self-employed,15,Good,0.1466053449313179,92708.0,1.0,Lake Donald,AS,Morocco,4.0,2,Alto,0
53,Non-binary,Master's,Widowed,104715.0,713.0,23421.0,Personal,Employed,19,Poor,0.1843250961735127,121402.0,3.0,Johnsonview,IN,Sri Lanka,1.0,1,Bajo,1
59,Non-binary,Bachelor's,Single,22422.0,772.0,23057.0,Auto,Employed,17,Excellent,0.15519279732925903,265869.0,4.0,Millerborough,UT,Swaziland,2.0,1,Alto,0
28,Male,Bachelor's,Divorced,55085.0,658.0,39649.0,Personal,Self-employed,1,Fair,0.49771466583529234,124625.0,3.0,Port Amanda,AK,United Kingdom,0.0,2,Medio,2
56,Non-binary,Master's,Single,64706.0,709.0,5009.0,Auto,Unemployed,1,Fair,0.5746184064679564,105387.0,0.0,Millerport,MI,Sudan,4.0,0,Alto,0
64,Female,High School,Divorced,108301.0,673.0,15557.0,Business,Unemployed,9,Good,0.2244008563286957,94255.0,3.0,Ashleyview,KY,Syrian Arab Republic,4.0,2,Alto,0
41,Non-binary,PhD,Divorced,65099.0,723.0,11428.0,Home,Unemployed,7,Fair,0.5056359686429327,162721.0,1.0,South Troyport,KS,Antigua and Barbuda,3.0,0,Alto,0
57,Female,Bachelor's,Divorced,94642.0,682.0,30047.0,Personal,Self-employed,19,Excellent,0.2195274499535085,136804.0,3.0,Port Sherriburgh,MT,Egypt,4.0,2,Alto,0
46,Female,High School,Single,43636.0,761.0,13061.0,Auto,Self-employed,18,Fair,0.1393239927263756,254658.0,1.0,Lopezfort,AZ,Libyan Arab Jamahiriya,2.0,1,Bajo,1
22,Male,Master's,Widowed,60131.0,726.0,21296.0,Home,Employed,6,Poor,0.47719712010159765,168264.0,1.0,North Philipburgh,MD,Kuwait,0.0,0,Bajo,1
33,Male,Master's,Widowed,37383.0,680.0,29107.0,Home,Employed,14,Fair,0.10782058675811992,136749.0,0.0,Cathyport,DE,Benin,1.0,1,Alto,0
24,Non-binary,High School,Married,67820.0,760.0,31507.0,Home,Unemployed,12,Poor,0.21760180671665344,45143.0,2.0,Carrollhaven,CT,Palestinian Territory,4.0,1,Alto,0
65,Non-binary,Master's,Widowed,35050.0,689.0,5879.0,Business,Unemployed,11,Fair,0.3776889919147397,114449.0,1.0,East Douglastown,IL,Pakistan,0.0,0,Alto,0
41,Non-binary,Master's,Divorced,25171.0,675.0,23626.0,Home,Employed,10,Poor,0.3859311565593536,29740.0,2.0,Blakeside,FL,Iran,3.0,1,Alto,0
44,Female,Master's,Widowed,66129.0,734.0,27871.0,Home,Employed,7,Fair,0.3286075707804176,101314.0,4.0,Port David,PA,Cameroon,2.0,0,Bajo,1
19,Female,Master's,Widowed,95829.0,672.0,8034.0,Business,Employed,10,Excellent,0.31262452124706364,76987.0,1.0,Robertstown,MS,Iraq,0.0,0,Medio,2
46,Male,Master's,Divorced,112081.0,672.0,23984.0,Home,Unemployed,12,Poor,0.2160153119226759,160739.0,2.0,Brooksfurt,NC,Serbia,0.0,2,Medio,2
56,Female,Master's,Married,26092.0,789.0,13678.0,Personal,Self-employed,0,Fair,0.1988383089459375,157039.0,0.0,Jonesside,AZ,Trinidad and Tobago,4.0,0,Alto,0
18,Non-binary,High School,Married,72184.0,714.0,17742.0,Home,Self-employed,7,Poor,0.4213213425930664,231955.0,2.0,South Cassandra,GU,Mauritania,3.0,0,Alto,0
23,Male,High School,Divorced,29524.0,660.0,13509.0,Auto,Self-employed,18,Good,0.17508207588372673,183340.0,3.0,West Codyfort,ID,Guam,3.0,2,Alto,0
42,Female,Bachelor's,Divorced,49992.0,774.0,13371.0,Auto,Employed,0,Good,0.36927958740251654,199454.0,4.0,East Shannonmouth,MN,Romania,0.0,0,Bajo,1
21,Male,High School,Married,71224.0,664.0,39193.0,Business,Employed,19,Good,0.4292070566384133,165480.0,2.0,East Shawna,MT,Bouvet Island (Bouvetoya),2.0,1,Medio,2
38,Female,Master's,Single,38101.0,777.0,8494.0,Business,Unemployed,5,Good,0.36639026209004233,222515.0,1.0,West Martinchester,VI,Israel,1.0,0,Alto,0
45,Male,Master's,Widowed,69527.0,689.0,20098.0,Home,Unemployed,0,Poor,0.17698331798783526,69761.0,4.0,West Jeffreyville,MP,Sudan,1.0,1,Bajo,1
56,Female,Master's,Divorced,112635.0,622.0,41968.0,Business,Unemployed,14,Good,0.3049652385695416,107657.0,1.0,Manuelchester,AR,Montenegro,0.0,1,Medio,2
66,Non-binary,Bachelor's,Divorced,20016.0,799.0,37035.0,Auto,Unemployed,10,Good,0.13496697875788513,197567.0,2.0,Lake Bryanland,RI,Croatia,0.0,2,Alto,0
32,Non-binary,PhD,Divorced,94081.0,614.0,25999.0,Business,Unemployed,14,Poor,0.280709573258758,150543.0,3.0,Shepherdville,OH,Malawi,4.0,1,Alto,0
63,Male,Master's,Single,99118.0,615.0,41989.0,Home,Self-employed,4,Fair,0.23824410672237537,100488.0,0.0,Codyton,SC,Malawi,4.0,1,Alto,0
67,Male,Master's,Widowed,23996.0,604.0,15341.0,Auto,Employed,18,Excellent,0.4573577991803347,69607.0,1.0,Hintonfurt,IL,Jamaica,0.0,2,Alto,0
57,Male,Bachelor's,Married,29182.0,648.0,36298.0,Auto,Self-employed,10,Fair,0.3256507749257733,57129.0,0.0,South Paul,RI,Germany,2.0,2,Alto,0
65,Male,High School,Married,90035.0,690.0,15938.0,Personal,Self-employed,3,Fair,0.4805379970726247,232371.0,1.0,Port Carrie,CO,Papua New Guinea,2.0,1,Bajo,1
53,Male,Master's,Widowed,29305.0,698.0,38611.0,Auto,Unemployed,15,Poor,0.5803286638663965,47877.0,0.0,Stantonside,ID,Myanmar,1.0,1,Alto,0
48,Non-binary,Master's,Divorced,70808.0,644.0,40010.0,Home,Self-employed,13,Good,0.22850308786902643,240970.0,1.0,South Rickychester,IN,Brazil,2.0,1,Medio,2
28,Male,Master's,Single,109023.0,722.0,32588.0,Personal,Self-employed,13,Good,0.18529289061771068,240843.0,0.0,Bensonfurt,CT,Cook Islands,1.0,1,Bajo,1
64,Female,Bachelor's,Married,52643.0,786.0,32573.0,Personal,Employed,12,Good,0.5348420358076947,35676.0,3.0,Lake James,MI,Canada,4.0,0,Alto,0
59,Female,Master's,Married,88382.0,662.0,45870.0,Personal,Unemployed,19,Excellent,0.22977925845757327,125622.0,3.0,Bethhaven,KY,Japan,2.0,2,Medio,2
20,Female,Master's,Married,77937.0,659.0,35466.0,Auto,Employed,11,Excellent,0.13635667118584313,174289.0,1.0,New Robert,VA,Christmas Island,2.0,0,Medio,2
42,Male,Bachelor's,Widowed,104590.0,682.0,44674.0,Business,Employed,4,Fair,0.4545987523658792,50368.0,4.0,Robertsonfort,DC,Saint Pierre and Miquelon,4.0,0,Alto,0
68,Non-binary,High School,Widowed,94300.0,698.0,25360.0,Auto,Unemployed,16,Poor,0.20704863034298812,155973.0,0.0,Geraldhaven,SC,Costa Rica,3.0,0,Alto,0
42,Female,Bachelor's,Married,36860.0,700.0,35870.0,Personal,Employed,8,Fair,0.15600411817782792,200700.0,3.0,Foxton,FL,Bolivia,0.0,0,Alto,0
24,Male,Master's,Widowed,66229.0,734.0,8630.0,Auto,Employed,19,Fair,0.5456958240968877,125960.0,4.0,Gomezchester,ME,French Guiana,4.0,2,Alto,0
42,Male,Master's,Divorced,119317.0,662.0,33217.0,Business,Employed,8,Good,0.5748314095991313,293739.0,4.0,New Ashleyborough,NE,Cuba,3.0,0,Alto,0
50,Female,PhD,Married,113938.0,714.0,27179.0,Auto,Self-employed,18,Good,0.25436469052896304,240597.0,1.0,Lake Lindsey,MP,Botswana,0.0,1,Bajo,1
27,Non-binary,Master's,Widowed,95324.0,620.0,48235.0,Personal,Self-employed,6,Poor,0.1303043197609777,45742.0,2.0,West Timothyberg,VT,Namibia,2.0,2,Medio,2
21,Non-binary,Bachelor's,Widowed,21071.0,674.0,19789.0,Business,Unemployed,14,Poor,0.49815063036283647,56410.0,4.0,East Randyshire,OK,Sierra Leone,2.0,1,Alto,0
43,Male,Bachelor's,Married,42580.0,614.0,33843.0,Personal,Employed,14,Poor,0.5706444860488566,294914.0,2.0,East Natasha,SD,United States Virgin Islands,2.0,2,Medio,2
31,Non-binary,High School,Widowed,27087.0,756.0,7214.0,Auto,Employed,19,Poor,0.43911852574960697,147820.0,3.0,Sarahborough,UT,Kuwait,2.0,2,Alto,0
59,Female,Master's,Single,103973.0,683.0,49414.0,Personal,Self-employed,18,Poor,0.4466118248182229,122236.0,1.0,East Ronnie,NJ,Northern Mariana Islands,0.0,0,Bajo,1
68,Male,Master's,Widowed,74681.0,773.0,28480.0,Home,Unemployed,0,Excellent,0.5104901899583455,261312.0,2.0,New Petermouth,NE,Korea,4.0,2,Alto,0
30,Non-binary,High School,Single,106544.0,769.0,44185.0,Business,Unemployed,18,Good,0.5522422680763838,83460.0,4.0,Melvinchester,MT,Monaco,3.0,0,Alto,0
18,Non-binary,PhD,Divorced,35591.0,701.0,29270.0,Auto,Employed,10,Fair,0.5916270119094735,146097.0,2.0,Lake Steve,MS,Colombia,0.0,1,Alto,0
56,Male,Bachelor's,Single,84067.0,778.0,39308.0,Home,Self-employed,13,Fair,0.2607246568906817,53125.0,1.0,Amychester,TX,Poland,0.0,1,Bajo,1
26,Non-binary,Master's,Widowed,42463.0,616.0,47130.0,Home,Unemployed,1,Good,0.18450160861847967,268675.0,4.0,Erinberg,DE,Bulgaria,0.0,1,Medio,2
50,Male,High School,Divorced,52171.0,745.0,34384.0,Personal,Employed,7,Fair,0.1475734703655784,299247.0,3.0,Lake Jessica,WI,Niger,3.0,2,Alto,0
44,Non-binary,Bachelor's,Single,60728.0,673.0,22668.0,Business,Self-employed,5,Good,0.3089350087583328,267464.0,1.0,West Virginia,AS,Angola,1.0,1,Medio,2
35,Female,High School,Single,58839.0,721.0,18758.0,Business,Employed,4,Excellent,0.2845336413713503,160540.0,3.0,North Jennaburgh,KS,Lao People's Democratic Republic,1.0,2,Bajo,1
27,Male,High School,Divorced,31603.0,684.0,24256.0,Personal,Unemployed,11,Fair,0.24849995066091182,68371.0,3.0,Angelhaven,AS,Greenland,4.0,0,Alto,0
63,Female,High School,Widowed,118505.0,644.0,23561.0,Home,Unemployed,2,Poor,0.13051875309359492,60875.0,2.0,Hicksstad,MD,Mauritania,3.0,2,Alto,0
35,Male,Bachelor's,Divorced,97838.0,796.0,7347.0,Auto,Self-employed,17,Excellent,0.28506159777002105,26421.0,4.0,East Jamesmouth,CO,Iceland,3.0,2,Alto,0
20,Female,Bachelor's,Single,25361.0,626.0,15383.0,Auto,Unemployed,5,Fair,0.5072159853242569,166453.0,0.0,Lake Oliviashire,IN,Oman,4.0,1,Alto,0
18,Female,High School,Widowed,78451.0,754.0,17952.0,Personal,Unemployed,1,Fair,0.13765031908629813,101021.0,2.0,Parkborough,NC,Afghanistan,1.0,2,Bajo,1
50,Female,Bachelor's,Divorced,84105.0,733.0,12593.0,Business,Unemployed,18,Excellent,0.5619101724255767,94079.0,0.0,North Jacqueline,SD,Palestinian Territory,4.0,2,Alto,0
69,Female,Master's,Widowed,78786.0,664.0,48547.0,Auto,Self-employed,11,Good,0.290854487422224,290173.0,0.0,Butlerfort,ID,Andorra,4.0,0,Alto,0
36,Non-binary,Bachelor's,Widowed,61095.0,761.0,40568.0,Home,Employed,17,Fair,0.260427265033059,58038.0,2.0,West Paul,VI,Falkland Islands (Malvinas),1.0,0,Bajo,1
39,Female,High School,Widowed,29605.0,703.0,49781.0,Auto,Employed,19,Excellent,0.23560510810477467,74073.0,0.0,Vincentshire,SD,Chad,1.0,1,Alto,0
31,Non-binary,High School,Married,79261.0,737.0,49531.0,Business,Unemployed,6,Excellent,0.2256543234782993,122714.0,0.0,West Raventon,LA,Russian Federation,1.0,1,Bajo,1
20,Male,High School,Single,89177.0,782.0,46465.0,Auto,Employed,3,Excellent,0.43508378087607247,171773.0,2.0,West Zachary,AZ,Niue,4.0,2,Alto,0
41,Male,Master's,Single,28945.0,657.0,31571.0,Home,Self-employed,13,Fair,0.1272852750265965,189100.0,1.0,South Kendra,AZ,Madagascar,1.0,0,Alto,0
26,Non-binary,Master's,Married,42658.0,649.0,22921.0,Personal,Self-employed,7,Good,0.40465103802606506,276296.0,2.0,East Frankchester,DE,Paraguay,0.0,0,Medio,2
33,Female,High School,Divorced,67941.0,650.0,41623.0,Business,Unemployed,13,Poor,0.20728419099374348,32512.0,4.0,Jonathanburgh,VI,Syrian Arab Republic,2.0,1,Medio,2
42,Female,Master's,Divorced,49179.0,713.0,24715.0,Business,Employed,18,Good,0.2199743326970968,278316.0,4.0,Simmonsbury,NJ,Saudi Arabia,4.0,1,Alto,0
69,Male,High School,Widowed,75076.0,785.0,16243.0,Home,Self-employed,17,Good,0.20370547218865806,249472.0,4.0,North Duane,NH,Jamaica,3.0,2,Alto,0
60,Non-binary,Master's,Widowed,44260.0,705.0,44338.0,Auto,Self-employed,2,Poor,0.378903544209511,218279.0,2.0,West David,ME,Georgia,0.0,2,Bajo,1
35,Female,PhD,Divorced,56181.0,705.0,43419.0,Home,Unemployed,8,Good,0.4228772822711704,38663.0,3.0,New Sara,OH,Lesotho,4.0,0,Alto,0
40,Non-binary,High School,Divorced,119958.0,755.0,10119.0,Personal,Employed,6,Good,0.4105972831029333,209161.0,2.0,New Tim,PW,Pakistan,2.0,1,Bajo,1
58,Male,PhD,Single,37748.0,686.0,30497.0,Auto,Unemployed,0,Excellent,0.24094028169048828,289343.0,4.0,Davisburgh,ME,Burundi,0.0,1,Alto,0
41,Non-binary,Bachelor's,Single,22407.0,749.0,17509.0,Business,Self-employed,4,Excellent,0.17918745764221963,99902.0,4.0,Traciberg,MH,Bouvet Island (Bouvetoya),3.0,2,Alto,0
35,Male,Bachelor's,Married,61205.0,704.0,25841.0,Personal,Employed,10,Poor,0.48732468609940327,187916.0,4.0,Knightport,PW,Rwanda,2.0,2,Bajo,1
36,Female,High School,Married,78798.0,722.0,39885.0,Auto,Self-employed,15,Excellent,0.3680598134805022,269389.0,4.0,Franciscoberg,ID,American Samoa,4.0,0,Alto,0
43,Non-binary,Bachelor's,Divorced,114679.0,777.0,38470.0,Auto,Employed,5,Good,0.1298365641126568,274485.0,3.0,Osbornbury,VI,Costa Rica,3.0,1,Alto,0
42,Non-binary,Master's,Widowed,81561.0,666.0,32258.0,Business,Employed,17,Fair,0.38824378381246993,153847.0,2.0,Brianashire,VT,Peru,4.0,1,Alto,0
20,Female,Master's,Single,88850.0,672.0,8366.0,Home,Unemployed,0,Good,0.5290620793523113,58550.0,2.0,Kellerbury,KY,United Kingdom,0.0,0,Medio,2
18,Female,PhD,Divorced,93746.0,684.0,14545.0,Business,Employed,17,Good,0.44728235134550476,180565.0,0.0,Jonesside,OR,Mozambique,2.0,0,Bajo,1
59,Male,PhD,Widowed,102424.0,630.0,48530.0,Business,Self-employed,16,Fair,0.509856189698664,182475.0,2.0,South Natashaton,AS,Panama,3.0,1,Alto,0
35,Female,High School,Married,109627.0,755.0,6719.0,Personal,Unemployed,18,Excellent,0.1214875858009268,234497.0,2.0,Kathyshire,NY,Cayman Islands,3.0,0,Alto,0
63,Non-binary,Bachelor's,Single,26647.0,790.0,10033.0,Auto,Unemployed,12,Good,0.5401852599980449,137014.0,1.0,West Jessicashire,WA,Antarctica (the territory South of 60 deg S),0.0,2,Alto,0
28,Non-binary,High School,Married,55242.0,709.0,21179.0,Business,Employed,7,Poor,0.4450253482617955,225899.0,1.0,Meltonborough,MD,Brazil,3.0,1,Alto,0
38,Non-binary,PhD,Single,99941.0,751.0,30532.0,Home,Unemployed,15,Good,0.5449736702759388,70397.0,1.0,Michaelland,AK,Sweden,4.0,0,Alto,0
67,Female,PhD,Married,32987.0,664.0,30150.0,Home,Unemployed,6,Fair,0.47040588256096616,267560.0,0.0,Kellyshire,AS,Seychelles,4.0,2,Alto,0
63,Male,PhD,Married,62311.0,604.0,19760.0,Auto,Employed,5,Excellent,0.5773023467816757,195388.0,2.0,North Kimberlystad,MA,Saint Pierre and Miquelon,3.0,1,Alto,0
32,Female,High School,Single,79303.0,726.0,5645.0,Auto,Unemployed,5,Good,0.36693769060927006,235813.0,4.0,Brittanyshire,WI,India,1.0,1,Bajo,1
46,Non-binary,Bachelor's,Widowed,119020.0,724.0,9806.0,Business,Self-employed,11,Poor,0.11286629650948918,54801.0,2.0,Stevenland,AZ,South Africa,0.0,1,Bajo,1
24,Non-binary,High School,Divorced,85729.0,744.0,14764.0,Auto,Employed,18,Fair,0.482969800225703,126985.0,0.0,Arthurhaven,PW,Northern Mariana Islands,3.0,0,Alto,0
52,Male,PhD,Married,99453.0,774.0,27510.0,Home,Employed,10,Excellent,0.2181612919069613,262530.0,0.0,New Megan,DC,Somalia,1.0,1,Bajo,1
22,Non-binary,PhD,Single,38642.0,727.0,7966.0,Personal,Unemployed,17,Excellent,0.19468568120341642,152675.0,3.0,New Renee,MH,Dominica,4.0,1,Alto,0
69,Male,High School,Divorced,88458.0,778.0,10611.0,Home,Employed,1,Poor,0.36371908499975236,185665.0,0.0,Kellyfort,NM,Germany,4.0,1,Alto,0
45,Male,Master's,Widowed,56069.0,741.0,41421.0,Home,Unemployed,8,Poor,0.37617263556327873,51691.0,1.0,Johnton,TX,Papua New Guinea,0.0,0,Bajo,1
20,Female,Master's,Divorced,98948.0,723.0,19598.0,Business,Unemployed,16,Good,0.17832920501114227,264143.0,2.0,New Marvin,NH,Angola,3.0,1,Alto,0
21,Non-binary,PhD,Single,109949.0,626.0,30906.0,Business,Unemployed,10,Fair,0.3251846095752553,101362.0,1.0,Port Josebury,RI,Bhutan,1.0,0,Medio,2
22,Male,PhD,Married,33091.0,695.0,39544.0,Home,Employed,3,Good,0.39641849092809645,64346.0,1.0,West Catherine,IA,Afghanistan,1.0,2,Alto,0
24,Non-binary,Bachelor's,Widowed,66032.0,703.0,31880.0,Business,Unemployed,19,Poor,0.26833453653088457,162299.0,2.0,Matthewbury,VI,Venezuela,2.0,2,Bajo,1
33,Female,PhD,Married,104042.0,696.0,16682.0,Personal,Unemployed,5,Good,0.18738726683790183,34979.0,4.0,Aprilberg,NJ,Eritrea,0.0,1,Bajo,1
45,Non-binary,Master's,Widowed,117328.0,778.0,8409.0,Business,Employed,6,Excellent,0.35836321871107424,156533.0,3.0,Shannonburgh,NH,Lao People's Democratic Republic,2.0,1,Bajo,1
66,Non-binary,Bachelor's,Single,105537.0,682.0,18155.0,Auto,Self-employed,12,Good,0.1684366398181041,51446.0,4.0,Grossstad,GA,Papua New Guinea,2.0,1,Bajo,1
41,Female,Bachelor's,Married,73076.0,744.0,49677.0,Personal,Self-employed,10,Excellent,0.291651805773539,135340.0,1.0,Townsendport,FM,United Kingdom,1.0,0,Bajo,1
26,Female,Bachelor's,Divorced,45365.0,760.0,12350.0,Business,Employed,17,Poor,0.4098587366300729,37798.0,3.0,North Elizabeth,PR,Sweden,1.0,0,Bajo,1
63,Non-binary,PhD,Divorced,85264.0,741.0,34481.0,Auto,Self-employed,7,Fair,0.512157884544226,149913.0,2.0,Jacksonland,CT,Gambia,0.0,0,Bajo,1
36,Non-binary,PhD,Single,105870.0,667.0,7413.0,Home,Unemployed,18,Good,0.3350621773467496,70401.0,4.0,New Seanview,MT,Palau,0.0,0,Medio,2
66,Non-binary,PhD,Divorced,90949.0,656.0,13004.0,Home,Unemployed,14,Poor,0.2502298167110788,93828.0,2.0,Josephborough,MP,Aruba,2.0,1,Medio,2
34,Male,High School,Widowed,107090.0,640.0,24494.0,Auto,Self-employed,8,Excellent,0.5779056054404638,176733.0,2.0,Michaelborough,TX,Argentina,1.0,2,Medio,2
31,Female,Master's,Married,36453.0,631.0,43117.0,Auto,Unemployed,9,Excellent,0.47114757604273483,150597.0,3.0,North Davidville,PR,Equatorial Guinea,2.0,1,Alto,0
45,Female,PhD,Widowed,102946.0,731.0,37461.0,Personal,Unemployed,6,Excellent,0.5913332340785393,218790.0,4.0,Burnsborough,GU,Liberia,2.0,1,Bajo,1
52,Female,Master's,Married,96910.0,715.0,31326.0,Home,Self-employed,12,Fair,0.14879015776711976,257889.0,4.0,Edwardsburgh,LA,Singapore,0.0,2,Bajo,1
56,Non-binary,High School,Divorced,116531.0,640.0,13122.0,Business,Unemployed,1,Excellent,0.10486457775332733,41770.0,2.0,Loristad,VT,Andorra,1.0,0,Medio,2
60,Male,High School,Married,40501.0,658.0,21511.0,Personal,Employed,2,Poor,0.3497258720364279,158379.0,4.0,Port Frederick,HI,Timor-Leste,2.0,0,Medio,2
51,Female,Master's,Divorced,77719.0,769.0,23645.0,Auto,Self-employed,14,Fair,0.13073785622366416,100136.0,0.0,New Williamside,UT,Tajikistan,4.0,2,Alto,0
44,Female,PhD,Married,23796.0,785.0,15251.0,Home,Self-employed,17,Poor,0.2689880766062571,208696.0,4.0,Lowemouth,NE,Marshall Islands,4.0,0,Alto,0
32,Non-binary,Master's,Widowed,109595.0,679.0,34280.0,Business,Self-employed,9,Good,0.28307768294378965,20914.0,2.0,Johnsonmouth,WV,Mozambique,2.0,2,Medio,2
65,Non-binary,Bachelor's,Widowed,105062.0,653.0,5503.0,Personal,Unemployed,10,Poor,0.10224405740907908,263215.0,1.0,West Amber,TN,United Arab Emirates,3.0,2,Alto,0
65,Male,Bachelor's,Widowed,97795.0,769.0,48159.0,Home,Self-employed,4,Fair,0.547688685268913,199702.0,0.0,Nelsonport,NM,Argentina,1.0,0,Bajo,1
47,Female,PhD,Single,82054.0,704.0,21964.0,Auto,Unemployed,1,Good,0.30497092217663935,69693.0,3.0,New Tinastad,AK,Saint Helena,1.0,0,Bajo,1
33,Male,Master's,Single,47424.0,761.0,26308.0,Business,Employed,19,Good,0.37444609620281233,26309.0,2.0,South Cathy,RI,Pakistan,2.0,0,Bajo,1
44,Male,Master's,Divorced,96475.0,616.0,17025.0,Auto,Employed,5,Fair,0.38285873665291936,253228.0,2.0,Katherinemouth,ID,China,1.0,1,Medio,2
41,Male,High School,Divorced,118233.0,630.0,5816.0,Home,Self-employed,0,Excellent,0.3133019735610374,63815.0,2.0,New Jessicaport,TN,Lebanon,2.0,2,Medio,2
35,Female,High School,Widowed,84385.0,610.0,40500.0,Home,Unemployed,7,Excellent,0.46865689731276605,168064.0,3.0,Port Michellebury,WV,Gabon,1.0,0,Medio,2
22,Male,Bachelor's,Married,100974.0,604.0,15637.0,Home,Employed,18,Poor,0.49448242423982025,284219.0,3.0,Calvinside,CT,Azerbaijan,1.0,0,Medio,2
48,Female,PhD,Widowed,88078.0,739.0,10032.0,Auto,Self-employed,6,Fair,0.15782361980027607,179745.0,1.0,Martinezchester,MA,Cocos (Keeling) Islands,2.0,0,Bajo,1
42,Female,Bachelor's,Single,118510.0,729.0,22503.0,Auto,Self-employed,7,Good,0.17916875276977537,81552.0,3.0,Port Eric,MT,Chad,4.0,0,Alto,0
35,Female,High School,Married,29963.0,793.0,33412.0,Business,Unemployed,4,Fair,0.2146779365424797,223756.0,0.0,Adamsfurt,MD,Australia,0.0,2,Alto,0
32,Male,Master's,Married,59879.0,624.0,33432.0,Business,Employed,18,Excellent,0.3726959581040309,39695.0,3.0,Lake Michaelview,MT,Turks and Caicos Islands,2.0,2,Medio,2
41,Non-binary,PhD,Married,99098.0,684.0,25650.0,Home,Employed,15,Fair,0.17436672164713826,269948.0,2.0,East Matthewton,NC,Sri Lanka,1.0,1,Bajo,1
22,Non-binary,PhD,Single,32210.0,606.0,26221.0,Personal,Self-employed,12,Poor,0.26243040563018283,158127.0,2.0,Port Edwin,CA,Central African Republic,1.0,1,Alto,0
41,Non-binary,High School,Divorced,24746.0,677.0,34722.0,Business,Unemployed,6,Fair,0.24380290042222783,33809.0,0.0,Port Lisa,MS,Nicaragua,0.0,2,Alto,0
44,Female,Bachelor's,Widowed,30022.0,662.0,31218.0,Business,Self-employed,6,Fair,0.1905551857172311,48885.0,2.0,New Jason,TN,Barbados,4.0,1,Alto,0
55,Non-binary,Master's,Married,88895.0,694.0,20829.0,Personal,Employed,13,Poor,0.33506960460603685,244522.0,4.0,Saratown,MN,Andorra,0.0,1,Bajo,1
43,Male,PhD,Divorced,67387.0,621.0,18236.0,Personal,Unemployed,6,Fair,0.10718722506810455,141677.0,1.0,Port Shawnberg,FL,Nicaragua,0.0,2,Medio,2
56,Non-binary,High School,Widowed,71284.0,791.0,31293.0,Personal,Unemployed,1,Poor,0.3388715764253428,126908.0,3.0,North Rhondahaven,AS,Turkmenistan,4.0,1,Alto,0
45,Non-binary,PhD,Married,58652.0,663.0,25712.0,Personal,Unemployed,17,Fair,0.32633094409235497,205608.0,2.0,Lake Benjamin,MI,Macao,1.0,1,Medio,2
22,Female,High School,Single,35376.0,749.0,36995.0,Home,Unemployed,16,Poor,0.3451850465142533,72234.0,4.0,East Kristina,NC,Central African Republic,2.0,1,Alto,0
57,Non-binary,Master's,Widowed,89859.0,601.0,15353.0,Personal,Employed,13,Excellent,0.4792979082224075,233283.0,4.0,New John,NC,American Samoa,4.0,2,Alto,0
54,Non-binary,Bachelor's,Divorced,40388.0,705.0,34839.0,Auto,Unemployed,10,Fair,0.35400895936035204,191190.0,2.0,Port Sandrabury,MS,Mexico,3.0,1,Alto,0
30,Female,High School,Married,74818.0,649.0,21999.0,Business,Self-employed,3,Fair,0.10590133680922262,178980.0,3.0,New Dana,SD,British Indian Ocean Territory (Chagos Archipelago),0.0,1,Medio,2
41,Male,PhD,Single,60428.0,719.0,9720.0,Auto,Self-employed,15,Fair,0.18664551894389317,296482.0,2.0,North Dominiquehaven,DE,Gambia,0.0,0,Bajo,1
47,Non-binary,Bachelor's,Single,101352.0,767.0,9156.0,Auto,Employed,1,Fair,0.5641224906481277,64253.0,1.0,North Meghan,UT,Guinea,3.0,2,Alto,0
47,Non-binary,High School,Divorced,85267.0,686.0,34134.0,Business,Self-employed,9,Fair,0.28378719356899096,171850.0,1.0,West Lisaland,MD,Jamaica,2.0,1,Bajo,1
19,Non-binary,Master's,Widowed,114760.0,699.0,11747.0,Personal,Employed,13,Poor,0.3241778707683155,240614.0,0.0,South Richard,IL,Congo,1.0,1,Bajo,1
31,Female,PhD,Widowed,47394.0,639.0,30590.0,Home,Unemployed,6,Good,0.13072546246636754,100429.0,1.0,Kristentown,GA,Tuvalu,1.0,0,Medio,2
21,Male,High School,Single,63715.0,686.0,27814.0,Personal,Self-employed,2,Fair,0.2907971461974461,155117.0,4.0,Lisahaven,AZ,Cameroon,3.0,2,Alto,0
35,Female,High School,Widowed,38204.0,611.0,47824.0,Business,Employed,7,Fair,0.4835293457601043,109249.0,4.0,South Michael,NH,Swaziland,1.0,0,Alto,0
46,Male,Bachelor's,Divorced,79478.0,648.0,18280.0,Personal,Self-employed,0,Good,0.5296937941247176,290276.0,3.0,Richardsonhaven,CT,Gibraltar,3.0,0,Alto,0
37,Female,Bachelor's,Widowed,74281.0,758.0,25122.0,Business,Employed,17,Fair,0.4295534569075964,221857.0,3.0,North Kristi,UT,Equatorial Guinea,3.0,1,Alto,0
29,Non-binary,Bachelor's,Divorced,42695.0,789.0,37241.0,Business,Self-employed,11,Poor,0.17066193951888928,221061.0,4.0,Geoffreyburgh,UT,Swaziland,0.0,2,Bajo,1
55,Male,High School,Divorced,65370.0,659.0,26309.0,Auto,Employed,2,Poor,0.14996810521488377,294481.0,1.0,Obrienfurt,PA,Antarctica (the territory South of 60 deg S),4.0,0,Alto,0
27,Non-binary,Bachelor's,Widowed,47299.0,721.0,48218.0,Home,Unemployed,14,Fair,0.13375002580364412,89057.0,0.0,South Barry,SC,Tanzania,0.0,2,Bajo,1
57,Female,High School,Widowed,108660.0,623.0,33632.0,Personal,Employed,12,Good,0.14727428310318938,113997.0,3.0,New Matthew,OK,Chile,2.0,0,Medio,2
63,Non-binary,PhD,Divorced,97331.0,775.0,37831.0,Auto,Unemployed,19,Fair,0.21089097674172738,63902.0,4.0,Millerbury,RI,Iceland,4.0,1,Alto,0
35,Male,PhD,Married,66515.0,786.0,33821.0,Auto,Unemployed,15,Poor,0.4125070996675454,134023.0,3.0,West Gregorytown,MN,Denmark,0.0,2,Bajo,1
50,Non-binary,Bachelor's,Married,27894.0,634.0,43839.0,Personal,Self-employed,3,Fair,0.3465782513364105,299439.0,1.0,Huangside,MH,Jordan,3.0,2,Alto,0
37,Male,Bachelor's,Single,81404.0,754.0,41446.0,Home,Unemployed,7,Excellent,0.5613754601840155,151844.0,0.0,Josephborough,NC,Singapore,2.0,2,Bajo,1
26,Non-binary,High School,Single,60327.0,721.0,5173.0,Home,Employed,3,Poor,0.1962333991780801,131651.0,2.0,West Jennifer,MO,Brunei Darussalam,2.0,0,Bajo,1
41,Female,PhD,Married,61435.0,764.0,47365.0,Personal,Unemployed,4,Good,0.26236281125321725,262395.0,4.0,Katelynchester,NM,British Indian Ocean Territory (Chagos Archipelago),1.0,2,Bajo,1
55,Female,High School,Married,29765.0,688.0,7821.0,Personal,Employed,19,Good,0.5572453308065283,160205.0,3.0,West James,PR,Bolivia,1.0,2,Alto,0
35,Female,Master's,Married,48340.0,757.0,13858.0,Auto,Unemployed,14,Excellent,0.1888831261028476,280441.0,3.0,East Christina,SD,Mauritania,0.0,1,Bajo,1
54,Non-binary,Bachelor's,Single,102910.0,678.0,23398.0,Personal,Self-employed,10,Excellent,0.5207550681215859,211305.0,3.0,North Katherinetown,HI,Saint Vincent and the Grenadines,0.0,0,Medio,2
21,Non-binary,High School,Married,36192.0,791.0,30547.0,Auto,Unemployed,4,Excellent,0.4402637275547957,175263.0,1.0,Ashleyfurt,MT,Guyana,0.0,1,Alto,0
43,Non-binary,Bachelor's,Divorced,99030.0,712.0,42136.0,Home,Self-employed,4,Excellent,0.29360636796964446,61686.0,2.0,East Jennifer,RI,Saint Lucia,0.0,2,Bajo,1
29,Non-binary,Bachelor's,Single,44408.0,795.0,39392.0,Home,Self-employed,7,Poor,0.4107093586109978,274191.0,3.0,West Chrisburgh,NE,Benin,2.0,2,Bajo,1
43,Male,High School,Married,69554.0,696.0,12764.0,Auto,Self-employed,3,Fair,0.5717546664819917,178245.0,4.0,Washingtonview,PR,Taiwan,2.0,2,Bajo,1
42,Male,Bachelor's,Single,48754.0,721.0,21595.0,Auto,Self-employed,7,Fair,0.30557024006237643,40481.0,3.0,Tuckertown,IN,Central African Republic,2.0,2,Bajo,1
23,Female,High School,Widowed,20638.0,679.0,39219.0,Auto,Self-employed,3,Fair,0.30828834536334926,220463.0,1.0,West Randallview,MS,Swaziland,4.0,0,Alto,0
61,Non-binary,Master's,Married,32204.0,628.0,12398.0,Home,Employed,6,Excellent,0.5211581949432339,22382.0,0.0,Wisemouth,VT,Cote d'Ivoire,1.0,0,Alto,0
61,Male,High School,Married,35330.0,610.0,49123.0,Personal,Self-employed,15,Fair,0.17778713838561486,88237.0,1.0,Rebeccaland,AR,Antigua and Barbuda,2.0,2,Alto,0
24,Female,High School,Married,73780.0,649.0,46951.0,Personal,Self-employed,19,Fair,0.25332156777782755,35314.0,2.0,West Nicolemouth,SC,Guinea,2.0,0,Medio,2
21,Non-binary,High School,Single,91310.0,726.0,16682.0,Auto,Self-employed,6,Poor,0.17062970773942224,292912.0,3.0,Lake Tammy,FL,Isle of Man,2.0,0,Bajo,1
42,Male,Bachelor's,Married,101748.0,671.0,16575.0,Personal,Self-employed,14,Poor,0.24367258980406672,184613.0,1.0,Loweville,PA,Myanmar,2.0,1,Medio,2
24,Non-binary,Master's,Divorced,119567.0,798.0,9616.0,Auto,Unemployed,11,Poor,0.4448419239439759,88485.0,4.0,Stephaniemouth,WI,South Africa,4.0,0,Alto,0
52,Male,High School,Married,24782.0,654.0,46997.0,Auto,Employed,12,Good,0.5574916297990361,137888.0,2.0,Port Elizabethfurt,AR,Ghana,3.0,1,Alto,0
54,Non-binary,Bachelor's,Divorced,62816.0,747.0,34653.0,Personal,Employed,14,Poor,0.40200139952225755,217877.0,1.0,New Conniestad,VA,Switzerland,3.0,2,Alto,0
64,Female,PhD,Widowed,44599.0,714.0,29569.0,Personal,Self-employed,19,Poor,0.3626270690186556,76086.0,0.0,Cooleyfort,LA,Morocco,3.0,2,Alto,0
66,Female,High School,Single,69383.0,755.0,6977.0,Business,Self-employed,10,Excellent,0.3226786510700621,103451.0,1.0,Smithland,NJ,Tunisia,0.0,1,Bajo,1
18,Male,PhD,Divorced,108424.0,627.0,28083.0,Business,Self-employed,9,Fair,0.4542829702285305,267933.0,1.0,West Courtney,OK,Armenia,4.0,2,Alto,0
35,Non-binary,High School,Divorced,38991.0,669.0,47865.0,Business,Self-employed,1,Fair,0.25274003145445423,69703.0,1.0,Johnsonbury,OH,Oman,1.0,2,Alto,0
26,Male,High School,Divorced,80530.0,717.0,12658.0,Personal,Unemployed,2,Good,0.11804297458743748,218176.0,0.0,East Coryberg,VA,Niger,3.0,1,Alto,0
67,Non-binary,High School,Single,54111.0,632.0,26602.0,Auto,Self-employed,11,Poor,0.5050731611994751,103202.0,1.0,North Shaun,KY,Latvia,4.0,1,Alto,0
52,Male,Master's,Married,27274.0,763.0,47908.0,Personal,Unemployed,18,Good,0.44182336598363825,159150.0,4.0,West Samanthaton,WA,Saint Barthelemy,2.0,2,Alto,0
34,Female,Master's,Married,92964.0,631.0,12375.0,Auto,Self-employed,17,Poor,0.39812243199872177,171865.0,0.0,Popemouth,PA,Brunei Darussalam,4.0,0,Alto,0
65,Male,PhD,Divorced,105909.0,727.0,26200.0,Auto,Employed,19,Fair,0.36355737207679606,253514.0,3.0,New Johnfort,IN,Kenya,2.0,0,Bajo,1
34,Male,Bachelor's,Widowed,52309.0,796.0,18056.0,Business,Self-employed,5,Excellent,0.402403974422315,256395.0,3.0,Williamsside,NJ,Bhutan,4.0,1,Alto,0
52,Male,PhD,Single,35058.0,678.0,18720.0,Personal,Self-employed,8,Fair,0.4363204898442685,215127.0,0.0,Arnoldton,MS,Thailand,1.0,1,Alto,0
52,Male,Bachelor's,Widowed,109694.0,680.0,17327.0,Home,Self-employed,14,Poor,0.3034251095941969,215627.0,1.0,East Ashley,AR,Tuvalu,3.0,1,Alto,0
60,Non-binary,High School,Divorced,100731.0,686.0,39999.0,Personal,Employed,7,Excellent,0.23287093577535453,157042.0,0.0,North Michaelstad,NC,Tunisia,3.0,0,Alto,0
50,Non-binary,High School,Widowed,99923.0,759.0,38575.0,Business,Employed,8,Good,0.23134099953804646,255936.0,4.0,Justinville,MS,Malta,0.0,0,Bajo,1
38,Non-binary,Bachelor's,Single,26320.0,716.0,22680.0,Home,Employed,9,Excellent,0.10574787957610646,206459.0,0.0,East Jennifer,OR,Afghanistan,0.0,2,Alto,0
22,Non-binary,PhD,Single,107592.0,790.0,19761.0,Business,Employed,18,Good,0.21428989073646412,218907.0,2.0,Lake Robert,SD,Norway,0.0,2,Bajo,1
44,Female,Bachelor's,Widowed,39943.0,604.0,12150.0,Home,Self-employed,5,Poor,0.1255255999554826,173099.0,3.0,Mcmahonmouth,NJ,Guatemala,3.0,0,Alto,0
51,Male,Bachelor's,Divorced,30872.0,672.0,39313.0,Auto,Unemployed,4,Poor,0.21542825793152712,264431.0,1.0,Knightberg,WA,Cook Islands,1.0,0,Alto,0
57,Female,Bachelor's,Married,37178.0,745.0,49549.0,Business,Self-employed,11,Good,0.5430614504599633,60786.0,4.0,East Charles,IN,Bangladesh,4.0,1,Alto,0
30,Female,Master's,Widowed,79612.0,758.0,43313.0,Auto,Self-employed,0,Poor,0.2900323271906019,265772.0,1.0,Duncanland,ID,Mauritius,2.0,0,Bajo,1
59,Female,Master's,Single,39749.0,749.0,14782.0,Personal,Employed,3,Good,0.119590168582738,52576.0,1.0,Samanthashire,DC,Nicaragua,1.0,2,Alto,0
55,Non-binary,Bachelor's,Widowed,43902.0,734.0,11777.0,Home,Self-employed,11,Excellent,0.4369760905182798,99923.0,2.0,West Heidi,AR,Ecuador,0.0,1,Bajo,1
18,Female,PhD,Divorced,68865.0,795.0,28183.0,Auto,Employed,3,Excellent,0.38719023743389513,53377.0,0.0,Brownchester,AR,Saint Pierre and Miquelon,0.0,1,Bajo,1
58,Non-binary,High School,Single,53630.0,752.0,17050.0,Auto,Self-employed,13,Fair,0.33531230381281363,153646.0,1.0,South Hollyberg,MI,Sudan,3.0,1,Alto,0
34,Male,PhD,Married,33200.0,725.0,17292.0,Home,Employed,10,Poor,0.4426711688520384,130942.0,0.0,North Heidichester,PW,Comoros,3.0,1,Alto,0
66,Female,Bachelor's,Widowed,107755.0,616.0,36767.0,Business,Employed,5,Good,0.5573003854413247,50089.0,3.0,New Victoriatown,MS,Cocos (Keeling) Islands,0.0,0,Medio,2
66,Male,Master's,Married,82873.0,724.0,35509.0,Personal,Self-employed,0,Poor,0.395207097405857,152201.0,1.0,Port Lauren,CO,Italy,0.0,2,Bajo,1
41,Female,PhD,Widowed,99544.0,658.0,5785.0,Home,Self-employed,9,Good,0.5329391398052203,32849.0,4.0,Weissbury,OR,Sri Lanka,1.0,1,Medio,2
33,Male,PhD,Married,68106.0,637.0,23809.0,Home,Unemployed,12,Fair,0.16552543683852447,55548.0,3.0,Mendozastad,AS,Isle of Man,4.0,0,Alto,0
50,Non-binary,Master's,Divorced,116944.0,693.0,24782.0,Business,Employed,5,Good,0.2907085583991307,216952.0,0.0,Port Kevinmouth,DC,Burundi,3.0,1,Alto,0
64,Male,Master's,Widowed,105177.0,624.0,25244.0,Auto,Self-employed,10,Excellent,0.24035380216257432,243093.0,0.0,West Elizabethhaven,MH,Finland,3.0,2,Alto,0
20,Female,Master's,Widowed,85197.0,782.0,11263.0,Auto,Employed,10,Poor,0.3749803877223399,177288.0,2.0,Amandashire,WV,Ghana,3.0,1,Alto,0
26,Non-binary,Master's,Widowed,62719.0,796.0,41540.0,Business,Self-employed,4,Excellent,0.539511525969677,96897.0,3.0,Leslieland,SD,Bangladesh,3.0,0,Alto,0
54,Female,PhD,Widowed,97988.0,787.0,48244.0,Auto,Unemployed,8,Fair,0.3663518607460262,145193.0,2.0,New Wandahaven,WV,United Arab Emirates,0.0,2,Bajo,1
68,Female,High School,Divorced,87282.0,719.0,13476.0,Personal,Employed,10,Poor,0.30983513785138506,144498.0,0.0,New Katelynton,RI,Central African Republic,0.0,2,Bajo,1
35,Non-binary,PhD,Married,49024.0,622.0,32875.0,Auto,Employed,13,Excellent,0.4833631682262628,147017.0,3.0,Salazarchester,VT,American Samoa,0.0,0,Medio,2
39,Non-binary,High School,Widowed,53632.0,649.0,28738.0,Business,Self-employed,15,Good,0.381377613469981,293757.0,3.0,Joshuafurt,VT,Rwanda,4.0,2,Alto,0
40,Female,Master's,Widowed,103442.0,625.0,5609.0,Home,Unemployed,14,Excellent,0.16667206972961193,183184.0,1.0,West Aaronland,NH,Ecuador,2.0,2,Medio,2
50,Male,Master's,Single,84388.0,681.0,19265.0,Business,Self-employed,1,Good,0.45175104852886605,180776.0,0.0,Flynnfurt,NE,Kenya,0.0,2,Bajo,1
65,Male,Bachelor's,Widowed,69240.0,787.0,39221.0,Business,Self-employed,12,Fair,0.15246620363928762,129291.0,2.0,Lake Johnton,AR,Vietnam,0.0,0,Bajo,1
33,Male,High School,Widowed,39144.0,710.0,47625.0,Home,Employed,0,Poor,0.1481329402624085,281881.0,1.0,Hillland,OK,Belgium,2.0,0,Alto,0
31,Male,Master's,Divorced,32937.0,623.0,32483.0,Business,Employed,4,Excellent,0.1775117282235427,184979.0,0.0,Johnsonfort,KS,Mauritania,2.0,0,Alto,0
22,Male,PhD,Widowed,114593.0,650.0,47880.0,Business,Employed,4,Excellent,0.2782001928075032,157496.0,3.0,Lake Jeffreyfort,PA,Belarus,3.0,1,Alto,0
27,Female,Master's,Single,103845.0,769.0,39812.0,Auto,Self-employed,12,Poor,0.4478786119022651,261570.0,4.0,Walkerbury,WI,Jersey,1.0,0,Bajo,1
43,Female,PhD,Divorced,84874.0,665.0,38325.0,Personal,Self-employed,7,Excellent,0.4283656512740306,152701.0,1.0,Dominiquemouth,AL,Congo,0.0,2,Medio,2
49,Non-binary,PhD,Widowed,65499.0,760.0,18766.0,Auto,Employed,19,Poor,0.3476188001264431,150372.0,3.0,Lake Kevin,CO,Myanmar,0.0,2,Bajo,1
19,Non-binary,Master's,Single,94884.0,796.0,15487.0,Home,Employed,5,Excellent,0.4465619324237532,231357.0,1.0,East Brenda,GA,Wallis and Futuna,1.0,1,Bajo,1
33,Non-binary,High School,Divorced,31826.0,680.0,15285.0,Business,Unemployed,10,Good,0.2974101891928299,95802.0,3.0,Port Nancymouth,SC,Lebanon,4.0,1,Alto,0
62,Female,Bachelor's,Single,43664.0,712.0,30753.0,Auto,Employed,18,Excellent,0.5528653395570495,26961.0,1.0,North Carlosburgh,ME,Spain,0.0,1,Bajo,1
54,Male,High School,Single,37333.0,776.0,46452.0,Business,Unemployed,16,Excellent,0.5608414897507333,270766.0,4.0,Port Brian,MD,Belarus,3.0,1,Alto,0
67,Male,High School,Widowed,70728.0,664.0,36769.0,Personal,Self-employed,16,Good,0.4730954143111433,42177.0,4.0,West Jodiland,AS,Christmas Island,2.0,2,Medio,2
25,Male,Bachelor's,Married,55751.0,706.0,34208.0,Personal,Self-employed,0,Fair,0.10780328879874415,209702.0,1.0,Veronicahaven,WV,Panama,1.0,0,Bajo,1
55,Female,Master's,Widowed,23399.0,652.0,17973.0,Business,Employed,10,Poor,0.19485936354791675,79012.0,1.0,North Bryanstad,DC,New Zealand,3.0,1,Alto,0
63,Female,PhD,Married,64469.0,664.0,32530.0,Auto,Self-employed,17,Fair,0.2981026723724337,24233.0,1.0,South Michelleland,OK,Trinidad and Tobago,4.0,0,Alto,0
29,Female,PhD,Single,83281.0,660.0,35505.0,Personal,Employed,7,Fair,0.32014263670562215,122735.0,4.0,West Dominiqueland,WY,United States Minor Outlying Islands,0.0,2,Medio,2
39,Female,High School,Single,52600.0,631.0,5169.0,Auto,Employed,3,Good,0.3028125772314515,83138.0,4.0,Bakerbury,AS,Chad,0.0,0,Medio,2
27,Non-binary,Master's,Widowed,20434.0,788.0,21610.0,Auto,Unemployed,8,Fair,0.4044457734242518,217573.0,3.0,Lewisville,PA,Jordan,2.0,0,Alto,0
58,Male,Bachelor's,Divorced,80436.0,723.0,34289.0,Home,Employed,8,Poor,0.43612985939344895,233958.0,1.0,Charlesside,CT,Switzerland,0.0,2,Bajo,1
45,Male,PhD,Single,75038.0,655.0,45574.0,Home,Unemployed,12,Excellent,0.3472000246537279,281578.0,0.0,East Austinton,FM,Denmark,0.0,2,Medio,2
22,Male,Master's,Widowed,70710.0,656.0,15167.0,Personal,Employed,8,Poor,0.13034993457205693,201612.0,1.0,Lindseyfurt,MD,Tajikistan,1.0,0,Medio,2
51,Male,Bachelor's,Divorced,35303.0,625.0,29845.0,Business,Unemployed,12,Good,0.4265182536634371,151335.0,0.0,Adamsberg,OK,Belgium,1.0,0,Alto,0
66,Non-binary,Bachelor's,Divorced,38366.0,644.0,44747.0,Home,Employed,12,Excellent,0.5000381951496682,284421.0,4.0,Davilaside,NE,Western Sahara,4.0,1,Alto,0
67,Non-binary,Master's,Divorced,64885.0,750.0,23309.0,Personal,Employed,11,Excellent,0.3060073663144366,250134.0,0.0,Tammyland,GU,Finland,1.0,0,Bajo,1
59,Male,High School,Divorced,105907.0,791.0,5414.0,Home,Self-employed,14,Fair,0.17218241651804542,23587.0,1.0,Brownton,NJ,Malawi,4.0,2,Alto,0
42,Female,Master's,Married,20014.0,675.0,28613.0,Auto,Employed,8,Poor,0.10226132912884509,226362.0,2.0,Lake Ashley,CT,Martinique,4.0,2,Alto,0
23,Non-binary,Bachelor's,Married,112326.0,684.0,28594.0,Business,Self-employed,13,Excellent,0.5886384026400666,248557.0,4.0,West Jenniferhaven,NJ,Bulgaria,0.0,1,Bajo,1
64,Male,PhD,Widowed,87576.0,705.0,39111.0,Business,Employed,1,Excellent,0.35722734877967754,225156.0,2.0,Traceyshire,WI,Benin,3.0,1,Alto,0
63,Female,PhD,Widowed,64899.0,742.0,33107.0,Auto,Self-employed,8,Good,0.5367472374597874,31192.0,2.0,Nicholsfurt,AK,Congo,3.0,0,Alto,0
47,Male,Bachelor's,Married,48602.0,662.0,11634.0,Auto,Unemployed,12,Fair,0.4420608931387976,198616.0,2.0,Pattersonfurt,OK,Ethiopia,0.0,2,Medio,2
40,Non-binary,PhD,Widowed,36406.0,680.0,20536.0,Business,Employed,6,Excellent,0.5440066756505152,178910.0,3.0,East Dylan,AZ,Seychelles,1.0,2,Alto,0
41,Non-binary,Master's,Widowed,101118.0,759.0,23957.0,Personal,Self-employed,7,Excellent,0.3976264465324466,233839.0,0.0,North Kathleen,UT,Ghana,2.0,0,Bajo,1
49,Non-binary,Bachelor's,Married,32874.0,684.0,20964.0,Business,Employed,7,Excellent,0.34681811355593717,62159.0,2.0,Port Courtney,KY,Togo,2.0,0,Alto,0
59,Male,High School,Single,40115.0,659.0,35091.0,Business,Unemployed,17,Fair,0.3060780768756822,245165.0,4.0,Port Erinville,KY,Venezuela,1.0,1,Medio,2
53,Female,Master's,Married,23312.0,627.0,41057.0,Business,Employed,7,Fair,0.296885123293942,297059.0,4.0,Kendramouth,KS,Honduras,4.0,1,Alto,0
32,Male,Master's,Single,102051.0,672.0,46069.0,Business,Unemployed,2,Poor,0.353504364755038,162486.0,3.0,Port Michael,MI,Antigua and Barbuda,4.0,1,Alto,0
23,Male,Master's,Single,75043.0,720.0,28990.0,Business,Self-employed,17,Good,0.3485981774974872,206659.0,4.0,Gabrielleville,DC,Eritrea,4.0,2,Alto,0
32,Non-binary,Bachelor's,Widowed,24909.0,624.0,9350.0,Auto,Self-employed,13,Fair,0.576303358081096,125150.0,4.0,Barreraburgh,VT,Switzerland,0.0,0,Alto,0
45,Female,Master's,Married,34735.0,718.0,40625.0,Business,Employed,6,Poor,0.4522292628676968,124950.0,2.0,Port Anthonyberg,MH,United States of America,3.0,0,Alto,0
21,Female,Master's,Married,79673.0,740.0,45456.0,Home,Self-employed,8,Fair,0.30071233208710424,164276.0,3.0,East Patricia,AL,Peru,2.0,0,Bajo,1
58,Non-binary,Bachelor's,Divorced,51408.0,709.0,44727.0,Auto,Unemployed,6,Good,0.30942283077874033,85638.0,1.0,Goodmanstad,GA,Cayman Islands,4.0,1,Alto,0
19,Non-binary,Bachelor's,Single,47470.0,603.0,31877.0,Business,Self-employed,16,Excellent,0.336857570788736,28478.0,0.0,West Daniellechester,KS,Niger,2.0,2,Medio,2
36,Male,High School,Single,70094.0,792.0,14333.0,Personal,Self-employed,16,Poor,0.1703476108712044,151296.0,3.0,Michaelport,WY,Tuvalu,3.0,2,Alto,0
30,Male,Bachelor's,Married,39352.0,778.0,49273.0,Home,Self-employed,8,Poor,0.5322571270973938,246875.0,2.0,New Kimberlytown,DE,Heard Island and McDonald Islands,1.0,2,Alto,0
54,Non-binary,High School,Single,37338.0,678.0,12155.0,Home,Self-employed,17,Good,0.2402007725455271,183963.0,3.0,Jennaburgh,PA,Ukraine,2.0,2,Alto,0
42,Non-binary,High School,Married,110721.0,743.0,30526.0,Home,Employed,3,Good,0.47672047240966897,131324.0,0.0,Mcintoshview,RI,Saint Martin,4.0,2,Alto,0
42,Non-binary,High School,Married,58596.0,623.0,13570.0,Personal,Self-employed,19,Good,0.4122989004830947,173114.0,1.0,Brandonfort,GU,Syrian Arab Republic,4.0,0,Alto,0
31,Male,Bachelor's,Divorced,36490.0,615.0,13642.0,Auto,Unemployed,12,Excellent,0.13069684518942024,175375.0,2.0,Port Michael,HI,Liechtenstein,0.0,2,Alto,0
43,Female,Bachelor's,Married,83805.0,656.0,17591.0,Business,Self-employed,14,Excellent,0.31272629323907386,23607.0,2.0,Lake John,PW,Malaysia,1.0,0,Medio,2
36,Male,Bachelor's,Widowed,38632.0,730.0,47251.0,Home,Self-employed,0,Excellent,0.35743467171546184,93310.0,1.0,Smithfurt,FM,Zimbabwe,4.0,0,Alto,0
24,Male,PhD,Divorced,66211.0,657.0,29925.0,Home,Self-employed,5,Good,0.45820921712524376,255127.0,3.0,Campbellfurt,AR,Iran,0.0,1,Medio,2
69,Non-binary,Bachelor's,Widowed,47312.0,728.0,15339.0,Home,Self-employed,19,Fair,0.5252055963455349,156919.0,4.0,Rosebury,GU,Morocco,1.0,1,Bajo,1
64,Male,High School,Divorced,96868.0,614.0,24678.0,Personal,Unemployed,12,Good,0.22914991944087862,277128.0,1.0,West Michael,OH,Central African Republic,2.0,1,Medio,2
30,Non-binary,PhD,Single,47770.0,667.0,5018.0,Home,Employed,19,Good,0.5272744809080454,149091.0,1.0,New Madison,DC,Reunion,0.0,0,Medio,2
60,Male,High School,Single,26659.0,766.0,17719.0,Personal,Employed,18,Fair,0.19509606819232453,144619.0,2.0,Port Evelynburgh,GA,Namibia,1.0,2,Alto,0
37,Female,Master's,Widowed,108216.0,754.0,26274.0,Home,Unemployed,7,Fair,0.30691852300946165,85326.0,2.0,West Alanview,MO,North Macedonia,4.0,1,Alto,0
40,Female,Bachelor's,Divorced,44514.0,606.0,38849.0,Business,Unemployed,1,Good,0.5131873884065109,169647.0,3.0,Joanport,ME,Bermuda,4.0,1,Alto,0
22,Female,Master's,Single,92031.0,731.0,15941.0,Personal,Self-employed,2,Poor,0.50103466622753,182953.0,3.0,Cameronstad,AL,Korea,4.0,1,Alto,0
42,Male,High School,Divorced,89222.0,760.0,25764.0,Business,Self-employed,19,Fair,0.42654390332453485,263612.0,1.0,Burketown,SC,Panama,4.0,1,Alto,0
32,Female,High School,Widowed,65299.0,763.0,43066.0,Auto,Employed,1,Excellent,0.45868325875191973,191153.0,2.0,Goodland,CT,United States of America,4.0,1,Alto,0
40,Non-binary,Master's,Divorced,58176.0,663.0,30519.0,Business,Employed,12,Good,0.2068987721620216,40717.0,2.0,New Joshua,DC,Tuvalu,3.0,0,Alto,0
42,Non-binary,Master's,Married,31240.0,686.0,19947.0,Business,Self-employed,18,Good,0.124725197659761,115293.0,1.0,South Brandon,NV,Liberia,4.0,1,Alto,0
22,Male,PhD,Married,70272.0,708.0,27985.0,Personal,Unemployed,15,Excellent,0.43438567640355497,155208.0,0.0,New David,AZ,French Polynesia,2.0,0,Bajo,1
66,Non-binary,Master's,Married,34817.0,711.0,48173.0,Business,Self-employed,17,Excellent,0.3183234396845672,38647.0,4.0,Garzaberg,CT,Canada,1.0,2,Alto,0
26,Non-binary,PhD,Divorced,36219.0,760.0,17565.0,Auto,Unemployed,13,Fair,0.3477891618775949,127723.0,4.0,Mitchellfort,PW,Niue,1.0,2,Alto,0
56,Male,Master's,Widowed,93844.0,799.0,17356.0,Personal,Unemployed,4,Poor,0.2176452024641696,27063.0,0.0,Port Kimberlyton,WA,Barbados,4.0,1,Alto,0
68,Non-binary,High School,Widowed,59103.0,711.0,20037.0,Personal,Employed,3,Good,0.2795471602192797,192312.0,3.0,South Karen,MT,Latvia,1.0,0,Bajo,1
64,Female,High School,Divorced,69915.0,778.0,38239.0,Personal,Employed,1,Fair,0.5283732955972339,214552.0,4.0,Woodfort,ID,Mexico,3.0,2,Alto,0
42,Non-binary,Bachelor's,Widowed,21130.0,778.0,30489.0,Personal,Employed,3,Poor,0.21981905895976436,108077.0,4.0,East John,MI,Pitcairn Islands,4.0,0,Alto,0
28,Non-binary,Master's,Single,103969.0,694.0,25936.0,Personal,Self-employed,15,Excellent,0.3661577076263103,179692.0,2.0,Longville,AS,Philippines,4.0,2,Alto,0
25,Male,Bachelor's,Divorced,117845.0,739.0,34541.0,Home,Employed,18,Good,0.4190187728853205,31752.0,1.0,Andersontown,ME,Montserrat,0.0,0,Bajo,1
54,Non-binary,PhD,Single,68192.0,745.0,24466.0,Personal,Employed,13,Good,0.571908123158362,20395.0,3.0,North Paul,MA,Costa Rica,4.0,1,Alto,0
27,Male,High School,Married,23936.0,635.0,34500.0,Home,Self-employed,1,Poor,0.25181926198494453,154470.0,2.0,New Tarafort,MP,Greenland,4.0,2,Alto,0
28,Male,Bachelor's,Widowed,52499.0,691.0,47468.0,Business,Self-employed,15,Fair,0.20381054910505672,72346.0,2.0,Brooksview,PA,Pakistan,1.0,0,Bajo,1
30,Male,Master's,Married,91854.0,727.0,23674.0,Personal,Self-employed,4,Poor,0.3342509671812294,187333.0,4.0,Port Kathleen,KS,Ukraine,2.0,2,Bajo,1
21,Non-binary,High School,Single,99864.0,719.0,47882.0,Auto,Self-employed,1,Good,0.29662582429936624,266205.0,3.0,North Jessica,WY,Madagascar,4.0,1,Alto,0
22,Non-binary,Bachelor's,Widowed,44363.0,706.0,37864.0,Home,Employed,0,Fair,0.23957534853608328,289832.0,0.0,Meaganfort,MT,Kyrgyz Republic,1.0,1,Bajo,1
60,Female,Master's,Married,39920.0,732.0,33080.0,Home,Employed,6,Good,0.10600048795347908,53547.0,0.0,Port Connor,UT,Ecuador,1.0,1,Alto,0
40,Non-binary,Master's,Married,64846.0,767.0,37195.0,Business,Employed,1,Excellent,0.12949834672268853,260377.0,2.0,New Spencer,DC,New Zealand,4.0,1,Alto,0
24,Male,PhD,Married,39491.0,686.0,44157.0,Auto,Employed,1,Fair,0.11869873883005036,123355.0,1.0,Jamesland,PA,Venezuela,4.0,1,Alto,0
26,Male,High School,Single,43031.0,754.0,25669.0,Personal,Self-employed,17,Excellent,0.3832795516855204,224045.0,1.0,West Carolberg,MP,Palau,3.0,1,Alto,0
43,Male,High School,Widowed,47350.0,795.0,45645.0,Auto,Self-employed,0,Fair,0.10599882373409095,156448.0,3.0,Harrisberg,PR,Bouvet Island (Bouvetoya),4.0,1,Alto,0
46,Non-binary,Bachelor's,Married,104597.0,625.0,11420.0,Business,Unemployed,14,Fair,0.2812843997820422,267611.0,0.0,Lake Arthur,PA,Guyana,3.0,1,Alto,0
45,Male,Master's,Widowed,84482.0,726.0,12691.0,Personal,Unemployed,6,Poor,0.1797487667455713,207984.0,2.0,Edwardside,CT,Vanuatu,4.0,0,Alto,0
57,Female,PhD,Married,104054.0,790.0,29548.0,Home,Self-employed,16,Poor,0.19709544759934997,77738.0,4.0,Williamsmouth,RI,Australia,1.0,0,Bajo,1
53,Male,High School,Widowed,87603.0,676.0,29971.0,Business,Employed,9,Poor,0.4019503336371524,107239.0,1.0,Sheltonfort,AK,South Georgia and the South Sandwich Islands,0.0,1,Medio,2
57,Female,High School,Single,103805.0,682.0,48740.0,Business,Self-employed,1,Poor,0.5915064153280579,206039.0,4.0,Stephenstad,MP,Tonga,3.0,0,Alto,0
40,Female,PhD,Married,47387.0,749.0,48304.0,Personal,Employed,3,Excellent,0.23558171044564538,209118.0,4.0,West Eric,ME,Sweden,3.0,0,Alto,0
37,Male,PhD,Widowed,34263.0,677.0,42280.0,Business,Self-employed,15,Fair,0.4025164691549834,69318.0,4.0,Port Laurenfurt,PW,Bolivia,3.0,1,Alto,0
30,Male,High School,Divorced,64785.0,604.0,27298.0,Auto,Self-employed,17,Poor,0.1486758515200782,185023.0,0.0,South Joseph,TN,Russian Federation,0.0,0,Medio,2
44,Female,PhD,Single,38639.0,613.0,14371.0,Auto,Unemployed,5,Good,0.47779550971140583,119335.0,0.0,New Michaelburgh,MD,Svalbard & Jan Mayen Islands,3.0,0,Alto,0
65,Non-binary,Bachelor's,Widowed,84583.0,630.0,18592.0,Personal,Unemployed,14,Good,0.13476528806207058,264573.0,2.0,North Jessica,HI,Bermuda,1.0,1,Medio,2
66,Male,PhD,Divorced,24111.0,768.0,12155.0,Auto,Unemployed,17,Poor,0.2834401551828869,146497.0,3.0,South Anthony,MS,Somalia,4.0,2,Alto,0
66,Non-binary,Bachelor's,Single,105275.0,715.0,21663.0,Home,Unemployed,11,Fair,0.20527233207852344,237084.0,0.0,Joshuamouth,TN,Guinea-Bissau,0.0,0,Bajo,1
37,Male,PhD,Widowed,100084.0,743.0,45790.0,Home,Unemployed,16,Good,0.5264960175160597,36346.0,0.0,Saratown,AZ,Jordan,1.0,0,Bajo,1
36,Non-binary,Master's,Single,92144.0,640.0,30929.0,Home,Employed,14,Excellent,0.525998812496775,193918.0,2.0,Port Mirandachester,FL,Korea,3.0,1,Alto,0
57,Male,Bachelor's,Married,88071.0,728.0,45311.0,Home,Unemployed,0,Poor,0.4804279468415592,120373.0,1.0,Port Karaborough,CT,Bangladesh,2.0,2,Bajo,1
65,Female,PhD,Divorced,35213.0,694.0,28999.0,Business,Employed,17,Fair,0.15948042682304484,275792.0,2.0,Williamsbury,NV,Nepal,0.0,1,Alto,0
46,Female,Bachelor's,Divorced,25084.0,619.0,18118.0,Business,Employed,13,Fair,0.19926381696122977,280476.0,3.0,North Maria,FL,Tajikistan,4.0,1,Alto,0
60,Non-binary,Bachelor's,Married,66627.0,676.0,31727.0,Auto,Unemployed,13,Good,0.5907734166420737,48987.0,0.0,Port Louis,UT,Belize,3.0,1,Alto,0
24,Female,Master's,Widowed,90366.0,774.0,28978.0,Home,Unemployed,11,Fair,0.4249238683922145,291672.0,4.0,Jacksonfort,SC,Aruba,4.0,1,Alto,0
36,Female,Bachelor's,Single,111987.0,648.0,28013.0,Personal,Unemployed,1,Excellent,0.24154696612859602,293530.0,2.0,South Kevin,FL,Equatorial Guinea,4.0,2,Alto,0
51,Non-binary,Master's,Single,43088.0,772.0,29696.0,Auto,Unemployed,13,Fair,0.31066505689941193,166836.0,3.0,Thomashaven,WA,Saint Barthelemy,3.0,0,Alto,0
45,Non-binary,High School,Single,31569.0,631.0,31140.0,Personal,Employed,2,Poor,0.537208738231297,153615.0,4.0,Lake Maryberg,GA,Northern Mariana Islands,1.0,2,Alto,0
49,Male,PhD,Single,76586.0,717.0,5746.0,Business,Self-employed,7,Poor,0.18646604371248346,21152.0,3.0,Wellsland,OR,Spain,1.0,0,Bajo,1
47,Male,PhD,Single,72034.0,792.0,18229.0,Business,Employed,4,Fair,0.22635774528592126,59854.0,2.0,Cordovaberg,NV,Hong Kong,0.0,2,Bajo,1
31,Male,Bachelor's,Married,87519.0,629.0,31273.0,Auto,Self-employed,19,Good,0.5342136165837666,275100.0,4.0,Lake Robert,HI,Tokelau,3.0,0,Alto,0
60,Non-binary,PhD,Single,102979.0,731.0,12074.0,Business,Self-employed,18,Fair,0.10963680873710538,101701.0,1.0,Freyville,MD,Romania,0.0,1,Bajo,1
51,Non-binary,PhD,Divorced,118511.0,658.0,43620.0,Personal,Unemployed,8,Fair,0.4295521099550341,276777.0,3.0,Port Amanda,MT,Saint Helena,3.0,2,Alto,0
41,Female,Bachelor's,Widowed,105835.0,794.0,39763.0,Personal,Unemployed,1,Fair,0.2564021056132998,106859.0,1.0,West Barbara,TX,Japan,1.0,2,Bajo,1
22,Female,Bachelor's,Widowed,101165.0,652.0,41174.0,Home,Self-employed,19,Excellent,0.41130175034806105,219713.0,3.0,Port Heatherton,WI,Bahamas,0.0,0,Medio,2
34,Non-binary,Bachelor's,Married,100659.0,788.0,15715.0,Business,Employed,12,Good,0.34320136164260484,207650.0,1.0,East Joelmouth,MH,Mexico,1.0,0,Bajo,1
33,Female,Master's,Divorced,52437.0,629.0,35104.0,Personal,Unemployed,1,Fair,0.40516860549359435,219778.0,4.0,South Bobby,WI,Angola,4.0,0,Alto,0
42,Female,Bachelor's,Single,32460.0,660.0,11646.0,Home,Employed,16,Poor,0.14168766798873025,263468.0,4.0,Jonesshire,NE,Cocos (Keeling) Islands,3.0,0,Alto,0
19,Female,Bachelor's,Single,87035.0,631.0,19096.0,Home,Self-employed,16,Good,0.19246239108030896,111728.0,4.0,Gouldview,GU,Greece,3.0,0,Alto,0
45,Male,Master's,Divorced,107851.0,729.0,36834.0,Personal,Employed,3,Poor,0.5128899194558231,182720.0,1.0,North Michaelberg,FL,Serbia,2.0,2,Bajo,1
30,Female,Bachelor's,Widowed,81608.0,765.0,14491.0,Auto,Employed,16,Poor,0.31876434762277295,56432.0,0.0,Port Kenneth,OK,Central African Republic,0.0,2,Bajo,1
18,Non-binary,PhD,Divorced,103890.0,673.0,35437.0,Personal,Employed,4,Good,0.3484371473914267,236387.0,4.0,Connieton,MT,United States Virgin Islands,2.0,1,Medio,2
47,Non-binary,Bachelor's,Single,115253.0,789.0,23164.0,Home,Unemployed,0,Poor,0.2850457410677085,142937.0,3.0,Dannyfort,CT,Andorra,1.0,2,Bajo,1
63,Female,Master's,Widowed,65038.0,683.0,13204.0,Business,Employed,5,Good,0.23517961777128524,59622.0,1.0,Lucasfort,AL,Wallis and Futuna,3.0,1,Alto,0
38,Non-binary,Master's,Divorced,77748.0,646.0,26050.0,Home,Self-employed,0,Poor,0.5698743139582467,280349.0,2.0,Hollyfort,IA,Suriname,1.0,0,Medio,2
27,Male,PhD,Married,46878.0,744.0,22396.0,Personal,Unemployed,13,Poor,0.3039397024301065,217719.0,2.0,Lake Isabellamouth,MN,Christmas Island,2.0,2,Bajo,1
32,Non-binary,PhD,Single,65588.0,783.0,47640.0,Business,Unemployed,17,Excellent,0.12226921661358511,202288.0,1.0,New Sylvia,CT,Azerbaijan,4.0,1,Alto,0
58,Female,High School,Single,79538.0,670.0,11206.0,Home,Unemployed,8,Fair,0.4746885091754707,42624.0,0.0,Danielborough,MD,Afghanistan,2.0,0,Medio,2
40,Non-binary,PhD,Widowed,21987.0,754.0,7488.0,Home,Unemployed,18,Fair,0.1547576236698194,220854.0,0.0,New Nicholasberg,TX,Saint Pierre and Miquelon,3.0,1,Alto,0
22,Non-binary,PhD,Single,91303.0,729.0,27070.0,Auto,Self-employed,12,Excellent,0.34669453124556904,254091.0,2.0,Sharonport,CA,Greenland,0.0,1,Bajo,1
69,Male,Bachelor's,Married,94451.0,620.0,15861.0,Personal,Unemployed,11,Poor,0.5363872298224601,244730.0,3.0,Port Rachelview,MN,Georgia,0.0,1,Medio,2
20,Non-binary,Bachelor's,Widowed,88745.0,643.0,18472.0,Personal,Employed,5,Fair,0.2640223942891974,165910.0,1.0,Port Randy,TN,Antarctica (the territory South of 60 deg S),0.0,0,Medio,2
27,Female,Master's,Divorced,109838.0,604.0,36013.0,Business,Self-employed,16,Poor,0.3894574494285118,30490.0,2.0,South Ashley,IL,Chile,3.0,1,Alto,0
29,Female,High School,Divorced,45972.0,709.0,18381.0,Business,Employed,18,Good,0.3128177187122294,167866.0,3.0,East Tabithaville,MI,French Polynesia,4.0,0,Alto,0
31,Non-binary,High School,Widowed,102339.0,706.0,12221.0,Personal,Employed,14,Fair,0.4676868963716625,285698.0,1.0,South Alexaton,OH,Indonesia,2.0,0,Bajo,1
50,Female,Bachelor's,Divorced,71397.0,664.0,27305.0,Personal,Self-employed,15,Good,0.14145399862933902,112828.0,0.0,New Jenniferbury,NJ,Palestinian Territory,0.0,0,Medio,2
31,Male,PhD,Divorced,114410.0,651.0,28833.0,Home,Employed,12,Fair,0.1037817073203037,260766.0,3.0,Whitneyhaven,VT,United States of America,3.0,2,Alto,0
44,Non-binary,Master's,Widowed,43940.0,676.0,20870.0,Auto,Self-employed,17,Poor,0.31708169586607204,280222.0,4.0,Elliottside,GA,Saint Martin,3.0,2,Alto,0
44,Male,High School,Widowed,26338.0,721.0,5558.0,Business,Employed,15,Poor,0.15613283137307318,276725.0,1.0,Booneberg,OH,Belize,4.0,1,Alto,0
67,Male,PhD,Married,71318.0,701.0,35980.0,Business,Self-employed,12,Excellent,0.14392653881112324,237006.0,2.0,Booneborough,FL,French Guiana,1.0,1,Bajo,1
35,Female,PhD,Married,102632.0,778.0,41684.0,Business,Employed,16,Excellent,0.4136243343578315,90362.0,3.0,East Lauraview,OR,Argentina,1.0,1,Bajo,1
41,Female,Master's,Single,82985.0,707.0,36389.0,Personal,Self-employed,8,Poor,0.4912712357121609,76555.0,2.0,Jennifermouth,AR,Cameroon,4.0,2,Alto,0
43,Female,Master's,Married,41330.0,686.0,41396.0,Business,Self-employed,18,Excellent,0.42961013213803934,141097.0,2.0,South Sarahchester,OR,Cyprus,4.0,2,Alto,0
28,Female,Bachelor's,Married,35589.0,666.0,36558.0,Business,Employed,16,Fair,0.5233198435423224,104030.0,0.0,Linstad,RI,Korea,3.0,1,Alto,0
64,Female,Master's,Widowed,111735.0,778.0,10364.0,Personal,Unemployed,18,Poor,0.15894311707461836,170204.0,4.0,Christophermouth,NC,Belarus,0.0,1,Bajo,1
25,Female,Bachelor's,Married,110627.0,605.0,31256.0,Home,Employed,13,Poor,0.48350018902509206,56221.0,4.0,East Erica,MH,Hungary,4.0,2,Alto,0
53,Male,PhD,Widowed,59427.0,738.0,18789.0,Personal,Unemployed,9,Poor,0.5404023625141714,206884.0,0.0,Tiffanyport,MA,Chile,2.0,2,Bajo,1
57,Non-binary,Master's,Widowed,117427.0,769.0,37430.0,Personal,Self-employed,5,Excellent,0.3065473150138712,226323.0,0.0,Port Cynthiaton,NV,Holy See (Vatican City State),3.0,1,Alto,0
39,Female,Bachelor's,Married,36350.0,761.0,46368.0,Auto,Unemployed,11,Excellent,0.12039183997805428,51912.0,0.0,Stevenland,AK,Burkina Faso,1.0,0,Alto,0
49,Female,High School,Single,83295.0,647.0,39239.0,Personal,Unemployed,18,Poor,0.5494682383662981,288077.0,4.0,Port Jamesville,IL,Norway,2.0,1,Medio,2
64,Non-binary,PhD,Divorced,76063.0,668.0,33240.0,Personal,Unemployed,13,Poor,0.3477432626329935,87842.0,3.0,Bellview,AZ,Bosnia and Herzegovina,0.0,0,Medio,2
30,Female,High School,Single,26393.0,604.0,39422.0,Auto,Unemployed,15,Good,0.275376364146671,254470.0,0.0,Chavezstad,MP,Myanmar,0.0,1,Alto,0
57,Non-binary,PhD,Divorced,76977.0,729.0,27418.0,Personal,Self-employed,11,Excellent,0.3253806865470671,204235.0,1.0,West Kellymouth,AK,Bangladesh,0.0,1,Bajo,1
41,Non-binary,Bachelor's,Divorced,52882.0,692.0,32450.0,Business,Employed,17,Excellent,0.4254568045850964,62113.0,3.0,Port Andrew,IL,Belize,1.0,1,Bajo,1
56,Male,Bachelor's,Married,53043.0,788.0,47581.0,Business,Unemployed,0,Poor,0.40311236526667404,132653.0,4.0,South Charles,MP,Zambia,4.0,2,Alto,0
63,Non-binary,Bachelor's,Widowed,80878.0,762.0,10993.0,Home,Employed,2,Good,0.5086086589156482,73857.0,3.0,Karenfurt,MN,Mexico,4.0,0,Alto,0
25,Non-binary,High School,Single,60626.0,761.0,36330.0,Home,Employed,4,Poor,0.480643143766862,242293.0,1.0,Powellview,ID,Heard Island and McDonald Islands,4.0,2,Alto,0
22,Non-binary,Master's,Widowed,63724.0,751.0,19163.0,Business,Self-employed,13,Excellent,0.5731436402831818,204609.0,2.0,Port Randy,MO,Burkina Faso,3.0,0,Alto,0
29,Non-binary,High School,Married,28373.0,618.0,44474.0,Auto,Employed,6,Good,0.47571243508155303,147803.0,3.0,Annabury,VI,Belgium,4.0,0,Alto,0
46,Male,PhD,Married,57586.0,636.0,11922.0,Personal,Unemployed,4,Good,0.336987349669555,164235.0,3.0,Karifort,NE,Lebanon,1.0,2,Medio,2
42,Female,PhD,Divorced,48610.0,698.0,43186.0,Business,Unemployed,4,Good,0.2843370363280989,292685.0,1.0,South Michael,AL,Bahrain,1.0,0,Bajo,1
38,Male,Bachelor's,Divorced,62124.0,635.0,33250.0,Auto,Employed,12,Good,0.4943932582625824,90208.0,4.0,Deborahchester,MS,Netherlands,1.0,2,Medio,2
37,Female,Bachelor's,Widowed,33936.0,759.0,9979.0,Home,Unemployed,3,Fair,0.2939386059067989,134653.0,2.0,New Michaelton,MN,Dominica,2.0,1,Alto,0
27,Female,Bachelor's,Married,105674.0,771.0,36803.0,Home,Self-employed,6,Excellent,0.190270588721312,22531.0,0.0,North Courtney,DC,North Macedonia,1.0,0,Bajo,1
42,Non-binary,Bachelor's,Married,71548.0,743.0,7000.0,Business,Self-employed,0,Poor,0.37589127418465507,172333.0,0.0,Lindseyside,ID,Bosnia and Herzegovina,3.0,0,Alto,0
44,Female,High School,Divorced,61534.0,685.0,37591.0,Auto,Unemployed,16,Poor,0.42805109487990667,227145.0,3.0,East Kimberlyport,ND,Slovakia (Slovak Republic),0.0,0,Bajo,1
29,Male,Bachelor's,Divorced,68431.0,789.0,16117.0,Home,Self-employed,15,Poor,0.20234060867637446,116313.0,3.0,West Eric,OR,Vanuatu,4.0,1,Alto,0
52,Female,Bachelor's,Single,29941.0,774.0,9702.0,Auto,Employed,16,Good,0.5396678045620724,179139.0,3.0,East Debbieborough,VT,Egypt,2.0,0,Alto,0
59,Non-binary,Master's,Married,93602.0,724.0,44575.0,Business,Self-employed,2,Excellent,0.15698023608348302,49090.0,4.0,Whiteland,SC,United States of America,3.0,0,Alto,0
65,Female,PhD,Widowed,102962.0,707.0,14747.0,Business,Self-employed,6,Poor,0.21261773922018315,145267.0,0.0,South Ashleyport,OH,Kenya,3.0,2,Alto,0
54,Male,High School,Single,37153.0,600.0,30295.0,Business,Unemployed,2,Poor,0.3380070509584323,29513.0,4.0,South Ginamouth,AZ,Madagascar,2.0,0,Alto,0
34,Female,Master's,Married,94215.0,754.0,35955.0,Auto,Employed,1,Good,0.5440529248399397,103084.0,4.0,South Kathy,VI,Barbados,0.0,1,Bajo,1
40,Male,Bachelor's,Married,23515.0,696.0,9201.0,Business,Unemployed,13,Poor,0.40825099099930184,44586.0,1.0,New Denise,AL,Montenegro,0.0,2,Alto,0
36,Male,High School,Married,100989.0,679.0,21549.0,Business,Employed,9,Fair,0.28158149014665046,45484.0,3.0,East Scottfort,MS,Korea,1.0,1,Medio,2
64,Male,Bachelor's,Divorced,23970.0,733.0,47882.0,Auto,Employed,19,Fair,0.415915985523698,133227.0,3.0,North Caitlin,AR,Sao Tome and Principe,4.0,1,Alto,0
34,Non-binary,High School,Married,85470.0,723.0,23521.0,Business,Self-employed,1,Fair,0.41520577664925773,296896.0,3.0,Roachmouth,WY,Cuba,4.0,2,Alto,0
57,Male,Bachelor's,Divorced,99798.0,617.0,35715.0,Home,Employed,15,Fair,0.594483258876653,278987.0,4.0,Thompsonburgh,AK,Bouvet Island (Bouvetoya),3.0,0,Alto,0
26,Female,Bachelor's,Widowed,73025.0,776.0,43841.0,Auto,Self-employed,5,Poor,0.2799276034455951,124584.0,0.0,Thomasview,AS,United Arab Emirates,1.0,2,Bajo,1
38,Non-binary,PhD,Married,61514.0,673.0,40580.0,Auto,Self-employed,8,Fair,0.23787882098463722,102656.0,0.0,South Amber,PR,Iceland,2.0,2,Medio,2
23,Female,Bachelor's,Divorced,56343.0,739.0,32405.0,Personal,Employed,1,Good,0.1483144907091806,74611.0,1.0,New Sarafort,FM,Mauritius,4.0,1,Alto,0
19,Female,Master's,Widowed,72838.0,709.0,11306.0,Auto,Unemployed,1,Fair,0.11310062693581499,96073.0,0.0,Osbornestad,MD,Djibouti,0.0,1,Bajo,1
43,Female,PhD,Married,42940.0,611.0,6471.0,Business,Employed,12,Poor,0.3135011989762121,57924.0,1.0,North Peter,MN,Belize,0.0,1,Medio,2
54,Male,High School,Married,112045.0,603.0,5480.0,Personal,Self-employed,12,Good,0.3743583099826959,175901.0,1.0,Daybury,MN,Myanmar,2.0,2,Medio,2
35,Female,Master's,Divorced,64788.0,706.0,5468.0,Auto,Unemployed,14,Poor,0.41786014049073816,161011.0,1.0,West Michael,TN,Qatar,2.0,0,Bajo,1
65,Male,PhD,Divorced,20154.0,609.0,19450.0,Auto,Self-employed,2,Poor,0.12554767882647141,184379.0,0.0,Brandonbury,GA,Egypt,4.0,1,Alto,0
68,Non-binary,PhD,Single,76539.0,792.0,33838.0,Business,Self-employed,13,Poor,0.3793433667659587,108973.0,3.0,Ashleyhaven,PR,Antigua and Barbuda,3.0,2,Alto,0
32,Female,PhD,Widowed,31156.0,773.0,23298.0,Home,Unemployed,8,Excellent,0.5614940852817446,271587.0,2.0,East Lee,AR,Holy See (Vatican City State),1.0,1,Alto,0
39,Male,High School,Single,49404.0,607.0,39450.0,Personal,Employed,0,Good,0.551801342821867,100576.0,1.0,Garciaview,VI,Congo,2.0,1,Medio,2
23,Female,High School,Single,98488.0,700.0,10126.0,Home,Unemployed,1,Excellent,0.5629434558211361,175611.0,2.0,Dicksonport,WA,United States Minor Outlying Islands,0.0,0,Bajo,1
53,Non-binary,Bachelor's,Divorced,34024.0,745.0,27954.0,Home,Employed,0,Excellent,0.2555769459603954,69704.0,1.0,Kruegerbury,MI,Anguilla,3.0,0,Alto,0
34,Female,High School,Widowed,56079.0,723.0,45989.0,Business,Unemployed,0,Poor,0.16398103620102675,25005.0,1.0,Lake Cynthiatown,NH,Austria,2.0,1,Bajo,1
36,Male,PhD,Widowed,36151.0,693.0,24780.0,Auto,Self-employed,7,Excellent,0.13652015221256206,285110.0,4.0,Aguilarbury,NJ,Bulgaria,0.0,0,Alto,0
25,Female,High School,Divorced,64383.0,787.0,5797.0,Personal,Unemployed,2,Fair,0.2614922317258733,42421.0,2.0,East Jonathanton,PR,Singapore,4.0,1,Alto,0
66,Female,Master's,Married,44507.0,696.0,42151.0,Auto,Employed,9,Excellent,0.126842267067892,179473.0,0.0,Reynoldsside,TX,Nauru,3.0,2,Alto,0
52,Male,Master's,Married,114852.0,743.0,38305.0,Business,Employed,3,Good,0.5011604409079528,210321.0,0.0,Moralesfurt,NY,North Macedonia,1.0,0,Bajo,1
21,Non-binary,Master's,Divorced,45654.0,645.0,32258.0,Personal,Employed,9,Excellent,0.21736622457114071,127085.0,4.0,South Jacquelinemouth,NJ,Turkey,3.0,1,Alto,0
47,Female,Bachelor's,Divorced,101271.0,730.0,22135.0,Personal,Unemployed,10,Excellent,0.1301957407546974,120218.0,4.0,Lake Jane,UT,Liberia,2.0,2,Bajo,1
69,Male,Bachelor's,Married,116085.0,636.0,41331.0,Business,Unemployed,17,Poor,0.27947111571256544,93556.0,2.0,Lake Jennifer,MD,Yemen,1.0,1,Medio,2
51,Non-binary,Bachelor's,Divorced,49157.0,732.0,47692.0,Home,Unemployed,10,Good,0.2769186488166899,96375.0,4.0,Lake Amystad,NJ,Heard Island and McDonald Islands,1.0,2,Bajo,1
37,Male,PhD,Married,75704.0,626.0,22779.0,Personal,Employed,17,Good,0.13450951462767233,198108.0,1.0,Alexanderhaven,KY,Vanuatu,4.0,2,Alto,0
57,Non-binary,PhD,Single,95341.0,742.0,47855.0,Home,Employed,0,Poor,0.47905701581642146,169587.0,4.0,Jeffreyhaven,MD,Sweden,3.0,2,Alto,0
54,Male,Bachelor's,Single,82497.0,659.0,31420.0,Home,Employed,10,Good,0.41851561275545257,298013.0,3.0,Salinashaven,VI,Seychelles,0.0,2,Medio,2
19,Female,Master's,Married,75120.0,604.0,38673.0,Home,Unemployed,7,Excellent,0.10708634096899558,210598.0,0.0,South Henryland,MI,Gibraltar,2.0,2,Medio,2
44,Female,Master's,Married,51560.0,697.0,46707.0,Auto,Employed,2,Fair,0.5270122021784415,179870.0,4.0,East Bryanport,PW,South Africa,4.0,2,Alto,0
29,Female,Master's,Divorced,51195.0,757.0,33860.0,Personal,Unemployed,12,Fair,0.3390359653947106,95003.0,4.0,Changport,UT,Holy See (Vatican City State),2.0,2,Bajo,1
22,Male,High School,Widowed,93071.0,729.0,6979.0,Business,Employed,15,Poor,0.26643192080152944,210060.0,1.0,Davismouth,DC,South Georgia and the South Sandwich Islands,3.0,1,Alto,0
20,Male,Bachelor's,Married,32626.0,698.0,23523.0,Auto,Self-employed,15,Good,0.46269145932656586,132653.0,2.0,Smithport,MT,Trinidad and Tobago,0.0,1,Alto,0
50,Non-binary,PhD,Married,32470.0,751.0,7653.0,Auto,Self-employed,15,Poor,0.334244455154856,67346.0,3.0,Osbornemouth,KY,Monaco,1.0,2,Alto,0
52,Female,High School,Single,35105.0,655.0,16300.0,Home,Self-employed,18,Fair,0.5967364622274376,126280.0,0.0,Matthewmouth,NV,Maldives,4.0,1,Alto,0
26,Female,PhD,Single,63746.0,614.0,13052.0,Business,Self-employed,0,Good,0.24031991599981226,127453.0,4.0,New Jessicaport,AL,Italy,3.0,2,Alto,0
18,Male,Master's,Single,22196.0,624.0,18893.0,Home,Unemployed,9,Fair,0.5305895983836828,57479.0,2.0,West Larryshire,AK,Mauritius,4.0,0,Alto,0
30,Non-binary,Bachelor's,Divorced,85958.0,619.0,23377.0,Auto,Employed,0,Poor,0.33739350798441403,213468.0,3.0,Port Alexander,ME,Gibraltar,3.0,1,Alto,0
30,Male,High School,Single,30256.0,624.0,25836.0,Home,Unemployed,0,Fair,0.10427252595482664,209105.0,1.0,Henrychester,WV,Iceland,2.0,1,Alto,0
44,Male,High School,Married,115680.0,701.0,17666.0,Auto,Unemployed,6,Fair,0.16158001480927872,36648.0,2.0,Mccoybury,CO,Trinidad and Tobago,3.0,1,Alto,0
52,Male,Master's,Widowed,22631.0,758.0,28013.0,Auto,Self-employed,12,Excellent,0.30174418350226273,271868.0,2.0,North Edward,MD,Vietnam,1.0,1,Alto,0
41,Male,High School,Married,118417.0,678.0,48691.0,Home,Employed,7,Excellent,0.5464778918355043,25634.0,2.0,Lake Edward,PW,Saudi Arabia,4.0,0,Alto,0
22,Female,Bachelor's,Widowed,112525.0,652.0,14673.0,Business,Employed,9,Poor,0.31690294425461607,238610.0,4.0,West Christina,LA,Belize,2.0,0,Medio,2
66,Female,High School,Single,91455.0,651.0,12092.0,Home,Self-employed,7,Poor,0.24813476670817022,42101.0,2.0,Aprilburgh,NJ,Luxembourg,1.0,1,Medio,2
46,Non-binary,Master's,Widowed,41471.0,722.0,39631.0,Personal,Unemployed,17,Poor,0.19782654995244373,203414.0,3.0,Moyerville,SD,Vanuatu,2.0,2,Bajo,1
55,Male,High School,Married,89428.0,796.0,36898.0,Personal,Employed,12,Poor,0.4012615889624316,128964.0,1.0,Andersonview,TN,Niue,1.0,1,Bajo,1
29,Female,PhD,Widowed,78390.0,689.0,44303.0,Business,Unemployed,7,Poor,0.3166755871864323,81421.0,4.0,Hillstad,NY,Faroe Islands,1.0,1,Bajo,1
64,Female,Bachelor's,Widowed,113176.0,747.0,23376.0,Auto,Employed,17,Poor,0.19745929521013963,208314.0,1.0,Cunninghamhaven,AL,Canada,3.0,0,Alto,0
37,Non-binary,Bachelor's,Single,31004.0,799.0,27575.0,Personal,Self-employed,9,Good,0.25216346678655677,68241.0,0.0,Adamschester,UT,Pakistan,2.0,0,Alto,0
47,Female,Bachelor's,Divorced,109001.0,616.0,37714.0,Personal,Self-employed,16,Excellent,0.17343464601268013,70916.0,3.0,West Kristitown,ME,Cook Islands,0.0,2,Medio,2
52,Female,Master's,Single,88906.0,683.0,48031.0,Home,Self-employed,13,Poor,0.5640271007978861,173093.0,4.0,Lake Laurafurt,PR,Canada,1.0,0,Bajo,1
62,Non-binary,Master's,Divorced,31862.0,675.0,5005.0,Business,Employed,15,Excellent,0.2882594080271783,205809.0,1.0,Danielshire,HI,Macao,1.0,1,Alto,0
47,Non-binary,Bachelor's,Married,28382.0,600.0,47424.0,Home,Employed,16,Poor,0.4760696270851421,72031.0,2.0,Chapmanhaven,MH,Libyan Arab Jamahiriya,3.0,1,Alto,0
48,Female,PhD,Single,109973.0,745.0,45791.0,Auto,Unemployed,0,Fair,0.1483196672217086,136963.0,2.0,West Tammyview,PA,British Indian Ocean Territory (Chagos Archipelago),1.0,0,Bajo,1
37,Non-binary,Master's,Married,46720.0,635.0,5002.0,Business,Employed,2,Good,0.16632469371198114,230897.0,4.0,Joshuabury,MN,Moldova,0.0,2,Medio,2
57,Male,Bachelor's,Single,105837.0,736.0,28534.0,Auto,Unemployed,7,Poor,0.3504767194765487,194934.0,2.0,Sheilaberg,ND,Bhutan,0.0,2,Bajo,1
53,Non-binary,High School,Single,65215.0,706.0,28093.0,Home,Unemployed,0,Excellent,0.5464094457782261,108185.0,3.0,Lake Lisa,AR,New Zealand,0.0,2,Bajo,1
52,Non-binary,Bachelor's,Single,29522.0,755.0,9698.0,Home,Employed,4,Excellent,0.48835588894545634,282531.0,0.0,Mendozafurt,OH,Cuba,4.0,0,Alto,0
34,Female,High School,Divorced,90412.0,683.0,18633.0,Business,Employed,2,Poor,0.3714414194357777,46567.0,1.0,Port Paula,WY,Venezuela,0.0,0,Bajo,1
33,Male,Bachelor's,Divorced,45594.0,626.0,49291.0,Personal,Self-employed,19,Good,0.23224350793587903,111070.0,0.0,Burnschester,PW,Switzerland,0.0,0,Medio,2
69,Male,Master's,Divorced,40077.0,633.0,26798.0,Home,Employed,16,Good,0.49490213591572974,227532.0,1.0,West Christopherland,MA,Iceland,1.0,0,Medio,2
61,Non-binary,High School,Married,22080.0,749.0,21135.0,Auto,Unemployed,8,Good,0.3715926506865955,85200.0,3.0,South Davidmouth,NY,Congo,2.0,0,Alto,0
37,Non-binary,Bachelor's,Widowed,28039.0,783.0,27795.0,Personal,Self-employed,0,Excellent,0.42916710981851913,208486.0,4.0,West Sarahstad,FM,Hong Kong,2.0,2,Alto,0
40,Non-binary,PhD,Single,118395.0,793.0,9043.0,Home,Unemployed,11,Good,0.2194142274546548,192398.0,2.0,South Joyce,SC,Morocco,1.0,2,Bajo,1
39,Male,Bachelor's,Single,96979.0,645.0,32392.0,Auto,Employed,16,Good,0.45536756411828405,42192.0,2.0,North Terri,MO,Djibouti,4.0,2,Alto,0
54,Female,Master's,Widowed,67664.0,625.0,29235.0,Home,Unemployed,0,Good,0.3999229835687357,227018.0,2.0,New Jessica,DC,Morocco,2.0,0,Medio,2
27,Male,Master's,Single,81934.0,634.0,49189.0,Personal,Employed,1,Excellent,0.5909196638800092,31843.0,1.0,Jamiehaven,AL,Sierra Leone,2.0,1,Medio,2
64,Female,Bachelor's,Widowed,50723.0,725.0,17217.0,Business,Unemployed,3,Fair,0.24434536703131773,43840.0,3.0,Hardinchester,WI,Austria,3.0,2,Alto,0
19,Male,High School,Single,54553.0,625.0,45070.0,Home,Employed,4,Good,0.4312862146448678,199439.0,1.0,East Sarahport,CT,Saint Pierre and Miquelon,3.0,1,Alto,0
68,Non-binary,PhD,Married,26304.0,747.0,11002.0,Home,Self-employed,2,Fair,0.5875600709006287,68038.0,4.0,Lake Kelly,MT,Papua New Guinea,2.0,1,Alto,0
47,Female,Bachelor's,Divorced,41912.0,798.0,20648.0,Business,Self-employed,17,Poor,0.2660245831439866,83701.0,3.0,Wrightview,NH,Turkmenistan,0.0,1,Bajo,1
56,Female,High School,Single,100118.0,796.0,27016.0,Business,Employed,10,Good,0.5522696347850741,49162.0,0.0,Avilatown,AL,Georgia,1.0,0,Bajo,1
32,Female,PhD,Divorced,95726.0,609.0,33802.0,Business,Unemployed,17,Good,0.24362381514340906,232969.0,3.0,West Donaldshire,NV,Guadeloupe,2.0,1,Medio,2
32,Male,High School,Married,105642.0,647.0,35408.0,Home,Employed,2,Poor,0.3691392379218146,287440.0,1.0,Lake Wayne,IA,Namibia,2.0,0,Medio,2
63,Female,High School,Single,82886.0,633.0,46028.0,Home,Unemployed,2,Poor,0.18995355994261778,194303.0,3.0,Lake Brandonland,MP,Hungary,4.0,2,Alto,0
35,Male,PhD,Married,103420.0,740.0,24658.0,Business,Employed,14,Fair,0.4659710038500343,62608.0,1.0,South Rebeccafurt,MA,Vanuatu,0.0,0,Bajo,1
33,Non-binary,Master's,Widowed,40405.0,671.0,41264.0,Auto,Self-employed,3,Excellent,0.3639956935496169,187408.0,3.0,Craigview,NY,Myanmar,0.0,1,Medio,2
39,Male,High School,Divorced,79204.0,618.0,6548.0,Auto,Employed,14,Poor,0.23366875090622305,199021.0,3.0,Mcdonaldhaven,DC,Cote d'Ivoire,2.0,1,Medio,2
30,Male,PhD,Single,21825.0,769.0,21452.0,Business,Employed,16,Fair,0.3109999049869826,127776.0,4.0,Markbury,CA,Mali,4.0,0,Alto,0
37,Female,High School,Divorced,85961.0,622.0,17317.0,Business,Employed,19,Excellent,0.5003250986301833,93283.0,0.0,Smithmouth,ID,Ireland,3.0,2,Alto,0
52,Female,High School,Single,71845.0,678.0,39763.0,Auto,Unemployed,16,Good,0.24856311588211824,194399.0,2.0,Lake Margaret,GA,Congo,4.0,0,Alto,0
32,Male,Master's,Single,50289.0,715.0,42256.0,Business,Employed,3,Poor,0.2205218931718355,173203.0,1.0,New Donnaburgh,OK,Saint Kitts and Nevis,3.0,0,Alto,0
29,Non-binary,High School,Divorced,70344.0,648.0,43604.0,Business,Self-employed,13,Good,0.5262975243316134,299042.0,1.0,South Mariaborough,HI,Montenegro,0.0,1,Medio,2
22,Male,Master's,Single,69460.0,610.0,31738.0,Business,Employed,2,Excellent,0.2896863345657609,43785.0,3.0,Port Stephen,WV,Mayotte,0.0,2,Medio,2
46,Male,High School,Married,36506.0,655.0,46464.0,Auto,Employed,11,Good,0.19147104462309236,100154.0,0.0,Hickschester,KS,Kiribati,3.0,2,Alto,0
55,Female,PhD,Single,115012.0,679.0,47845.0,Auto,Unemployed,4,Good,0.46950975177688237,229354.0,1.0,West Cynthia,GA,Australia,4.0,0,Alto,0
60,Non-binary,High School,Widowed,51230.0,749.0,43960.0,Auto,Self-employed,5,Good,0.12770214552472295,30290.0,1.0,Harperton,ND,Korea,1.0,2,Bajo,1
60,Female,Bachelor's,Married,66775.0,753.0,6854.0,Personal,Employed,0,Poor,0.18964533173935347,119746.0,1.0,New Miguel,DC,Guinea,2.0,1,Bajo,1
35,Female,High School,Widowed,47446.0,644.0,7874.0,Home,Unemployed,4,Poor,0.3078541091319372,108374.0,1.0,Brandonburgh,MP,Kenya,4.0,1,Alto,0
46,Non-binary,PhD,Widowed,83886.0,766.0,24682.0,Business,Self-employed,8,Poor,0.14410313137717654,226387.0,1.0,Mcgeebury,RI,Honduras,2.0,1,Bajo,1
45,Female,Bachelor's,Divorced,103114.0,635.0,37573.0,Auto,Unemployed,13,Poor,0.34404499867486427,46966.0,0.0,Combsmouth,GU,Anguilla,3.0,1,Alto,0
60,Female,Master's,Widowed,106067.0,635.0,6636.0,Auto,Employed,9,Fair,0.10146583169825926,236187.0,0.0,New Paulstad,CA,United Kingdom,2.0,1,Medio,2
69,Non-binary,Master's,Divorced,56126.0,601.0,32275.0,Auto,Employed,1,Poor,0.1480108323170806,128454.0,4.0,West Gailburgh,OK,Netherlands,4.0,1,Alto,0
48,Male,Master's,Divorced,87818.0,694.0,16802.0,Personal,Unemployed,0,Poor,0.3603377481374739,92975.0,4.0,Anitahaven,NE,Saint Pierre and Miquelon,0.0,1,Bajo,1
30,Female,PhD,Married,54750.0,672.0,25570.0,Personal,Employed,2,Good,0.25985128318268547,22180.0,0.0,Ashleyside,WI,Netherlands,1.0,0,Medio,2
69,Male,PhD,Widowed,118591.0,609.0,42034.0,Home,Self-employed,18,Fair,0.1639795766364104,151925.0,2.0,Conleyland,NH,British Indian Ocean Territory (Chagos Archipelago),3.0,1,Alto,0
54,Non-binary,Bachelor's,Widowed,118388.0,652.0,40032.0,Personal,Employed,0,Good,0.17893917263446943,37681.0,1.0,West Sarah,AR,Poland,0.0,1,Medio,2
47,Non-binary,Bachelor's,Single,70734.0,736.0,7676.0,Auto,Unemployed,9,Good,0.20670766860905257,183917.0,1.0,Chenside,MO,Mozambique,3.0,2,Alto,0
39,Non-binary,Master's,Divorced,92618.0,782.0,35845.0,Business,Self-employed,15,Poor,0.28372522212755413,136552.0,0.0,North Williamhaven,NJ,Albania,0.0,2,Bajo,1
34,Non-binary,High School,Widowed,75928.0,754.0,31078.0,Business,Unemployed,9,Good,0.4634227872370634,260160.0,3.0,Richardland,NM,Central African Republic,2.0,0,Bajo,1
45,Non-binary,PhD,Widowed,31628.0,663.0,15909.0,Business,Employed,4,Good,0.16300786702477763,268493.0,0.0,Georgetown,AZ,Colombia,3.0,1,Alto,0
55,Female,Master's,Divorced,86909.0,650.0,47217.0,Home,Employed,2,Excellent,0.17498655025070373,251122.0,4.0,Brianmouth,VT,French Polynesia,4.0,2,Alto,0
68,Non-binary,Master's,Married,52544.0,741.0,21603.0,Personal,Self-employed,10,Excellent,0.26699560257794064,238003.0,4.0,New Donna,SD,Luxembourg,4.0,0,Alto,0
43,Male,Bachelor's,Widowed,99434.0,669.0,30705.0,Auto,Employed,11,Poor,0.3013980358560131,282491.0,0.0,East Rodneyburgh,TX,Guatemala,3.0,2,Alto,0
45,Non-binary,PhD,Divorced,64776.0,606.0,36741.0,Auto,Employed,10,Excellent,0.21181441702300693,90828.0,1.0,South Jaimetown,HI,Taiwan,1.0,0,Medio,2
46,Male,PhD,Single,109606.0,633.0,48388.0,Business,Employed,6,Good,0.43457763117680204,196920.0,1.0,West Angelashire,HI,Maldives,1.0,0,Medio,2
19,Male,Master's,Divorced,116818.0,707.0,26433.0,Business,Unemployed,13,Good,0.4325911078673145,242905.0,0.0,South Linda,CO,Argentina,2.0,2,Bajo,1
40,Female,PhD,Divorced,43053.0,752.0,36969.0,Personal,Unemployed,16,Fair,0.4111227070866791,63608.0,4.0,Rosalesmouth,PR,Honduras,0.0,0,Bajo,1
21,Non-binary,Master's,Widowed,105621.0,767.0,45071.0,Personal,Self-employed,14,Good,0.19563197468836777,200792.0,1.0,Hillland,AZ,Benin,3.0,2,Alto,0
38,Male,High School,Divorced,108151.0,785.0,40483.0,Home,Unemployed,2,Poor,0.5242865906081996,233472.0,4.0,Lake Garymouth,AZ,Liberia,1.0,2,Bajo,1
40,Male,PhD,Widowed,48436.0,789.0,45557.0,Auto,Self-employed,13,Poor,0.48847585691752127,140778.0,0.0,West Louisbury,NM,Saint Pierre and Miquelon,0.0,0,Bajo,1
23,Male,PhD,Single,74979.0,721.0,6179.0,Business,Unemployed,3,Good,0.12887491282214988,119901.0,0.0,Rachelbury,VT,Russian Federation,1.0,2,Bajo,1
54,Male,High School,Married,85262.0,644.0,29879.0,Business,Self-employed,2,Good,0.194162545568168,232963.0,4.0,Janeshire,IA,Uruguay,4.0,2,Alto,0
39,Male,Master's,Divorced,88206.0,698.0,44038.0,Personal,Self-employed,8,Fair,0.33642716903712877,147213.0,2.0,South Bradleyfort,KS,Bulgaria,3.0,1,Alto,0
49,Male,Bachelor's,Single,33140.0,779.0,34911.0,Home,Unemployed,6,Excellent,0.5575136032113027,78848.0,1.0,Mccluretown,WV,Thailand,1.0,2,Alto,0
29,Male,Bachelor's,Married,47572.0,671.0,44347.0,Personal,Employed,16,Good,0.33357868485693765,147975.0,4.0,New Donna,NE,American Samoa,1.0,2,Medio,2
46,Male,PhD,Divorced,78204.0,746.0,46458.0,Personal,Unemployed,11,Good,0.18924478535614783,147200.0,1.0,Port Melindashire,KY,Uganda,4.0,1,Alto,0
24,Male,Master's,Divorced,100636.0,725.0,35871.0,Business,Employed,19,Good,0.433251530124686,75465.0,2.0,Abbottmouth,RI,Algeria,2.0,1,Bajo,1
41,Male,PhD,Married,96438.0,781.0,10708.0,Home,Self-employed,16,Fair,0.27010764872999393,93990.0,4.0,New Matthew,CO,Syrian Arab Republic,2.0,1,Bajo,1
69,Non-binary,Master's,Single,47566.0,711.0,14982.0,Home,Unemployed,19,Poor,0.19211749551561305,152039.0,4.0,Lake James,ME,Palau,0.0,2,Bajo,1
37,Male,Bachelor's,Married,85308.0,625.0,16694.0,Business,Employed,10,Good,0.5118446245865808,56772.0,1.0,South Timothy,AR,Liechtenstein,4.0,1,Alto,0
26,Male,High School,Divorced,57317.0,686.0,48925.0,Personal,Unemployed,17,Good,0.37465249078245,31891.0,4.0,Dawnstad,KY,Algeria,0.0,0,Bajo,1
34,Female,PhD,Divorced,70010.0,634.0,18989.0,Home,Employed,15,Good,0.17049772220689455,190531.0,0.0,Carrberg,HI,French Guiana,3.0,2,Alto,0
65,Non-binary,Master's,Divorced,104606.0,775.0,15694.0,Home,Unemployed,12,Fair,0.5258088559173538,159981.0,1.0,Robertstad,CT,Bangladesh,2.0,2,Bajo,1
50,Non-binary,PhD,Married,67670.0,711.0,40726.0,Personal,Employed,8,Fair,0.43361447139887177,133876.0,3.0,Goldentown,MN,Kyrgyz Republic,2.0,0,Bajo,1
69,Non-binary,PhD,Married,40343.0,747.0,30295.0,Home,Unemployed,10,Good,0.3417926574378022,177134.0,0.0,Walkerstad,MH,Madagascar,1.0,2,Bajo,1
66,Male,Master's,Single,45966.0,774.0,39537.0,Home,Self-employed,13,Fair,0.5255525655396605,73922.0,2.0,North Karen,DC,Egypt,2.0,0,Bajo,1
56,Male,PhD,Single,28009.0,694.0,9372.0,Business,Self-employed,3,Poor,0.1298689521898658,183130.0,2.0,East Steven,CO,Sao Tome and Principe,2.0,1,Alto,0
37,Non-binary,Bachelor's,Widowed,106348.0,688.0,45084.0,Home,Unemployed,9,Fair,0.4227846836091216,221567.0,1.0,Port Morgan,FM,Moldova,3.0,1,Alto,0
33,Female,Master's,Single,50041.0,634.0,43577.0,Auto,Unemployed,19,Poor,0.43591292205681675,83464.0,0.0,New Josephville,DC,Turks and Caicos Islands,0.0,1,Medio,2
39,Non-binary,Master's,Divorced,42003.0,769.0,24044.0,Personal,Unemployed,19,Good,0.2293517065254467,158827.0,1.0,Williamsonside,TX,Taiwan,3.0,2,Alto,0
39,Female,Bachelor's,Single,54623.0,679.0,37997.0,Business,Employed,14,Poor,0.1219363561088613,224805.0,3.0,North Ruben,SD,Guinea-Bissau,4.0,2,Alto,0
25,Female,Master's,Widowed,31377.0,648.0,47971.0,Personal,Employed,0,Excellent,0.22311089920232222,105914.0,1.0,West Rachelstad,AK,Libyan Arab Jamahiriya,4.0,0,Alto,0
24,Female,Bachelor's,Divorced,27543.0,701.0,18806.0,Auto,Unemployed,1,Excellent,0.2513895851192208,57503.0,3.0,Phillipville,NE,Greenland,3.0,1,Alto,0
38,Non-binary,Master's,Single,102172.0,608.0,11026.0,Business,Unemployed,2,Excellent,0.5949166627022558,292434.0,4.0,New Nancy,ME,Italy,1.0,2,Medio,2
50,Male,High School,Divorced,92796.0,602.0,26101.0,Business,Self-employed,3,Poor,0.15118155278984655,275199.0,1.0,Lake Mistyville,WV,Myanmar,4.0,2,Alto,0
29,Female,Bachelor's,Single,32941.0,602.0,39503.0,Auto,Unemployed,10,Fair,0.19727803759051102,38837.0,1.0,Shelbyland,NJ,Antigua and Barbuda,3.0,2,Alto,0
60,Male,Master's,Single,28539.0,729.0,29166.0,Auto,Employed,19,Poor,0.5017162073509864,255685.0,3.0,Iantown,AL,Kyrgyz Republic,2.0,0,Alto,0
30,Non-binary,High School,Widowed,34999.0,781.0,26627.0,Business,Unemployed,15,Poor,0.1314476099281985,70655.0,0.0,Charlesburgh,AK,Tajikistan,4.0,1,Alto,0
42,Male,Master's,Single,89363.0,656.0,34118.0,Home,Self-employed,19,Good,0.48605214507500116,283817.0,4.0,Lake Janetville,MD,Costa Rica,2.0,0,Medio,2
44,Non-binary,Master's,Divorced,89360.0,686.0,32115.0,Business,Self-employed,12,Excellent,0.40961582898391913,84985.0,3.0,Lake Jill,WY,Northern Mariana Islands,3.0,2,Alto,0
30,Female,PhD,Widowed,104475.0,646.0,48518.0,Personal,Unemployed,14,Fair,0.2441798830384546,24636.0,2.0,Port Karen,OK,Saint Barthelemy,1.0,0,Medio,2
30,Non-binary,PhD,Divorced,103017.0,616.0,35905.0,Home,Self-employed,8,Fair,0.24422336081952814,295016.0,0.0,South Scott,IN,Ethiopia,4.0,2,Alto,0
31,Non-binary,Bachelor's,Widowed,26385.0,718.0,12393.0,Business,Employed,3,Excellent,0.4192676809712279,276755.0,0.0,East Allison,MA,Nepal,2.0,2,Alto,0
56,Non-binary,Bachelor's,Divorced,67475.0,699.0,14933.0,Auto,Employed,5,Good,0.23693970357800784,284679.0,0.0,Kelleyshire,AK,Serbia,2.0,2,Bajo,1
30,Non-binary,High School,Married,47690.0,739.0,48369.0,Business,Employed,19,Good,0.20450266170208767,204498.0,3.0,North Nicholashaven,MI,Colombia,1.0,1,Bajo,1
49,Male,PhD,Married,53087.0,652.0,34447.0,Personal,Unemployed,6,Fair,0.32810740491300083,110696.0,0.0,South Melissaborough,GA,Heard Island and McDonald Islands,2.0,2,Medio,2
58,Male,High School,Married,62850.0,748.0,36084.0,Auto,Employed,0,Poor,0.5460605673220984,104837.0,1.0,Rodriguezton,AZ,Antigua and Barbuda,3.0,0,Alto,0
40,Non-binary,Bachelor's,Divorced,53500.0,630.0,14143.0,Home,Employed,9,Excellent,0.4119093837179004,103342.0,3.0,Middletonmouth,NH,Western Sahara,4.0,0,Alto,0
68,Male,PhD,Married,38254.0,770.0,11461.0,Personal,Unemployed,1,Good,0.5165270405976286,132585.0,3.0,Darrylview,UT,Greenland,2.0,0,Alto,0
29,Non-binary,PhD,Divorced,80684.0,777.0,41499.0,Personal,Self-employed,15,Poor,0.18361180190364743,287169.0,4.0,Lake Sean,AK,Kyrgyz Republic,2.0,0,Bajo,1
59,Male,PhD,Married,112851.0,770.0,31965.0,Auto,Employed,19,Good,0.5333533653731325,248185.0,2.0,South Susan,HI,Slovenia,3.0,0,Alto,0
37,Non-binary,PhD,Single,100501.0,767.0,8911.0,Personal,Unemployed,14,Good,0.17727401789078354,279157.0,3.0,New Davidside,VI,Heard Island and McDonald Islands,0.0,0,Bajo,1
64,Non-binary,Master's,Widowed,95475.0,689.0,44284.0,Auto,Self-employed,11,Good,0.46564991704456105,223428.0,1.0,Dennisfurt,TX,Myanmar,0.0,0,Bajo,1
28,Non-binary,Master's,Married,31885.0,735.0,21313.0,Business,Unemployed,0,Excellent,0.490510223753703,138048.0,1.0,North Meagan,AR,Estonia,4.0,2,Alto,0
69,Female,Bachelor's,Widowed,53978.0,637.0,24725.0,Auto,Self-employed,15,Fair,0.17264920907718997,65774.0,4.0,North Mikaylamouth,CO,South Georgia and the South Sandwich Islands,1.0,2,Medio,2
29,Female,Bachelor's,Divorced,69289.0,739.0,5583.0,Auto,Self-employed,14,Good,0.26843968340417934,253751.0,2.0,Lake Leeville,ID,Latvia,0.0,1,Bajo,1
30,Non-binary,Bachelor's,Single,96519.0,740.0,27963.0,Home,Employed,5,Good,0.5832301686645573,27615.0,4.0,West Daniel,AS,Andorra,0.0,1,Bajo,1
41,Female,PhD,Divorced,54311.0,624.0,40592.0,Personal,Self-employed,9,Excellent,0.1793529665371522,234134.0,3.0,New Faith,MD,Hong Kong,1.0,2,Medio,2
67,Female,Bachelor's,Single,23052.0,735.0,48261.0,Home,Self-employed,10,Excellent,0.302971155636778,174316.0,2.0,Markborough,MI,Saudi Arabia,2.0,1,Alto,0
28,Male,PhD,Widowed,48625.0,675.0,23721.0,Home,Self-employed,0,Excellent,0.45126759284808926,285002.0,0.0,Katherinehaven,TN,Cuba,0.0,0,Medio,2
49,Female,Bachelor's,Married,71901.0,758.0,23609.0,Auto,Employed,13,Good,0.4830006003618713,296797.0,4.0,New Deanchester,ND,Greenland,1.0,1,Bajo,1
64,Non-binary,Bachelor's,Married,62425.0,633.0,44113.0,Personal,Self-employed,2,Excellent,0.14765520695739962,260580.0,4.0,Mackenzieshire,MN,Costa Rica,2.0,1,Medio,2
49,Non-binary,Bachelor's,Widowed,96687.0,611.0,37908.0,Business,Employed,18,Excellent,0.49404299193875123,42700.0,2.0,Brownborough,AK,Vanuatu,1.0,2,Medio,2
64,Male,PhD,Divorced,64264.0,637.0,41309.0,Business,Employed,11,Poor,0.17943096738567801,23141.0,0.0,North Maryhaven,IN,Martinique,1.0,1,Medio,2
54,Non-binary,PhD,Married,69431.0,768.0,32861.0,Home,Employed,13,Excellent,0.4606610565107373,28037.0,2.0,New Christopherstad,VT,Niger,0.0,1,Bajo,1
44,Non-binary,PhD,Married,117309.0,780.0,13807.0,Home,Self-employed,1,Good,0.33389355639370044,260548.0,3.0,North Tylerbury,DC,Trinidad and Tobago,3.0,1,Alto,0
61,Non-binary,PhD,Single,112297.0,773.0,41898.0,Business,Unemployed,9,Good,0.40056521457959304,231574.0,3.0,Brownton,UT,Syrian Arab Republic,4.0,1,Alto,0
60,Female,Master's,Single,69349.0,661.0,15245.0,Business,Employed,14,Poor,0.2492265165870227,285451.0,1.0,New Cesar,TN,Cote d'Ivoire,2.0,0,Medio,2
34,Male,Master's,Married,46081.0,774.0,33530.0,Auto,Self-employed,18,Fair,0.5161190406138848,54515.0,2.0,West Robert,MP,Azerbaijan,2.0,2,Bajo,1
29,Non-binary,Bachelor's,Widowed,71158.0,632.0,42674.0,Home,Self-employed,17,Excellent,0.3852152592142304,159995.0,4.0,Lake Johntown,SC,Kiribati,3.0,1,Alto,0
55,Non-binary,Master's,Single,66308.0,735.0,47395.0,Personal,Employed,17,Excellent,0.3302039292923774,263627.0,2.0,New Brendaburgh,ND,Trinidad and Tobago,0.0,2,Bajo,1
44,Non-binary,Bachelor's,Widowed,64893.0,726.0,48059.0,Home,Employed,14,Good,0.20641625037077446,80913.0,3.0,West Kirsten,DE,Saint Lucia,4.0,2,Alto,0
29,Male,High School,Single,82278.0,786.0,7749.0,Home,Unemployed,10,Fair,0.4392955496379889,182784.0,3.0,Lake Kimshire,AR,Mauritius,4.0,1,Alto,0
32,Non-binary,Bachelor's,Single,44276.0,787.0,6635.0,Personal,Self-employed,16,Fair,0.5231190241312634,216475.0,3.0,Isabellastad,SD,Austria,1.0,1,Bajo,1
40,Male,PhD,Widowed,98002.0,763.0,36767.0,Home,Self-employed,11,Good,0.41509358868328583,128784.0,0.0,Carolynbury,NE,Comoros,2.0,2,Bajo,1
26,Male,Master's,Married,71630.0,613.0,26930.0,Home,Employed,17,Excellent,0.3547248271112121,233110.0,2.0,Higginsfurt,NJ,Northern Mariana Islands,3.0,0,Alto,0
52,Female,PhD,Single,29675.0,736.0,31923.0,Auto,Employed,2,Good,0.25413729644521144,86181.0,3.0,Marcusshire,AL,American Samoa,2.0,0,Alto,0
68,Male,Master's,Widowed,110886.0,724.0,17782.0,Personal,Unemployed,12,Good,0.44985321397526856,198453.0,2.0,South Teresaview,ID,Tanzania,1.0,2,Bajo,1
24,Non-binary,PhD,Widowed,50493.0,638.0,40444.0,Auto,Unemployed,6,Fair,0.5014639253693675,135528.0,0.0,Kimberlytown,MS,British Virgin Islands,0.0,0,Medio,2
55,Non-binary,PhD,Single,92623.0,603.0,22127.0,Home,Unemployed,8,Poor,0.2887365946933509,243105.0,2.0,Cummingsview,ID,Estonia,0.0,2,Medio,2
28,Male,Bachelor's,Married,59313.0,708.0,11647.0,Home,Self-employed,9,Good,0.56358540242368,231740.0,3.0,Masseyborough,CT,Egypt,1.0,2,Bajo,1
40,Non-binary,High School,Divorced,87474.0,783.0,17872.0,Personal,Self-employed,4,Good,0.18064605228722166,264709.0,3.0,Danielberg,ID,Svalbard & Jan Mayen Islands,1.0,0,Bajo,1
50,Female,Master's,Single,58862.0,664.0,23372.0,Home,Employed,18,Fair,0.5929177702093007,65371.0,3.0,Alexismouth,AZ,Iran,0.0,2,Medio,2
35,Female,PhD,Divorced,69635.0,769.0,17425.0,Personal,Self-employed,15,Good,0.18811607472571698,62734.0,2.0,Lake Whitney,HI,Bouvet Island (Bouvetoya),3.0,2,Alto,0
49,Female,Master's,Divorced,108896.0,720.0,18832.0,Home,Self-employed,11,Poor,0.381285260845288,47385.0,4.0,Ericmouth,NE,Albania,2.0,1,Bajo,1
51,Female,PhD,Single,88079.0,634.0,16641.0,Home,Employed,7,Excellent,0.559299888798358,92151.0,4.0,South Megan,MT,Montserrat,2.0,2,Medio,2
52,Female,High School,Widowed,94826.0,659.0,35897.0,Personal,Employed,3,Good,0.43274913133495896,128972.0,1.0,Port Frederickfort,MI,Japan,3.0,1,Alto,0
49,Female,Bachelor's,Divorced,78714.0,691.0,38897.0,Home,Employed,16,Fair,0.2394086599808712,247130.0,4.0,Taylorside,MH,Saint Pierre and Miquelon,1.0,2,Bajo,1
33,Male,PhD,Single,103844.0,795.0,28966.0,Auto,Unemployed,14,Excellent,0.4558078131624108,219636.0,3.0,Lake Paulmouth,CT,Jordan,3.0,2,Alto,0
50,Male,Bachelor's,Divorced,35987.0,742.0,42694.0,Home,Unemployed,14,Excellent,0.22220845050375962,176661.0,0.0,Thompsonmouth,NM,Hong Kong,4.0,0,Alto,0
69,Female,Bachelor's,Widowed,104079.0,666.0,44260.0,Home,Employed,9,Poor,0.10509967643464671,154649.0,0.0,Port Tinaborough,ME,Fiji,2.0,2,Medio,2
51,Female,Master's,Widowed,87784.0,716.0,16391.0,Business,Unemployed,9,Good,0.5606461162428521,263883.0,4.0,North Casey,WA,Chile,2.0,0,Bajo,1
45,Female,High School,Married,119329.0,740.0,40890.0,Home,Self-employed,18,Poor,0.454866507795323,224863.0,0.0,South Katelynmouth,AK,Honduras,2.0,2,Bajo,1
40,Female,High School,Widowed,33601.0,716.0,46955.0,Auto,Employed,13,Good,0.5730002559618657,91367.0,4.0,New Jasonmouth,SC,Pitcairn Islands,3.0,2,Alto,0
67,Non-binary,Master's,Widowed,56583.0,671.0,38191.0,Personal,Self-employed,0,Excellent,0.11313691640080134,296631.0,0.0,New April,IL,Trinidad and Tobago,2.0,0,Medio,2
51,Female,Bachelor's,Married,26030.0,639.0,38256.0,Auto,Unemployed,18,Good,0.20931639388856885,20678.0,3.0,Cruzview,RI,Dominica,4.0,2,Alto,0
52,Non-binary,Bachelor's,Married,74510.0,781.0,21714.0,Personal,Unemployed,19,Poor,0.21306550636991436,243657.0,2.0,Christopherhaven,GU,Bermuda,3.0,1,Alto,0
18,Female,Master's,Widowed,37693.0,620.0,46767.0,Business,Unemployed,10,Poor,0.2401280437530172,293639.0,3.0,Frankbury,MI,Tunisia,0.0,1,Alto,0
31,Female,Master's,Married,67252.0,744.0,23013.0,Business,Employed,15,Good,0.3462133595442549,30483.0,1.0,Jeffreystad,ME,Lebanon,3.0,0,Alto,0
40,Female,Master's,Widowed,54851.0,704.0,14650.0,Business,Unemployed,13,Good,0.45970015543489007,217135.0,3.0,South Derek,DE,Nicaragua,4.0,2,Alto,0
35,Non-binary,High School,Divorced,44977.0,651.0,26932.0,Business,Employed,0,Fair,0.46194014619313206,230043.0,1.0,New Audreyborough,GU,Guatemala,4.0,1,Alto,0
59,Female,High School,Widowed,44641.0,671.0,34523.0,Personal,Unemployed,13,Fair,0.5866307106729213,154410.0,4.0,Mcneilbury,WV,Congo,2.0,1,Medio,2
62,Male,Bachelor's,Widowed,106718.0,747.0,33301.0,Business,Unemployed,16,Good,0.2281853438795707,91564.0,1.0,North Danielleside,AL,Mauritius,2.0,0,Bajo,1
29,Female,Bachelor's,Single,52322.0,676.0,44050.0,Auto,Self-employed,10,Excellent,0.37090100264121983,223141.0,1.0,New Jennifer,IA,Tanzania,3.0,1,Alto,0
61,Non-binary,PhD,Divorced,99134.0,661.0,9547.0,Business,Employed,6,Fair,0.13784478790296342,32637.0,3.0,Sonyaburgh,NE,Paraguay,2.0,0,Medio,2
31,Male,Bachelor's,Divorced,93563.0,759.0,23277.0,Home,Employed,15,Poor,0.4681251708217262,280249.0,4.0,Williamchester,RI,Saint Kitts and Nevis,0.0,0,Bajo,1
57,Male,PhD,Single,27806.0,669.0,45411.0,Home,Unemployed,3,Excellent,0.395140704028238,224578.0,0.0,Sarahtown,TN,Costa Rica,4.0,0,Alto,0
18,Female,Bachelor's,Married,38414.0,759.0,39856.0,Personal,Employed,7,Excellent,0.33327731346217915,192119.0,0.0,Lake Megan,KS,Gabon,4.0,2,Alto,0
46,Male,Master's,Widowed,88106.0,697.0,5682.0,Personal,Unemployed,4,Fair,0.11873338933767155,71906.0,2.0,Scottshire,MO,Lao People's Democratic Republic,2.0,0,Bajo,1
67,Non-binary,Bachelor's,Married,28463.0,716.0,12210.0,Home,Employed,3,Fair,0.13923934904801996,256831.0,1.0,Port Dawn,MN,Albania,2.0,1,Alto,0
66,Female,Master's,Widowed,47584.0,667.0,7343.0,Personal,Self-employed,9,Poor,0.26463225118785105,149867.0,3.0,East Curtiston,AL,Kuwait,4.0,1,Alto,0
35,Male,Master's,Single,107793.0,689.0,40239.0,Business,Self-employed,2,Fair,0.14241325711209238,68910.0,0.0,Spencermouth,DC,Equatorial Guinea,2.0,1,Bajo,1
51,Female,High School,Single,42650.0,680.0,18589.0,Business,Employed,4,Poor,0.21132303223076468,61930.0,1.0,New Joel,AL,Armenia,4.0,1,Alto,0
30,Non-binary,High School,Single,72188.0,734.0,28187.0,Personal,Unemployed,15,Excellent,0.279504086074301,235084.0,4.0,Dawnshire,NJ,Netherlands,1.0,1,Bajo,1
47,Non-binary,PhD,Single,116565.0,654.0,45396.0,Personal,Self-employed,2,Good,0.5201458920338609,139899.0,1.0,Nancyfort,PR,Maldives,0.0,2,Medio,2
61,Female,Bachelor's,Widowed,96762.0,682.0,34116.0,Home,Unemployed,18,Good,0.518067108542188,275383.0,0.0,Kevinmouth,MD,Grenada,0.0,1,Bajo,1
28,Male,High School,Divorced,62368.0,664.0,20669.0,Business,Employed,11,Good,0.38908294431097745,96683.0,3.0,Nicholasmouth,WV,Saint Pierre and Miquelon,4.0,0,Alto,0
35,Non-binary,Bachelor's,Widowed,110947.0,782.0,35252.0,Home,Self-employed,8,Excellent,0.5780667734163929,120663.0,1.0,North Nicolestad,WI,North Macedonia,0.0,2,Bajo,1
52,Non-binary,PhD,Single,118463.0,722.0,49176.0,Auto,Employed,8,Good,0.5221432104315045,151355.0,4.0,South Tonya,GU,Korea,2.0,1,Bajo,1
37,Non-binary,Master's,Widowed,92321.0,687.0,48302.0,Home,Unemployed,4,Excellent,0.4006548219772812,229309.0,0.0,New Jamesbury,KS,Cape Verde,1.0,0,Bajo,1
35,Female,Master's,Single,76305.0,609.0,46170.0,Business,Self-employed,15,Poor,0.2932132803282059,84362.0,3.0,North Deannatown,ME,Bulgaria,4.0,2,Alto,0
39,Non-binary,Bachelor's,Divorced,58418.0,646.0,5322.0,Business,Self-employed,15,Excellent,0.4553710257928154,72544.0,0.0,Port Brandyton,NH,Iraq,0.0,1,Medio,2
19,Non-binary,Master's,Widowed,89483.0,686.0,28474.0,Home,Unemployed,16,Good,0.20111366103636194,111756.0,1.0,West Ronaldstad,CO,Netherlands Antilles,2.0,1,Bajo,1
34,Male,High School,Single,52486.0,704.0,22981.0,Business,Unemployed,17,Excellent,0.2856886850700924,258168.0,3.0,Mooreburgh,MO,Antigua and Barbuda,4.0,2,Alto,0
29,Female,High School,Single,90097.0,675.0,47314.0,Auto,Self-employed,2,Fair,0.142881131583777,180095.0,1.0,Adambury,SC,Zambia,4.0,1,Alto,0
66,Non-binary,Bachelor's,Divorced,82806.0,736.0,26481.0,Auto,Employed,7,Poor,0.5038707898058831,256675.0,4.0,Davisville,FM,Anguilla,1.0,1,Bajo,1
66,Non-binary,Master's,Single,83721.0,670.0,21967.0,Auto,Self-employed,11,Fair,0.1963607610998491,115396.0,0.0,New Micheleland,CT,Pitcairn Islands,3.0,0,Alto,0
39,Non-binary,Bachelor's,Married,79232.0,752.0,25819.0,Auto,Self-employed,0,Good,0.2880314040288239,188354.0,1.0,Joshuatown,SC,Netherlands Antilles,0.0,1,Bajo,1
69,Non-binary,Master's,Single,93118.0,613.0,43065.0,Home,Unemployed,8,Fair,0.5367360279717538,201855.0,1.0,Marshallport,WA,Egypt,2.0,2,Medio,2
50,Non-binary,Master's,Single,75951.0,629.0,41460.0,Business,Self-employed,4,Fair,0.5313371543902263,157444.0,4.0,East Markstad,MS,Holy See (Vatican City State),4.0,2,Alto,0
66,Male,Bachelor's,Widowed,65959.0,641.0,25398.0,Business,Employed,0,Fair,0.24564615136325205,264028.0,3.0,South Bradley,GU,Peru,1.0,2,Medio,2
48,Female,High School,Widowed,58493.0,748.0,28674.0,Auto,Employed,19,Excellent,0.5464102600693395,163816.0,3.0,Ericshire,IA,Singapore,2.0,1,Bajo,1
62,Male,PhD,Married,92264.0,702.0,40719.0,Auto,Unemployed,3,Excellent,0.35261199171461044,77101.0,3.0,East Timothystad,DE,Switzerland,0.0,1,Bajo,1
28,Male,High School,Widowed,81826.0,659.0,37126.0,Personal,Unemployed,13,Fair,0.4371535060930264,247885.0,1.0,West Brucemouth,CA,Ecuador,3.0,1,Alto,0
27,Female,PhD,Married,71524.0,799.0,26422.0,Business,Self-employed,8,Good,0.2881881980933957,110193.0,3.0,Brandyfurt,DC,Chile,4.0,2,Alto,0
66,Non-binary,Master's,Divorced,75535.0,687.0,28095.0,Home,Employed,17,Good,0.2095130367790605,118334.0,1.0,Morristown,AZ,Marshall Islands,0.0,2,Bajo,1
40,Female,Bachelor's,Divorced,56182.0,683.0,14923.0,Business,Self-employed,17,Good,0.17105806296018858,63300.0,0.0,Johnstonborough,AS,Switzerland,1.0,1,Bajo,1
25,Female,Master's,Widowed,38953.0,729.0,21238.0,Home,Employed,15,Good,0.35556311758723214,30249.0,0.0,Alfredbury,AL,French Polynesia,0.0,2,Alto,0
30,Non-binary,Bachelor's,Widowed,30176.0,696.0,28922.0,Home,Employed,8,Excellent,0.4232726952385035,108125.0,3.0,Jonesfort,FL,South Africa,4.0,0,Alto,0
62,Female,Master's,Married,84334.0,666.0,29516.0,Home,Self-employed,0,Fair,0.11706496999202412,261538.0,2.0,Meganmouth,DC,Tunisia,1.0,2,Medio,2
60,Non-binary,High School,Divorced,85180.0,671.0,12482.0,Personal,Unemployed,1,Good,0.5776121001491527,284265.0,1.0,New Kimberlyberg,GU,Malta,1.0,1,Medio,2
36,Non-binary,High School,Single,107533.0,684.0,11954.0,Business,Employed,19,Excellent,0.22796816867181394,190451.0,2.0,Woodhaven,NH,Macao,0.0,1,Bajo,1
64,Non-binary,Master's,Widowed,56775.0,652.0,17458.0,Personal,Self-employed,9,Good,0.39737994006434263,128293.0,1.0,Brewerland,HI,Eritrea,0.0,1,Medio,2
67,Female,PhD,Single,52691.0,738.0,47229.0,Home,Self-employed,5,Good,0.13438290869416716,20344.0,1.0,North Timothy,VA,Somalia,3.0,1,Alto,0
28,Non-binary,High School,Married,23051.0,654.0,7591.0,Personal,Employed,10,Good,0.21729549308455307,73937.0,3.0,Hernandezstad,ND,Malawi,3.0,0,Alto,0
38,Female,Bachelor's,Single,97714.0,628.0,26512.0,Business,Unemployed,17,Good,0.3283688412222512,284790.0,0.0,North Rebeccamouth,GU,Tuvalu,2.0,2,Medio,2
31,Female,Bachelor's,Divorced,96948.0,752.0,26715.0,Business,Unemployed,15,Fair,0.2358186913506007,70372.0,0.0,East Annaland,CT,Monaco,3.0,0,Alto,0
24,Male,PhD,Widowed,80985.0,751.0,15461.0,Business,Self-employed,16,Excellent,0.25001233347825025,133124.0,3.0,Jonathonchester,GU,Angola,1.0,1,Bajo,1
30,Non-binary,PhD,Divorced,102168.0,625.0,9344.0,Home,Employed,9,Fair,0.5317818649606098,125632.0,4.0,Frankland,DC,Bolivia,2.0,2,Medio,2
54,Non-binary,PhD,Divorced,119591.0,754.0,8347.0,Home,Unemployed,2,Fair,0.40161596817982914,94916.0,0.0,Millerburgh,VI,Jordan,2.0,2,Bajo,1
48,Non-binary,Bachelor's,Married,110060.0,724.0,20641.0,Auto,Employed,17,Good,0.1023550409375599,72033.0,1.0,North Gregoryborough,MO,Colombia,1.0,1,Bajo,1
32,Non-binary,High School,Married,45185.0,643.0,14018.0,Business,Unemployed,0,Excellent,0.10649976284937032,90166.0,2.0,North Diana,NC,Brunei Darussalam,3.0,1,Alto,0
23,Male,PhD,Widowed,27702.0,695.0,44679.0,Home,Unemployed,19,Good,0.21863726617726,241256.0,1.0,Dillonburgh,HI,Vietnam,1.0,0,Alto,0
21,Non-binary,Bachelor's,Widowed,96681.0,678.0,42338.0,Auto,Self-employed,14,Poor,0.20196380690943203,92416.0,0.0,West Ashley,NC,Gabon,4.0,2,Alto,0
37,Female,High School,Married,62325.0,612.0,37309.0,Personal,Unemployed,15,Excellent,0.2527539418817274,91470.0,0.0,South Patrickborough,IN,Serbia,4.0,2,Alto,0
67,Male,Bachelor's,Widowed,36292.0,718.0,25073.0,Personal,Employed,6,Poor,0.3788998779178222,95428.0,4.0,Thomasfurt,FL,Anguilla,2.0,2,Alto,0
43,Male,High School,Divorced,112648.0,617.0,33370.0,Auto,Employed,1,Good,0.3754235810805445,91909.0,3.0,New Patricia,PA,Bahamas,0.0,1,Medio,2
30,Female,Master's,Divorced,77941.0,656.0,27500.0,Personal,Self-employed,3,Excellent,0.4186361381008368,252226.0,4.0,Brianview,OR,Cambodia,4.0,1,Alto,0
25,Non-binary,Bachelor's,Widowed,26827.0,653.0,40446.0,Home,Self-employed,7,Fair,0.5840501632096355,124927.0,4.0,Vaughnchester,WV,Belgium,2.0,0,Alto,0
36,Male,Master's,Single,21119.0,741.0,10340.0,Business,Self-employed,18,Excellent,0.1689938659124802,33531.0,4.0,Transtad,GA,Chad,0.0,2,Alto,0
65,Male,PhD,Widowed,88248.0,657.0,10696.0,Personal,Unemployed,14,Poor,0.41831320456854837,53718.0,4.0,North Joseland,FL,Saint Kitts and Nevis,0.0,1,Medio,2
43,Non-binary,Master's,Widowed,25566.0,680.0,42212.0,Business,Unemployed,10,Good,0.5714069391938821,139125.0,2.0,Castillostad,TX,Sri Lanka,2.0,2,Alto,0
23,Female,PhD,Divorced,39874.0,690.0,21011.0,Personal,Unemployed,3,Excellent,0.34174041994005,120161.0,0.0,Andreaburgh,VI,Uzbekistan,4.0,0,Alto,0
36,Non-binary,High School,Divorced,119610.0,657.0,11181.0,Personal,Unemployed,5,Excellent,0.4531070118097503,198845.0,4.0,Andrewmouth,MP,Saint Kitts and Nevis,4.0,1,Alto,0
26,Male,PhD,Married,67498.0,633.0,26742.0,Home,Unemployed,16,Fair,0.11157621680482069,197731.0,0.0,Petersonfurt,AZ,Latvia,2.0,1,Medio,2
40,Female,Master's,Widowed,21358.0,630.0,30680.0,Business,Employed,0,Excellent,0.5304827605014139,141667.0,1.0,West Bradley,DE,Bahamas,0.0,0,Alto,0
48,Non-binary,Bachelor's,Divorced,71581.0,659.0,28199.0,Home,Unemployed,1,Fair,0.5137380416430319,74500.0,0.0,South Catherine,AL,Malaysia,0.0,0,Medio,2
62,Female,High School,Married,93292.0,685.0,33453.0,Home,Employed,9,Poor,0.3856408266119351,35990.0,3.0,North Zacharyfurt,NH,American Samoa,3.0,2,Alto,0
66,Female,Master's,Widowed,69477.0,624.0,28831.0,Business,Unemployed,5,Excellent,0.5969957116026381,276062.0,2.0,North Cynthiabury,ID,Romania,1.0,2,Medio,2
60,Non-binary,PhD,Widowed,89939.0,667.0,32468.0,Home,Employed,14,Fair,0.5175444658819317,292885.0,0.0,Oneillmouth,NC,Uzbekistan,4.0,1,Alto,0
43,Male,Master's,Divorced,81457.0,735.0,38875.0,Business,Unemployed,13,Poor,0.35368518505231905,75357.0,4.0,North Kyle,WA,Saint Pierre and Miquelon,2.0,0,Bajo,1
57,Female,High School,Single,53380.0,637.0,21806.0,Business,Self-employed,9,Excellent,0.46411113346715527,121734.0,4.0,Johnsland,TX,Chile,0.0,2,Medio,2
67,Male,PhD,Widowed,117919.0,733.0,9133.0,Personal,Employed,11,Poor,0.23936565801719542,89755.0,4.0,Port Sarah,AL,Maldives,2.0,2,Bajo,1
18,Female,Bachelor's,Widowed,27188.0,715.0,5479.0,Business,Unemployed,15,Good,0.22391139166395388,285093.0,4.0,South Thomasview,NM,Canada,1.0,1,Alto,0
21,Male,PhD,Divorced,44660.0,708.0,49447.0,Personal,Employed,0,Good,0.1542078582066844,33393.0,3.0,Roberthaven,NM,Colombia,1.0,0,Bajo,1
41,Male,Bachelor's,Widowed,29854.0,736.0,20375.0,Home,Employed,3,Good,0.43967714040589145,105169.0,4.0,Rangelland,MD,Barbados,0.0,2,Alto,0
20,Male,High School,Married,42568.0,733.0,23376.0,Auto,Unemployed,16,Poor,0.3868402212344081,149078.0,4.0,Robertsmouth,MI,Zambia,3.0,1,Alto,0
64,Female,PhD,Divorced,68226.0,608.0,27084.0,Business,Unemployed,14,Excellent,0.37685671456172043,237012.0,1.0,Hickmanbury,ND,Egypt,0.0,2,Medio,2
55,Male,PhD,Single,94526.0,767.0,24231.0,Personal,Self-employed,7,Good,0.48585013197914173,43948.0,2.0,Derekville,MH,Syrian Arab Republic,2.0,1,Bajo,1
25,Non-binary,High School,Widowed,70511.0,661.0,26990.0,Home,Unemployed,10,Good,0.5457556272656278,63435.0,3.0,Erichaven,IL,Syrian Arab Republic,3.0,1,Alto,0
26,Non-binary,PhD,Widowed,45909.0,625.0,28712.0,Personal,Unemployed,1,Poor,0.3641803467247844,180675.0,4.0,Lake Katherinestad,NV,Slovenia,0.0,0,Medio,2
57,Non-binary,PhD,Single,116940.0,671.0,24227.0,Business,Self-employed,1,Poor,0.18300298653988747,223675.0,1.0,Timothyhaven,OR,Turkey,1.0,2,Medio,2
56,Male,PhD,Single,38073.0,718.0,28961.0,Business,Unemployed,13,Excellent,0.3341219918393066,190766.0,2.0,Lake James,PR,Solomon Islands,2.0,1,Alto,0
23,Non-binary,Bachelor's,Married,60213.0,781.0,40950.0,Personal,Unemployed,18,Good,0.5060405565608513,204831.0,1.0,Port Jamie,MI,Yemen,2.0,1,Bajo,1
64,Male,PhD,Widowed,98513.0,604.0,41077.0,Personal,Employed,3,Poor,0.3643724304829431,241900.0,2.0,Lake Jacob,PW,Jordan,0.0,1,Medio,2
36,Male,Master's,Divorced,58938.0,797.0,17168.0,Home,Self-employed,3,Good,0.23906852670690706,200905.0,4.0,West John,CO,United States Virgin Islands,3.0,1,Alto,0
29,Non-binary,Bachelor's,Widowed,27504.0,708.0,34876.0,Personal,Unemployed,13,Excellent,0.5132893840229795,218701.0,4.0,East Jennifer,CA,Jordan,2.0,1,Alto,0
55,Female,High School,Single,52099.0,738.0,17512.0,Personal,Self-employed,8,Fair,0.46519666846779784,172738.0,4.0,South Michaeltown,NV,Vanuatu,3.0,2,Alto,0
59,Male,Master's,Divorced,69831.0,629.0,27900.0,Home,Unemployed,11,Excellent,0.1552365433851701,55196.0,0.0,South Maryberg,MH,Australia,3.0,0,Alto,0
32,Female,PhD,Widowed,101897.0,706.0,22239.0,Home,Self-employed,17,Excellent,0.49491013012005314,243483.0,4.0,Mendozaton,AS,Bahrain,3.0,1,Alto,0
19,Female,High School,Married,31465.0,748.0,27937.0,Business,Unemployed,17,Excellent,0.29190487987167424,177417.0,1.0,Lake Leahchester,UT,Malaysia,4.0,1,Alto,0
25,Female,Bachelor's,Married,97952.0,633.0,13791.0,Business,Unemployed,5,Excellent,0.4968460484554862,101415.0,1.0,South Johnborough,AK,Uzbekistan,1.0,1,Medio,2
28,Male,Bachelor's,Married,35227.0,737.0,25056.0,Home,Unemployed,8,Excellent,0.4046569369619357,198360.0,3.0,Molinastad,OH,Tajikistan,1.0,1,Alto,0
58,Non-binary,Bachelor's,Divorced,68281.0,665.0,12839.0,Personal,Unemployed,0,Excellent,0.45522101340227883,217848.0,1.0,Clarkebury,KY,Slovakia (Slovak Republic),1.0,2,Medio,2
37,Non-binary,Bachelor's,Single,70362.0,625.0,29849.0,Home,Employed,10,Good,0.2030522674185999,270056.0,0.0,Steventown,MS,Mali,4.0,0,Alto,0
53,Non-binary,High School,Widowed,117276.0,781.0,30589.0,Home,Self-employed,9,Poor,0.44768969504244727,266907.0,2.0,South Jose,VI,Algeria,0.0,2,Bajo,1
36,Male,PhD,Single,48562.0,686.0,10423.0,Personal,Self-employed,10,Fair,0.22127409846914367,277666.0,3.0,Craigchester,KS,Syrian Arab Republic,1.0,2,Bajo,1
36,Non-binary,High School,Single,83081.0,759.0,7655.0,Business,Employed,9,Good,0.5148761488226609,240325.0,1.0,North Justintown,PW,Zambia,0.0,1,Bajo,1
25,Non-binary,Master's,Single,47204.0,784.0,14439.0,Business,Self-employed,15,Good,0.2883275924848664,295334.0,3.0,Port Cristianside,NV,Rwanda,1.0,0,Bajo,1
20,Non-binary,High School,Single,62000.0,760.0,12195.0,Home,Unemployed,17,Fair,0.43055787957777625,261431.0,0.0,North Jasonborough,GU,Liechtenstein,4.0,2,Alto,0
30,Male,Bachelor's,Divorced,108715.0,647.0,28857.0,Business,Employed,14,Excellent,0.5665140423309729,146614.0,4.0,Schmidttown,OR,Djibouti,0.0,1,Medio,2
47,Female,PhD,Divorced,32818.0,759.0,35906.0,Home,Unemployed,18,Poor,0.4953547355417387,209777.0,3.0,South Andrew,NM,Saint Kitts and Nevis,0.0,0,Alto,0
21,Female,PhD,Married,44440.0,634.0,49681.0,Personal,Self-employed,11,Poor,0.16968818659709375,98413.0,1.0,Lake Jason,MD,French Southern Territories,1.0,2,Medio,2
51,Male,High School,Widowed,25363.0,619.0,21917.0,Auto,Unemployed,16,Fair,0.17976724706283062,118251.0,1.0,Robertfurt,AZ,Korea,2.0,2,Alto,0
28,Male,Master's,Divorced,82257.0,710.0,47782.0,Business,Self-employed,12,Excellent,0.5483640964981569,25291.0,4.0,East Robert,CO,Uzbekistan,0.0,1,Bajo,1
28,Male,Master's,Widowed,93511.0,783.0,36896.0,Auto,Unemployed,8,Excellent,0.25367776241799544,187931.0,1.0,East Laurie,MT,Angola,3.0,2,Alto,0
51,Female,PhD,Married,46564.0,651.0,21495.0,Auto,Employed,1,Excellent,0.3016209125879936,197874.0,3.0,Patriciaville,GA,Korea,3.0,0,Alto,0
68,Female,Bachelor's,Married,96203.0,782.0,39421.0,Auto,Self-employed,12,Poor,0.2813411197351354,128230.0,3.0,Greeneland,HI,Bouvet Island (Bouvetoya),4.0,0,Alto,0
20,Non-binary,Master's,Widowed,100587.0,743.0,36488.0,Home,Self-employed,6,Excellent,0.1258558136805454,212697.0,2.0,Heatherchester,AZ,Guyana,4.0,2,Alto,0
24,Female,Bachelor's,Divorced,103232.0,783.0,9982.0,Business,Employed,18,Excellent,0.474879785256623,162468.0,4.0,Carneyhaven,AK,Saint Kitts and Nevis,4.0,2,Alto,0
44,Male,High School,Divorced,38394.0,691.0,45216.0,Auto,Self-employed,19,Good,0.3442689152508456,97462.0,0.0,North Peter,FM,Qatar,3.0,0,Alto,0
29,Male,Bachelor's,Widowed,66579.0,721.0,35555.0,Business,Unemployed,17,Fair,0.2510381627059117,251291.0,0.0,Clarkland,FM,Philippines,2.0,1,Bajo,1
40,Non-binary,High School,Widowed,103086.0,627.0,9273.0,Auto,Employed,1,Poor,0.4034015444918104,223443.0,4.0,Port Michellemouth,MA,Saint Helena,2.0,0,Medio,2
65,Female,Bachelor's,Married,82898.0,601.0,27822.0,Business,Unemployed,7,Good,0.15515736833956154,287950.0,1.0,Port Matthew,CA,Tuvalu,3.0,1,Alto,0
40,Male,High School,Divorced,32194.0,732.0,8277.0,Auto,Employed,13,Poor,0.3949603589724424,150593.0,2.0,East Garrett,PA,New Caledonia,3.0,2,Alto,0
53,Non-binary,Bachelor's,Widowed,39121.0,666.0,22461.0,Auto,Employed,12,Excellent,0.17174194463608142,292178.0,1.0,Michaelburgh,WI,Bolivia,1.0,1,Alto,0
66,Female,PhD,Widowed,79611.0,764.0,33094.0,Auto,Unemployed,8,Fair,0.4293764920174198,47723.0,1.0,Jacksonfurt,PA,Iran,4.0,2,Alto,0
46,Non-binary,PhD,Married,23553.0,717.0,36363.0,Personal,Self-employed,2,Good,0.46245699017623343,161754.0,1.0,Jenniferport,IA,British Virgin Islands,2.0,1,Alto,0
49,Non-binary,Master's,Divorced,114063.0,606.0,9084.0,Home,Self-employed,5,Excellent,0.41330043987296605,145417.0,2.0,Port Randyberg,AZ,Iceland,1.0,0,Medio,2
60,Male,Bachelor's,Divorced,104814.0,700.0,33278.0,Auto,Self-employed,18,Poor,0.18475312716652673,293641.0,3.0,Lake Ryanborough,TX,Macao,4.0,2,Alto,0
18,Female,PhD,Divorced,70637.0,726.0,6049.0,Business,Unemployed,19,Poor,0.24228208913971636,296192.0,3.0,Port Kristiside,PW,South Africa,3.0,1,Alto,0
52,Female,PhD,Widowed,93638.0,689.0,18241.0,Auto,Self-employed,18,Poor,0.3892565305801894,115327.0,4.0,South Haley,MO,Gabon,3.0,2,Alto,0
44,Male,High School,Single,22853.0,653.0,19103.0,Personal,Employed,5,Fair,0.5993144264271294,292764.0,4.0,West Ronaldstad,IA,South Georgia and the South Sandwich Islands,4.0,2,Alto,0
43,Female,High School,Widowed,92554.0,777.0,31118.0,Business,Self-employed,2,Excellent,0.3281789440683338,265542.0,3.0,Timmouth,ME,Central African Republic,4.0,1,Alto,0
60,Female,PhD,Married,71645.0,795.0,18298.0,Business,Unemployed,5,Excellent,0.2612682216164909,198484.0,4.0,Lake Timothy,WY,Estonia,4.0,1,Alto,0
35,Female,Master's,Divorced,80693.0,736.0,46111.0,Home,Employed,19,Excellent,0.531809025001373,155368.0,2.0,Michealmouth,MA,Mali,1.0,2,Bajo,1
66,Female,PhD,Widowed,84136.0,756.0,37068.0,Auto,Employed,5,Fair,0.5111294984565737,200396.0,2.0,Lake Jennifer,DE,Cape Verde,0.0,0,Bajo,1
18,Female,Master's,Divorced,85985.0,711.0,27240.0,Business,Self-employed,8,Fair,0.3344359534883051,197566.0,2.0,East Terranceport,NH,Equatorial Guinea,4.0,0,Alto,0
24,Non-binary,Bachelor's,Divorced,100893.0,624.0,27336.0,Auto,Self-employed,5,Fair,0.544529067298418,105532.0,3.0,Lake Nicole,ID,Zimbabwe,4.0,2,Alto,0
33,Female,High School,Single,77607.0,655.0,39878.0,Home,Employed,15,Poor,0.3094371826305241,153078.0,1.0,Barnesborough,DC,Suriname,2.0,2,Medio,2
23,Female,Master's,Single,40893.0,701.0,22887.0,Personal,Self-employed,1,Excellent,0.34387867223777535,31332.0,0.0,Sethview,PR,Tonga,4.0,1,Alto,0
63,Non-binary,Master's,Divorced,50609.0,702.0,35544.0,Auto,Self-employed,18,Fair,0.159256485443354,110915.0,2.0,Carolynville,KS,Albania,0.0,0,Bajo,1
45,Female,PhD,Divorced,28366.0,700.0,17865.0,Home,Unemployed,0,Good,0.12955973641713506,206059.0,3.0,Feliciaborough,NV,Sri Lanka,3.0,0,Alto,0
36,Non-binary,Bachelor's,Single,73678.0,718.0,11063.0,Personal,Employed,15,Poor,0.4733665369194586,119912.0,2.0,Kristafurt,FM,Germany,3.0,1,Alto,0
62,Non-binary,High School,Divorced,87917.0,649.0,44244.0,Auto,Unemployed,13,Excellent,0.4673764717098826,61086.0,3.0,Lindahaven,TN,France,4.0,2,Alto,0
40,Female,High School,Single,98798.0,667.0,18347.0,Auto,Unemployed,18,Good,0.5306705315717342,169673.0,1.0,North Jessicaside,VI,Bulgaria,0.0,1,Medio,2
26,Male,Master's,Married,79241.0,771.0,15223.0,Personal,Self-employed,1,Fair,0.3855787260686926,207283.0,4.0,West Aprilchester,UT,Senegal,4.0,0,Alto,0
58,Male,Master's,Single,64544.0,718.0,10856.0,Home,Unemployed,3,Excellent,0.26592934687240943,110978.0,4.0,Josephton,MO,Tanzania,4.0,0,Alto,0
47,Female,Bachelor's,Married,25315.0,719.0,6446.0,Home,Employed,0,Poor,0.11530902631100645,219586.0,1.0,Angelatown,MO,El Salvador,2.0,0,Alto,0
20,Male,PhD,Widowed,33851.0,634.0,8046.0,Business,Self-employed,17,Poor,0.32899706589958344,135320.0,3.0,North Donna,NY,Pitcairn Islands,4.0,2,Alto,0
62,Female,High School,Widowed,107579.0,764.0,6451.0,Business,Self-employed,17,Fair,0.2534407139866205,46929.0,1.0,Lake Tammy,KS,Portugal,3.0,1,Alto,0
40,Male,Master's,Widowed,100000.0,678.0,31859.0,Auto,Unemployed,1,Fair,0.11629291807979616,58433.0,0.0,Elizabethmouth,OR,Seychelles,4.0,2,Alto,0
45,Non-binary,PhD,Widowed,49404.0,789.0,17301.0,Personal,Employed,17,Fair,0.5507942483446062,278239.0,1.0,Lake Katherine,IN,Bosnia and Herzegovina,0.0,1,Bajo,1
29,Non-binary,High School,Single,85696.0,614.0,49095.0,Personal,Unemployed,9,Good,0.4151576190833979,296167.0,0.0,West Ernest,MS,Solomon Islands,2.0,1,Medio,2
53,Non-binary,PhD,Widowed,96347.0,797.0,48628.0,Auto,Self-employed,14,Poor,0.3852094441566116,22946.0,4.0,Kimchester,TN,Honduras,3.0,1,Alto,0
60,Non-binary,PhD,Widowed,114948.0,761.0,14000.0,Auto,Unemployed,5,Good,0.5093283791080083,195076.0,4.0,Jennaland,AR,Norway,0.0,2,Bajo,1
24,Female,Master's,Married,51653.0,700.0,18777.0,Personal,Employed,16,Excellent,0.54243578552529,113338.0,4.0,North Kristina,PW,Nauru,4.0,1,Alto,0
69,Male,Master's,Married,94385.0,684.0,38341.0,Auto,Employed,1,Poor,0.1427841740540655,80503.0,2.0,West Rebeccahaven,CA,Guinea-Bissau,1.0,2,Bajo,1
52,Female,Master's,Married,90440.0,769.0,32528.0,Home,Employed,15,Poor,0.16348733506670501,197722.0,4.0,South Kelly,OR,Pitcairn Islands,3.0,0,Alto,0
66,Non-binary,PhD,Widowed,82708.0,730.0,39130.0,Personal,Employed,2,Fair,0.5469727178699163,152231.0,0.0,South Sherrystad,MN,Papua New Guinea,2.0,0,Bajo,1
18,Male,Master's,Widowed,112781.0,704.0,14142.0,Business,Unemployed,19,Excellent,0.3604007682862943,164216.0,4.0,South Arthur,FM,Chile,1.0,2,Bajo,1
45,Male,PhD,Widowed,83023.0,603.0,12365.0,Home,Self-employed,17,Fair,0.3353795694550129,50800.0,0.0,Markstad,NV,Netherlands,4.0,0,Alto,0
51,Male,High School,Married,56085.0,751.0,31520.0,Home,Self-employed,6,Fair,0.5996921605330975,108097.0,1.0,Beardshire,SD,British Virgin Islands,2.0,1,Bajo,1
68,Female,Bachelor's,Married,117083.0,629.0,28823.0,Personal,Self-employed,19,Excellent,0.5460032727307007,163619.0,2.0,Fergusonshire,KS,Saint Vincent and the Grenadines,0.0,0,Medio,2
54,Male,Bachelor's,Divorced,113907.0,649.0,10792.0,Personal,Self-employed,10,Fair,0.43880076259746936,204440.0,3.0,Lake Lawrence,NV,Papua New Guinea,3.0,0,Alto,0
63,Non-binary,PhD,Married,114808.0,726.0,23238.0,Home,Self-employed,13,Poor,0.17449808595679003,257035.0,1.0,Feliciastad,IN,Bermuda,1.0,1,Bajo,1
42,Non-binary,High School,Widowed,111296.0,606.0,48337.0,Auto,Employed,4,Fair,0.2790537775673543,43839.0,4.0,Salasberg,CA,India,1.0,0,Medio,2
23,Female,Master's,Widowed,50131.0,792.0,12988.0,Auto,Employed,19,Excellent,0.5652228677159202,81303.0,2.0,Paulshire,MO,Sao Tome and Principe,4.0,0,Alto,0
37,Non-binary,Bachelor's,Single,66149.0,655.0,6976.0,Home,Employed,3,Excellent,0.4001876430108652,109598.0,0.0,South Kenneth,SC,Sao Tome and Principe,3.0,1,Alto,0
26,Male,PhD,Widowed,46865.0,740.0,15412.0,Auto,Employed,16,Poor,0.4696285808388563,115019.0,0.0,North Kenneth,AL,Netherlands,3.0,0,Alto,0
52,Male,PhD,Divorced,91066.0,778.0,44276.0,Home,Employed,12,Good,0.27292810041010074,29661.0,2.0,Lake Williamhaven,AS,Tonga,2.0,2,Bajo,1
41,Female,High School,Divorced,82995.0,721.0,40165.0,Home,Employed,0,Good,0.24261783436378606,117567.0,1.0,Anthonyhaven,GA,Palau,1.0,1,Bajo,1
34,Male,PhD,Widowed,107858.0,783.0,31738.0,Auto,Unemployed,3,Fair,0.4320174957340369,68139.0,2.0,South Alyssamouth,NE,Mexico,2.0,1,Bajo,1
32,Female,PhD,Divorced,37809.0,759.0,45205.0,Business,Self-employed,3,Good,0.22202728007475916,72086.0,0.0,New Lawrenceshire,MS,Mozambique,1.0,2,Alto,0
38,Female,High School,Widowed,20051.0,779.0,29267.0,Home,Self-employed,16,Good,0.14261499911906125,250160.0,4.0,South Christopher,NJ,Madagascar,3.0,0,Alto,0
30,Male,Master's,Widowed,110506.0,752.0,16109.0,Personal,Self-employed,9,Excellent,0.16111105381425564,59809.0,1.0,Sanchezton,WY,Norway,1.0,2,Bajo,1
62,Non-binary,PhD,Divorced,40605.0,648.0,10786.0,Auto,Self-employed,18,Excellent,0.5685919972613669,107749.0,4.0,Port Margaret,IN,Antarctica (the territory South of 60 deg S),2.0,1,Medio,2
61,Male,Master's,Married,68821.0,665.0,6157.0,Home,Employed,8,Excellent,0.21535081653088503,49241.0,0.0,Rebeccashire,IN,Kyrgyz Republic,3.0,2,Alto,0
32,Non-binary,High School,Married,86130.0,730.0,48926.0,Personal,Self-employed,13,Poor,0.5176984224989346,262536.0,2.0,Jenniferbury,KY,Uganda,2.0,0,Bajo,1
25,Non-binary,Bachelor's,Divorced,69330.0,619.0,11277.0,Personal,Self-employed,1,Excellent,0.5499839262482564,201522.0,3.0,East Melissa,MT,Svalbard & Jan Mayen Islands,2.0,0,Medio,2
30,Female,Bachelor's,Married,117366.0,701.0,27319.0,Personal,Employed,19,Good,0.5103809157720864,172349.0,2.0,Combschester,OK,Trinidad and Tobago,3.0,0,Alto,0
20,Non-binary,Master's,Widowed,42282.0,743.0,18725.0,Home,Employed,0,Good,0.2280043453298972,264424.0,0.0,West Jeremychester,NJ,Canada,2.0,1,Bajo,1
42,Female,High School,Widowed,65608.0,747.0,39867.0,Home,Self-employed,0,Poor,0.2785847507123953,253686.0,3.0,Wendyburgh,AZ,India,0.0,0,Bajo,1
19,Non-binary,PhD,Married,93108.0,744.0,12252.0,Home,Unemployed,13,Good,0.5622297667796057,193375.0,0.0,Melindatown,TN,Greece,0.0,0,Bajo,1
46,Female,Bachelor's,Divorced,61616.0,650.0,29836.0,Personal,Employed,4,Poor,0.5421502912653365,182267.0,1.0,Josephland,VI,Burkina Faso,3.0,0,Alto,0
53,Female,Bachelor's,Widowed,75258.0,772.0,32792.0,Business,Self-employed,18,Poor,0.5730261811667909,128658.0,4.0,Port William,MH,Brunei Darussalam,0.0,2,Bajo,1
39,Female,High School,Married,109897.0,711.0,31513.0,Business,Self-employed,19,Fair,0.21628512253946638,102322.0,4.0,New Loriport,MP,Sri Lanka,1.0,2,Bajo,1
30,Male,PhD,Married,45789.0,746.0,21315.0,Home,Employed,9,Excellent,0.21381132478736634,146419.0,0.0,Peterhaven,DE,Turks and Caicos Islands,3.0,0,Alto,0
27,Non-binary,High School,Widowed,108760.0,798.0,39675.0,Personal,Employed,12,Good,0.3236334900921152,136751.0,2.0,Russellborough,GA,Comoros,0.0,2,Bajo,1
56,Male,PhD,Single,68917.0,645.0,47583.0,Auto,Unemployed,14,Poor,0.5173946296735386,94177.0,1.0,Grayport,OH,Panama,4.0,1,Alto,0
37,Female,High School,Divorced,115884.0,665.0,19860.0,Business,Employed,17,Good,0.2594585938933347,204481.0,2.0,Jamesland,KS,Guadeloupe,2.0,1,Medio,2
53,Female,High School,Married,43212.0,629.0,28838.0,Personal,Unemployed,2,Fair,0.3409781974099645,222535.0,4.0,West Desireemouth,KS,Zimbabwe,4.0,1,Alto,0
52,Non-binary,High School,Married,104576.0,644.0,5107.0,Auto,Unemployed,16,Good,0.5263382962060286,63562.0,0.0,Evanborough,WV,Poland,1.0,1,Medio,2
52,Male,Bachelor's,Married,72221.0,682.0,7457.0,Auto,Self-employed,13,Fair,0.33809791528215216,266761.0,0.0,Kaitlynstad,OK,Sierra Leone,1.0,0,Bajo,1
63,Male,High School,Single,54747.0,728.0,40656.0,Home,Self-employed,1,Good,0.12240378595041132,229185.0,2.0,West Victoria,SC,Iran,1.0,1,Bajo,1
44,Male,Bachelor's,Widowed,57049.0,713.0,30367.0,Home,Self-employed,4,Good,0.38223862551705756,296060.0,3.0,Bennettchester,OH,Uganda,3.0,2,Alto,0
32,Female,Bachelor's,Married,118923.0,688.0,32219.0,Home,Self-employed,9,Good,0.3809439194996076,27827.0,3.0,Lloydmouth,LA,Antigua and Barbuda,3.0,1,Alto,0
23,Non-binary,Master's,Single,69699.0,648.0,49770.0,Auto,Employed,15,Good,0.367411919342725,42532.0,3.0,Carlyport,MT,Yemen,1.0,1,Medio,2
35,Non-binary,Bachelor's,Widowed,60857.0,726.0,45459.0,Auto,Employed,1,Poor,0.504554804911013,229982.0,2.0,Harrisshire,WA,Guinea,3.0,1,Alto,0
62,Non-binary,Master's,Married,116171.0,626.0,22656.0,Business,Employed,17,Fair,0.591798747648041,39540.0,0.0,Smithmouth,GA,Jamaica,2.0,0,Medio,2
31,Male,High School,Married,78185.0,640.0,26937.0,Business,Unemployed,9,Poor,0.14469828519302916,130176.0,1.0,South Christinaport,VT,Saint Pierre and Miquelon,2.0,1,Medio,2
29,Non-binary,PhD,Married,79534.0,708.0,47727.0,Auto,Self-employed,12,Poor,0.16495783734422156,116715.0,2.0,South Mike,HI,Guam,0.0,0,Bajo,1
37,Male,Bachelor's,Divorced,94363.0,771.0,23030.0,Business,Employed,17,Good,0.587625694873343,58877.0,3.0,Lynnfurt,OH,Portugal,1.0,2,Bajo,1
36,Male,High School,Married,24820.0,609.0,8595.0,Personal,Unemployed,13,Excellent,0.38227299331689235,208370.0,3.0,Sarahstad,FL,Peru,1.0,1,Alto,0
64,Female,High School,Widowed,86775.0,609.0,25637.0,Business,Unemployed,17,Good,0.26629122325578247,95741.0,4.0,New Joseview,DC,Burkina Faso,0.0,2,Medio,2
60,Non-binary,High School,Single,117400.0,616.0,6163.0,Personal,Unemployed,7,Excellent,0.49035815658839754,246830.0,2.0,Martinberg,MD,India,0.0,1,Medio,2
52,Non-binary,High School,Married,81684.0,737.0,26671.0,Home,Self-employed,1,Good,0.3630117085119474,244990.0,0.0,South Jameston,MP,Israel,3.0,1,Alto,0
23,Female,High School,Married,69962.0,609.0,36288.0,Personal,Unemployed,8,Good,0.5528076130735825,171759.0,4.0,Fieldsmouth,AR,Paraguay,3.0,2,Alto,0
62,Male,Bachelor's,Widowed,38687.0,745.0,41384.0,Home,Unemployed,13,Good,0.18882800235167216,231970.0,2.0,Watsonmouth,VI,Algeria,2.0,2,Alto,0
37,Male,Bachelor's,Single,55608.0,657.0,37293.0,Personal,Unemployed,1,Fair,0.21970996123167416,192576.0,2.0,South Rachelmouth,MN,Finland,4.0,1,Alto,0
35,Non-binary,Master's,Divorced,107340.0,787.0,21711.0,Personal,Self-employed,12,Good,0.5198047417462702,200892.0,1.0,Harperport,IA,Marshall Islands,2.0,1,Bajo,1
33,Non-binary,High School,Single,46534.0,666.0,21523.0,Personal,Employed,7,Excellent,0.49567617606449443,117730.0,4.0,Hendricksburgh,OK,United States Minor Outlying Islands,1.0,1,Medio,2
45,Non-binary,PhD,Widowed,105566.0,750.0,18365.0,Auto,Employed,19,Poor,0.559964602778469,100136.0,4.0,Bennetthaven,FL,Brunei Darussalam,2.0,2,Bajo,1
26,Male,Master's,Widowed,78282.0,714.0,48886.0,Home,Unemployed,6,Poor,0.3795331122968587,51908.0,3.0,East April,UT,Isle of Man,3.0,2,Alto,0
69,Male,PhD,Single,24920.0,633.0,34546.0,Personal,Employed,18,Excellent,0.1565939111109281,287098.0,1.0,Arianafurt,AR,Palau,2.0,1,Alto,0
24,Female,Master's,Married,73270.0,730.0,38235.0,Personal,Employed,3,Fair,0.17530627713819688,32199.0,0.0,Lake Tanyaland,OH,Venezuela,2.0,0,Bajo,1
47,Non-binary,Bachelor's,Single,103732.0,745.0,6487.0,Auto,Unemployed,7,Good,0.24015399543631302,282554.0,3.0,Craigburgh,UT,Cote d'Ivoire,3.0,2,Alto,0
55,Female,Master's,Single,42151.0,620.0,35202.0,Personal,Self-employed,8,Good,0.41435853006549883,213767.0,4.0,Ryanhaven,DC,Comoros,4.0,2,Alto,0
49,Male,High School,Married,59606.0,613.0,15201.0,Personal,Self-employed,8,Excellent,0.3482631371803675,72399.0,4.0,Dennisfort,VI,Angola,0.0,0,Medio,2
23,Female,High School,Widowed,97831.0,732.0,41225.0,Auto,Self-employed,7,Poor,0.2837306994709372,119481.0,4.0,Cortezmouth,WY,Micronesia,2.0,2,Bajo,1
44,Non-binary,High School,Married,75438.0,707.0,41123.0,Personal,Unemployed,15,Fair,0.3518906491181055,97553.0,4.0,Markstad,PR,Cyprus,3.0,0,Alto,0
47,Female,High School,Married,52132.0,706.0,48227.0,Home,Unemployed,12,Poor,0.4961971551455868,183763.0,0.0,Lindabury,MP,Congo,2.0,1,Bajo,1
57,Male,Bachelor's,Single,68024.0,720.0,24592.0,Personal,Employed,2,Good,0.36541311056348524,55356.0,1.0,Karenview,VA,Niger,4.0,1,Alto,0
56,Non-binary,PhD,Widowed,105984.0,686.0,9436.0,Business,Unemployed,8,Good,0.5965000470149966,204919.0,1.0,South Jamesfurt,OH,Congo,0.0,2,Bajo,1
62,Female,Bachelor's,Divorced,26180.0,685.0,19828.0,Home,Employed,19,Poor,0.2187981446303324,137563.0,1.0,Debbieborough,NM,Hong Kong,3.0,1,Alto,0
54,Non-binary,Bachelor's,Married,34979.0,721.0,27622.0,Auto,Self-employed,6,Excellent,0.5652114554682587,46487.0,1.0,Kevinland,MI,Angola,2.0,2,Alto,0
36,Female,PhD,Divorced,69966.0,623.0,10119.0,Auto,Self-employed,16,Poor,0.509927174171982,206073.0,4.0,Chapmanchester,TX,Switzerland,1.0,1,Medio,2
20,Non-binary,PhD,Married,40110.0,762.0,39722.0,Home,Employed,1,Excellent,0.24864995939939563,151425.0,3.0,South Hollymouth,NM,Senegal,2.0,0,Bajo,1
58,Female,PhD,Single,84940.0,771.0,32082.0,Auto,Employed,11,Fair,0.12225040673680157,142614.0,2.0,Port Dustin,MO,Gambia,0.0,0,Bajo,1
64,Male,PhD,Widowed,25404.0,662.0,22955.0,Auto,Employed,14,Fair,0.17887577863706092,252651.0,1.0,South Nicholas,UT,Mexico,2.0,0,Alto,0
18,Male,Bachelor's,Single,48114.0,610.0,20188.0,Business,Unemployed,8,Excellent,0.13362320917763668,33917.0,2.0,Jameshaven,TX,Tajikistan,1.0,2,Medio,2
18,Female,Master's,Single,83766.0,716.0,17832.0,Personal,Unemployed,12,Fair,0.5112321516836221,45885.0,3.0,East Shaunchester,WV,Saint Kitts and Nevis,1.0,1,Bajo,1
65,Non-binary,PhD,Married,46823.0,711.0,8248.0,Auto,Self-employed,5,Fair,0.16984345646035995,29417.0,1.0,West Angelamouth,CA,Sweden,1.0,2,Bajo,1
29,Male,Bachelor's,Single,114908.0,610.0,5640.0,Auto,Employed,19,Fair,0.48721179243562085,47274.0,0.0,West Cheryltown,AR,Panama,1.0,0,Medio,2
64,Female,PhD,Divorced,100732.0,644.0,43013.0,Personal,Employed,11,Poor,0.5135215090362555,24315.0,0.0,Davidmouth,MN,Malaysia,0.0,0,Medio,2
57,Non-binary,Master's,Divorced,41383.0,630.0,31532.0,Personal,Unemployed,4,Fair,0.12794973512643806,108043.0,1.0,Lake Rebeccaberg,MH,British Indian Ocean Territory (Chagos Archipelago),3.0,0,Alto,0
53,Female,PhD,Single,109438.0,674.0,28824.0,Auto,Self-employed,11,Poor,0.5057895043712819,150721.0,4.0,New Nicholas,KS,New Caledonia,2.0,1,Medio,2
50,Non-binary,Master's,Widowed,119415.0,766.0,29459.0,Business,Unemployed,13,Fair,0.10433870484580024,88725.0,4.0,South Lisaview,LA,Hungary,0.0,0,Bajo,1
54,Non-binary,PhD,Single,117013.0,734.0,18301.0,Auto,Employed,10,Fair,0.5174517902588269,132071.0,4.0,Reginaberg,MI,Mongolia,3.0,2,Alto,0
48,Male,PhD,Divorced,46862.0,652.0,45910.0,Personal,Employed,11,Fair,0.5303266130323256,211980.0,3.0,Petersontown,MA,Azerbaijan,0.0,0,Medio,2
64,Male,Master's,Single,39650.0,691.0,21491.0,Auto,Unemployed,13,Fair,0.5343482932647701,74792.0,1.0,South Samantha,ND,Andorra,1.0,0,Alto,0
48,Female,Bachelor's,Married,39930.0,700.0,29463.0,Home,Employed,13,Excellent,0.14490190078702145,293823.0,0.0,Priceshire,KY,Algeria,1.0,1,Alto,0
30,Male,Bachelor's,Divorced,33394.0,668.0,11632.0,Home,Unemployed,11,Good,0.4211236512488007,146156.0,3.0,Jasonmouth,OH,Oman,1.0,2,Alto,0
19,Male,Master's,Widowed,65680.0,780.0,49391.0,Auto,Self-employed,11,Good,0.18948865323226657,217226.0,4.0,New David,GA,Oman,0.0,0,Bajo,1
20,Female,PhD,Married,46691.0,622.0,12848.0,Home,Employed,5,Excellent,0.1610498141056452,167671.0,3.0,Austinfurt,KS,Guinea,1.0,0,Medio,2
58,Male,Bachelor's,Single,57202.0,718.0,25189.0,Home,Employed,14,Excellent,0.2720087426821378,280458.0,3.0,South Alexis,DE,Equatorial Guinea,1.0,1,Bajo,1
36,Male,Master's,Widowed,35380.0,624.0,26385.0,Auto,Unemployed,5,Good,0.16565605137688097,89562.0,1.0,Sullivantown,ND,American Samoa,4.0,1,Alto,0
36,Male,Master's,Married,104825.0,709.0,45200.0,Business,Self-employed,10,Good,0.5910635550404606,115581.0,2.0,Lake Ryan,WI,Togo,3.0,0,Alto,0
62,Non-binary,Master's,Widowed,113439.0,706.0,21151.0,Personal,Unemployed,3,Excellent,0.39645546763704,183617.0,4.0,Hansontown,PA,Monaco,0.0,2,Bajo,1
59,Non-binary,PhD,Widowed,41983.0,760.0,20712.0,Business,Self-employed,11,Poor,0.13651891908038624,287348.0,3.0,Nancyland,WY,Yemen,0.0,0,Bajo,1
58,Female,PhD,Divorced,102598.0,692.0,44194.0,Home,Self-employed,14,Fair,0.5542085315336639,195574.0,0.0,North Adrienne,ME,Norfolk Island,1.0,1,Bajo,1
67,Female,Bachelor's,Widowed,111951.0,748.0,9291.0,Home,Unemployed,0,Poor,0.23459865650862496,252588.0,4.0,New Martinview,NH,Korea,1.0,2,Bajo,1
49,Female,Bachelor's,Widowed,69678.0,628.0,39128.0,Personal,Employed,6,Excellent,0.25723046981094877,20845.0,4.0,New Jamieshire,VA,Papua New Guinea,2.0,1,Medio,2
22,Male,High School,Single,31255.0,632.0,27090.0,Business,Unemployed,19,Poor,0.23098976145367675,246600.0,0.0,Millertown,SC,Antarctica (the territory South of 60 deg S),1.0,0,Alto,0
48,Non-binary,Master's,Widowed,20637.0,714.0,28419.0,Business,Unemployed,11,Poor,0.4771668674777444,53007.0,0.0,New Jillian,AR,Macao,4.0,2,Alto,0
64,Female,High School,Widowed,98845.0,796.0,36647.0,Auto,Unemployed,11,Fair,0.2075439770490298,96916.0,3.0,East Emily,IL,French Guiana,1.0,0,Bajo,1
54,Non-binary,PhD,Married,65414.0,727.0,14464.0,Business,Self-employed,0,Fair,0.22573219027311267,238387.0,3.0,South Jackchester,FM,Congo,4.0,1,Alto,0
64,Non-binary,High School,Married,84367.0,742.0,25273.0,Personal,Unemployed,5,Excellent,0.25651147442120126,214443.0,0.0,West Robert,GA,Ghana,3.0,1,Alto,0
44,Female,PhD,Divorced,100051.0,797.0,12904.0,Auto,Self-employed,9,Poor,0.2525712017918156,42789.0,1.0,Christopherbury,FM,Seychelles,3.0,2,Alto,0
69,Non-binary,High School,Single,46578.0,653.0,38953.0,Business,Unemployed,14,Excellent,0.3802234076965991,224391.0,2.0,West John,ID,Thailand,0.0,0,Medio,2
38,Non-binary,Master's,Divorced,20511.0,640.0,26535.0,Personal,Unemployed,4,Fair,0.292157339249837,188273.0,3.0,Amyborough,AS,Uzbekistan,3.0,2,Alto,0
41,Non-binary,Bachelor's,Single,117930.0,710.0,37918.0,Personal,Self-employed,12,Good,0.531515752832919,109943.0,0.0,New Beth,GU,Russian Federation,1.0,2,Bajo,1
45,Male,PhD,Widowed,108576.0,681.0,39650.0,Home,Employed,12,Excellent,0.26927175915684176,297080.0,1.0,Nancyland,AK,Nicaragua,4.0,2,Alto,0
34,Non-binary,Master's,Widowed,116185.0,674.0,49631.0,Auto,Self-employed,14,Fair,0.44814427740545104,39210.0,3.0,Cabrerafurt,VA,Canada,2.0,2,Medio,2
33,Non-binary,Master's,Widowed,47332.0,698.0,26987.0,Auto,Self-employed,6,Poor,0.5132417740170048,287648.0,2.0,East Bradleyfort,MT,Portugal,4.0,1,Alto,0
54,Female,PhD,Widowed,64619.0,748.0,45256.0,Personal,Self-employed,15,Good,0.45195485561733517,90998.0,0.0,West John,IN,Congo,4.0,0,Alto,0
58,Non-binary,PhD,Single,43401.0,716.0,10730.0,Home,Self-employed,9,Fair,0.4360095716292751,101035.0,3.0,New James,NC,Senegal,3.0,2,Alto,0
27,Non-binary,Bachelor's,Single,112800.0,602.0,16315.0,Auto,Self-employed,18,Excellent,0.428860282378547,144939.0,4.0,Hamiltonburgh,IL,Pakistan,0.0,1,Medio,2
22,Female,High School,Widowed,101165.0,750.0,49209.0,Auto,Employed,1,Good,0.24435886148361288,218452.0,4.0,Baldwinbury,NY,Gibraltar,4.0,0,Alto,0
61,Female,Master's,Widowed,65217.0,717.0,36583.0,Personal,Employed,9,Poor,0.3886843300639724,35353.0,1.0,South Miguelhaven,PR,Netherlands Antilles,3.0,0,Alto,0
38,Female,PhD,Single,52145.0,764.0,40934.0,Business,Self-employed,16,Excellent,0.26321332663927444,281354.0,2.0,Port Nicholasview,MI,Burundi,3.0,2,Alto,0
43,Male,Master's,Single,70411.0,646.0,40903.0,Personal,Self-employed,16,Poor,0.5371833426709111,285617.0,3.0,Lake Sara,NC,Hungary,2.0,2,Medio,2
35,Female,Bachelor's,Divorced,65335.0,667.0,48902.0,Business,Unemployed,2,Good,0.18237832127171358,96690.0,1.0,Lake Stacey,MT,New Caledonia,4.0,0,Alto,0
48,Female,PhD,Single,43333.0,649.0,7396.0,Business,Unemployed,8,Poor,0.27269758723466675,218463.0,0.0,South Michellehaven,AR,Israel,4.0,1,Alto,0
32,Non-binary,High School,Married,86635.0,731.0,25328.0,Personal,Employed,6,Good,0.468654600773765,199952.0,0.0,Port Jennifer,IN,United States of America,4.0,0,Alto,0
41,Female,Master's,Married,72682.0,763.0,34780.0,Auto,Employed,15,Good,0.13334787631098424,237032.0,1.0,New Amy,MO,Slovenia,4.0,0,Alto,0
54,Female,PhD,Widowed,92883.0,769.0,49146.0,Personal,Self-employed,9,Excellent,0.4850553910509381,222412.0,0.0,Jonesstad,OK,Congo,3.0,2,Alto,0
34,Male,PhD,Single,46093.0,747.0,20594.0,Auto,Employed,19,Good,0.3935946706204938,199417.0,0.0,Jamesport,DC,Bermuda,0.0,1,Bajo,1
67,Female,High School,Widowed,37970.0,670.0,17115.0,Personal,Unemployed,6,Fair,0.5999698480228592,220581.0,2.0,Port Charlesfurt,RI,Turkmenistan,4.0,2,Alto,0
36,Male,Master's,Married,89076.0,693.0,14435.0,Auto,Unemployed,8,Excellent,0.22484662451761914,266059.0,2.0,Port Jesseborough,DC,Guadeloupe,0.0,0,Bajo,1
46,Male,Bachelor's,Single,24601.0,616.0,16586.0,Auto,Self-employed,1,Fair,0.36553571491444203,134977.0,4.0,Harrisfort,NY,Congo,0.0,0,Alto,0
53,Non-binary,Bachelor's,Widowed,101618.0,637.0,48930.0,Personal,Unemployed,17,Poor,0.4753055562986902,127918.0,4.0,New David,ND,Montserrat,4.0,2,Alto,0
49,Male,High School,Divorced,66659.0,684.0,33195.0,Home,Self-employed,7,Excellent,0.43455970744308314,82706.0,2.0,New Ronnie,SC,Mayotte,3.0,2,Alto,0
68,Non-binary,PhD,Single,55133.0,671.0,43671.0,Home,Self-employed,17,Excellent,0.48233992816253723,170378.0,3.0,East Kristenshire,DC,Botswana,4.0,2,Alto,0
23,Male,PhD,Divorced,67042.0,656.0,18184.0,Business,Employed,8,Poor,0.1186300465488925,167469.0,2.0,East Karen,NJ,Algeria,2.0,1,Medio,2
46,Non-binary,PhD,Widowed,62568.0,777.0,31352.0,Business,Self-employed,5,Fair,0.26685703439468655,103370.0,0.0,East Angela,ID,Germany,3.0,2,Alto,0
40,Male,PhD,Widowed,116150.0,767.0,48389.0,Auto,Employed,17,Fair,0.4862492152820067,207969.0,4.0,West Justinborough,PR,Western Sahara,0.0,1,Bajo,1
46,Non-binary,Bachelor's,Married,109301.0,738.0,15954.0,Business,Self-employed,2,Fair,0.2984175258198827,96549.0,3.0,New Julie,NE,Wallis and Futuna,1.0,0,Bajo,1
66,Female,High School,Widowed,71954.0,639.0,47415.0,Business,Unemployed,13,Fair,0.264473168985234,201599.0,1.0,Clarkview,SC,Moldova,2.0,0,Medio,2
50,Male,PhD,Married,99908.0,652.0,35395.0,Personal,Employed,18,Poor,0.5994459815991748,111087.0,1.0,West Carlside,AK,Serbia,1.0,2,Medio,2
28,Female,Master's,Married,76995.0,639.0,24502.0,Personal,Self-employed,5,Poor,0.59199502623737,192965.0,2.0,Robertmouth,NM,Luxembourg,0.0,0,Medio,2
49,Female,PhD,Divorced,89963.0,779.0,35471.0,Business,Employed,1,Fair,0.27289391964817544,98203.0,1.0,Port Makayla,WI,Mali,4.0,1,Alto,0
49,Non-binary,PhD,Married,79327.0,740.0,30811.0,Home,Self-employed,10,Fair,0.11999150527786781,22606.0,4.0,Justinbury,AS,Marshall Islands,1.0,2,Bajo,1
57,Female,Bachelor's,Divorced,45402.0,675.0,13314.0,Business,Unemployed,8,Excellent,0.37578737029310805,152166.0,1.0,New Johnathan,WY,Serbia,2.0,0,Medio,2
44,Non-binary,High School,Divorced,46723.0,631.0,43397.0,Auto,Self-employed,0,Poor,0.1830842969967527,68629.0,1.0,Kimtown,MI,Japan,4.0,0,Alto,0
36,Male,High School,Single,87390.0,790.0,14108.0,Business,Unemployed,2,Poor,0.35450027372694193,56947.0,0.0,Martinezview,MH,Iceland,3.0,0,Alto,0
31,Male,PhD,Divorced,22387.0,625.0,47351.0,Personal,Employed,7,Good,0.5843143907247721,293724.0,4.0,North Christopher,CT,Suriname,0.0,1,Alto,0
59,Non-binary,PhD,Single,25969.0,750.0,18284.0,Auto,Unemployed,12,Excellent,0.4749820592682621,279958.0,0.0,Roseberg,CO,Ghana,1.0,2,Alto,0
44,Non-binary,Master's,Widowed,26820.0,623.0,36940.0,Business,Unemployed,12,Excellent,0.5647686933814552,111773.0,0.0,Oconnorshire,RI,Cayman Islands,4.0,0,Alto,0
26,Female,Bachelor's,Single,71163.0,663.0,44555.0,Home,Self-employed,12,Good,0.5533615284534258,207677.0,1.0,Lesliehaven,AS,Peru,4.0,1,Alto,0
29,Female,Master's,Single,74909.0,737.0,39139.0,Personal,Self-employed,18,Excellent,0.11464077256136981,195330.0,4.0,Cruzview,DC,Trinidad and Tobago,0.0,0,Bajo,1
65,Non-binary,PhD,Single,98930.0,607.0,8048.0,Business,Employed,13,Excellent,0.4762990263765474,243042.0,1.0,Adamville,CT,Fiji,3.0,0,Alto,0
44,Non-binary,Master's,Single,89110.0,678.0,27734.0,Auto,Employed,5,Excellent,0.4687908157036398,185324.0,4.0,Elizabethberg,ME,Nigeria,0.0,2,Medio,2
68,Female,Bachelor's,Widowed,47738.0,695.0,17151.0,Home,Employed,11,Good,0.18664567415022323,256095.0,4.0,Richardhaven,OR,Saint Lucia,1.0,1,Bajo,1
53,Male,Master's,Widowed,88731.0,776.0,17092.0,Home,Self-employed,9,Excellent,0.1215175784609743,40868.0,1.0,Lake Lisaburgh,IA,South Georgia and the South Sandwich Islands,1.0,1,Bajo,1
18,Male,PhD,Single,54320.0,631.0,39428.0,Business,Employed,4,Good,0.5467015436693539,76570.0,2.0,East Brandonfurt,MH,Sweden,4.0,1,Alto,0
64,Non-binary,PhD,Married,39703.0,677.0,21025.0,Personal,Employed,6,Good,0.48324689281315103,155973.0,2.0,Sarahton,MS,British Indian Ocean Territory (Chagos Archipelago),1.0,2,Alto,0
40,Non-binary,Bachelor's,Single,41311.0,755.0,21563.0,Business,Unemployed,18,Excellent,0.5024047235488616,152414.0,2.0,Petershire,OK,Saint Helena,0.0,1,Bajo,1
20,Non-binary,Master's,Widowed,107826.0,751.0,6365.0,Auto,Self-employed,16,Fair,0.31756436216078854,145766.0,2.0,Lake Adrian,NY,Swaziland,2.0,1,Bajo,1
30,Male,PhD,Divorced,61541.0,768.0,46214.0,Personal,Self-employed,6,Excellent,0.4583431689555163,75529.0,4.0,Rangelborough,IN,Australia,2.0,1,Bajo,1
54,Female,High School,Divorced,102678.0,729.0,11857.0,Business,Self-employed,13,Fair,0.45001921054368166,33863.0,4.0,Nicholsonstad,IL,Niue,2.0,2,Bajo,1
47,Female,Bachelor's,Widowed,104451.0,795.0,46128.0,Home,Unemployed,5,Poor,0.20692521600006727,178827.0,0.0,New Justin,KS,Congo,0.0,2,Bajo,1
48,Female,PhD,Divorced,45261.0,604.0,42064.0,Business,Employed,19,Fair,0.2302301792311406,179636.0,3.0,New Andrewstad,VT,Lithuania,3.0,1,Alto,0
62,Female,High School,Divorced,55829.0,656.0,27054.0,Home,Self-employed,16,Poor,0.4167632931966455,241404.0,4.0,Chelseachester,UT,Macao,1.0,2,Medio,2
33,Female,Master's,Widowed,26774.0,602.0,35501.0,Business,Self-employed,11,Good,0.40344930843366456,60364.0,1.0,Youngchester,OK,Chile,4.0,0,Alto,0
43,Female,High School,Married,113177.0,629.0,28547.0,Personal,Self-employed,9,Fair,0.1529940858695489,77565.0,1.0,New Steven,MP,Dominican Republic,3.0,2,Alto,0
30,Male,Master's,Married,26402.0,759.0,45170.0,Auto,Self-employed,3,Excellent,0.2323842191403291,45919.0,3.0,Lake Michael,PR,Namibia,2.0,2,Alto,0
64,Female,PhD,Married,66126.0,641.0,28059.0,Personal,Unemployed,15,Poor,0.5948928875537405,46175.0,3.0,East Sharon,NM,Pakistan,4.0,1,Alto,0
54,Female,High School,Divorced,75746.0,738.0,33634.0,Personal,Unemployed,5,Fair,0.5051874216583465,194543.0,4.0,Coreymouth,NY,Uzbekistan,3.0,2,Alto,0
68,Male,Master's,Married,105490.0,652.0,31036.0,Personal,Self-employed,16,Poor,0.13062418380345878,161283.0,0.0,Hurleyshire,MI,Sri Lanka,1.0,2,Medio,2
54,Non-binary,Master's,Widowed,98588.0,743.0,46587.0,Auto,Employed,17,Good,0.2807808726413995,53142.0,2.0,Tiffanyshire,HI,British Virgin Islands,4.0,1,Alto,0
55,Non-binary,PhD,Married,91474.0,647.0,13968.0,Personal,Employed,0,Poor,0.41827027666891714,222198.0,1.0,Melvinfort,WY,Indonesia,2.0,2,Medio,2
27,Female,PhD,Married,47549.0,648.0,35783.0,Personal,Employed,14,Good,0.3635691425654265,82527.0,4.0,Jonstad,ND,Hong Kong,4.0,0,Alto,0
32,Non-binary,PhD,Married,106936.0,795.0,16225.0,Business,Unemployed,14,Fair,0.17418140551042308,49407.0,1.0,West Laura,WA,Finland,1.0,0,Bajo,1
21,Female,Master's,Widowed,48702.0,784.0,48400.0,Personal,Unemployed,6,Good,0.3932725411822051,67666.0,2.0,Richardfurt,NM,Mexico,2.0,0,Bajo,1
20,Female,Bachelor's,Widowed,109119.0,793.0,28539.0,Business,Self-employed,8,Good,0.3230143034811229,157230.0,3.0,Elizabethtown,NJ,Gambia,0.0,2,Bajo,1
48,Female,High School,Married,111435.0,726.0,34317.0,Home,Unemployed,3,Good,0.4219390606529074,122647.0,2.0,Lake Dylanville,MA,Somalia,0.0,1,Bajo,1
35,Female,High School,Single,22665.0,767.0,49135.0,Personal,Self-employed,9,Poor,0.4565483515263371,207975.0,2.0,West Lisaberg,MI,Micronesia,1.0,2,Alto,0
68,Female,Bachelor's,Divorced,118863.0,724.0,23676.0,Business,Unemployed,5,Excellent,0.12850539905258565,134719.0,1.0,New Stacybury,HI,Croatia,3.0,1,Alto,0
23,Female,Bachelor's,Divorced,58921.0,778.0,7154.0,Business,Unemployed,16,Good,0.2266823644470388,29486.0,3.0,West Cynthiachester,MO,United States Virgin Islands,0.0,1,Bajo,1
24,Non-binary,Bachelor's,Widowed,102273.0,610.0,20427.0,Home,Employed,3,Good,0.20093103300280254,241698.0,1.0,East Michael,WV,Gabon,1.0,1,Medio,2
44,Male,PhD,Single,51594.0,745.0,48743.0,Home,Employed,8,Poor,0.37306660691962523,269613.0,0.0,South Jenniferfurt,IA,Tanzania,2.0,2,Bajo,1
27,Female,High School,Single,39929.0,700.0,42935.0,Home,Unemployed,12,Good,0.31890950445467414,212104.0,2.0,Elizabethland,OK,Bangladesh,0.0,2,Alto,0
34,Non-binary,PhD,Divorced,47186.0,732.0,18885.0,Auto,Self-employed,19,Excellent,0.5043480871925012,129348.0,4.0,Port Becky,UT,Germany,2.0,1,Bajo,1
48,Non-binary,High School,Married,52925.0,797.0,49137.0,Business,Unemployed,7,Fair,0.584785591736664,41152.0,3.0,West Timothy,SD,Austria,2.0,2,Bajo,1
68,Non-binary,Bachelor's,Divorced,115923.0,696.0,28463.0,Auto,Employed,18,Excellent,0.5801365189990167,33280.0,1.0,New Gregoryview,WY,Finland,3.0,0,Alto,0
26,Non-binary,High School,Single,25280.0,691.0,12578.0,Auto,Self-employed,19,Poor,0.3195220130247418,167875.0,4.0,Rogerborough,RI,Sao Tome and Principe,0.0,0,Alto,0
31,Male,Bachelor's,Divorced,79682.0,765.0,10908.0,Auto,Unemployed,1,Excellent,0.5467081450935912,222920.0,1.0,Katherineview,PA,French Guiana,1.0,1,Bajo,1
32,Non-binary,PhD,Single,80840.0,633.0,45030.0,Personal,Self-employed,10,Fair,0.4273688214835174,105556.0,0.0,Lake Bryanton,MP,Norfolk Island,3.0,1,Alto,0
38,Non-binary,Master's,Widowed,105184.0,669.0,10798.0,Home,Self-employed,9,Poor,0.41333509241459654,105339.0,3.0,Port Christopher,NH,Portugal,4.0,1,Alto,0
39,Non-binary,High School,Single,95923.0,638.0,20899.0,Personal,Unemployed,16,Poor,0.26927769112700717,35762.0,1.0,Williamhaven,NM,Svalbard & Jan Mayen Islands,0.0,2,Medio,2
66,Female,High School,Divorced,76202.0,624.0,22198.0,Business,Unemployed,2,Poor,0.24285708941725218,86342.0,1.0,Heatherfort,ME,Germany,0.0,0,Medio,2
53,Male,High School,Widowed,34887.0,640.0,17552.0,Personal,Self-employed,15,Excellent,0.592791383139545,258241.0,0.0,Port Chadberg,VA,Saint Lucia,1.0,0,Alto,0
64,Female,Bachelor's,Divorced,32342.0,604.0,8582.0,Home,Employed,4,Poor,0.1986295050420153,213505.0,1.0,Candiceberg,PA,Netherlands,3.0,0,Alto,0
38,Non-binary,Bachelor's,Single,62873.0,657.0,28215.0,Business,Employed,1,Poor,0.19625536930913742,141244.0,3.0,Rebeccaview,MO,Sweden,2.0,1,Medio,2
46,Female,Master's,Single,91458.0,656.0,13672.0,Home,Employed,14,Good,0.5427961686410162,257590.0,2.0,East Sarahton,NC,Morocco,4.0,0,Alto,0
18,Male,Bachelor's,Single,23902.0,629.0,22390.0,Business,Employed,17,Poor,0.33190780198458303,161875.0,2.0,Rhondashire,VT,Madagascar,1.0,1,Alto,0
62,Non-binary,Bachelor's,Divorced,83843.0,707.0,39354.0,Business,Self-employed,16,Fair,0.5167004384309103,94161.0,1.0,Jenniferton,OK,Lithuania,1.0,0,Bajo,1
23,Female,Master's,Widowed,75082.0,747.0,7755.0,Home,Employed,11,Fair,0.5313911899497559,261131.0,3.0,South Danielstad,VI,Norway,4.0,1,Alto,0
45,Female,Master's,Widowed,34102.0,783.0,7553.0,Business,Employed,18,Excellent,0.28456761603127045,242316.0,2.0,Darrylshire,KS,Samoa,1.0,1,Alto,0
47,Female,Master's,Married,67728.0,715.0,43797.0,Auto,Self-employed,0,Excellent,0.19580783875693772,182643.0,2.0,Jenniferstad,WA,Israel,1.0,2,Bajo,1
37,Female,PhD,Widowed,39237.0,672.0,25890.0,Personal,Unemployed,1,Excellent,0.25211806936416836,232007.0,0.0,West Joshua,WI,Lao People's Democratic Republic,0.0,2,Alto,0
24,Female,PhD,Divorced,108909.0,755.0,16945.0,Business,Self-employed,15,Fair,0.1942584022435154,168880.0,3.0,Hollowayberg,WV,Albania,4.0,0,Alto,0
40,Female,PhD,Widowed,97952.0,796.0,6709.0,Business,Unemployed,0,Excellent,0.2716524700921349,20777.0,2.0,Tylerton,UT,Bouvet Island (Bouvetoya),3.0,2,Alto,0
25,Male,Bachelor's,Married,100919.0,686.0,47877.0,Personal,Self-employed,12,Poor,0.5323346608652946,160933.0,4.0,East Jasonborough,IA,Uruguay,0.0,0,Bajo,1
23,Non-binary,PhD,Divorced,81365.0,691.0,39452.0,Business,Employed,2,Good,0.2211075900794521,154334.0,1.0,New Gabrielle,GU,Costa Rica,3.0,1,Alto,0
67,Non-binary,Bachelor's,Widowed,77194.0,608.0,34884.0,Personal,Employed,4,Excellent,0.10157981984758765,223748.0,2.0,North Janethaven,MT,Lao People's Democratic Republic,0.0,2,Medio,2
45,Non-binary,High School,Widowed,114263.0,614.0,21001.0,Home,Self-employed,11,Fair,0.15098360188641938,75833.0,1.0,East Traci,FM,Seychelles,3.0,2,Alto,0
19,Female,Bachelor's,Married,76971.0,727.0,43235.0,Home,Unemployed,8,Fair,0.5172335557912995,29981.0,4.0,West Christine,CO,Romania,1.0,2,Bajo,1
28,Male,Master's,Single,65162.0,654.0,8816.0,Personal,Self-employed,3,Fair,0.5714676403670645,233475.0,2.0,Jameshaven,ME,Colombia,4.0,1,Alto,0
49,Female,Bachelor's,Single,46401.0,612.0,7919.0,Business,Self-employed,3,Fair,0.12794381260585377,184645.0,4.0,Charleston,SD,Turks and Caicos Islands,4.0,0,Alto,0
67,Non-binary,High School,Single,59369.0,722.0,15378.0,Auto,Unemployed,17,Excellent,0.5687544092708153,92693.0,4.0,North Chaseberg,SC,Korea,0.0,2,Bajo,1
36,Female,High School,Married,58588.0,655.0,14761.0,Business,Self-employed,13,Fair,0.171115993538385,92732.0,0.0,Alanfurt,MN,Libyan Arab Jamahiriya,0.0,2,Medio,2
26,Female,High School,Married,116172.0,782.0,20304.0,Personal,Self-employed,15,Excellent,0.46757974923425094,146953.0,0.0,Singhview,OR,Bolivia,3.0,2,Alto,0
49,Female,Master's,Single,73257.0,790.0,39935.0,Home,Self-employed,7,Poor,0.5465613007397047,49405.0,4.0,Ruizmouth,AK,Tunisia,0.0,1,Bajo,1
48,Female,High School,Widowed,49784.0,777.0,44170.0,Business,Self-employed,1,Good,0.5265842435960266,248855.0,4.0,Martinezland,CT,Aruba,0.0,1,Bajo,1
29,Male,High School,Married,79789.0,742.0,33922.0,Business,Unemployed,16,Good,0.25333552694517447,72024.0,4.0,Parkerberg,WV,Jamaica,4.0,0,Alto,0
38,Male,PhD,Single,115643.0,750.0,47756.0,Personal,Unemployed,5,Poor,0.12328783784093708,44000.0,0.0,Port Barbarafurt,PW,Philippines,4.0,2,Alto,0
59,Male,Bachelor's,Single,22106.0,612.0,36814.0,Auto,Employed,2,Fair,0.3435963542003221,36081.0,4.0,West Kathleenshire,IL,Rwanda,4.0,1,Alto,0
21,Female,High School,Single,42838.0,661.0,21169.0,Auto,Self-employed,11,Fair,0.1257804930888223,285658.0,4.0,East Maryhaven,FL,Palestinian Territory,3.0,0,Alto,0
37,Male,Bachelor's,Divorced,104256.0,715.0,10139.0,Auto,Unemployed,12,Good,0.29169765090211275,194392.0,3.0,Port Lauren,AS,Bahamas,0.0,0,Bajo,1
19,Male,Bachelor's,Widowed,35797.0,624.0,15433.0,Personal,Employed,7,Excellent,0.10420306690414874,157399.0,0.0,Teresabury,CO,Greece,1.0,0,Alto,0
42,Female,PhD,Single,112551.0,724.0,41478.0,Home,Unemployed,4,Fair,0.3731505752068295,176227.0,3.0,Adamsburgh,GU,Botswana,2.0,0,Bajo,1
64,Male,High School,Married,59761.0,752.0,20169.0,Home,Self-employed,4,Good,0.5625148541916449,129370.0,1.0,Fordborough,SD,Congo,4.0,1,Alto,0
53,Non-binary,PhD,Divorced,94861.0,713.0,44020.0,Auto,Self-employed,17,Excellent,0.3463304725871411,32672.0,3.0,Jonathanbury,MO,South Africa,3.0,2,Alto,0
42,Non-binary,Bachelor's,Single,69613.0,768.0,47406.0,Home,Self-employed,2,Fair,0.11665748613454588,87683.0,1.0,Brendaburgh,ID,French Guiana,4.0,0,Alto,0
61,Non-binary,Master's,Widowed,53688.0,621.0,39282.0,Business,Self-employed,3,Fair,0.10678323946150689,278335.0,3.0,New Derrick,MI,Djibouti,0.0,2,Medio,2
30,Non-binary,High School,Divorced,91873.0,659.0,46462.0,Home,Unemployed,14,Poor,0.16373526957323012,103229.0,3.0,Toddtown,VI,India,4.0,2,Alto,0
45,Male,High School,Married,41248.0,652.0,6405.0,Home,Unemployed,9,Poor,0.41057962947459203,171665.0,3.0,Dianaport,AL,Japan,4.0,1,Alto,0
25,Non-binary,PhD,Single,86606.0,695.0,6820.0,Personal,Self-employed,7,Good,0.4592917394084052,49447.0,2.0,Herreraport,NJ,Bulgaria,2.0,1,Bajo,1
47,Non-binary,High School,Divorced,72136.0,679.0,35270.0,Business,Unemployed,13,Poor,0.3569657025777323,278790.0,0.0,Olsontown,HI,Iran,3.0,1,Alto,0
62,Male,High School,Widowed,66545.0,659.0,47498.0,Business,Employed,15,Good,0.524987218074999,116888.0,4.0,South Brianland,MI,Armenia,1.0,2,Medio,2
51,Female,Master's,Single,36820.0,693.0,24426.0,Auto,Employed,10,Fair,0.5734052287974686,191476.0,0.0,East Tylerville,CA,Cook Islands,4.0,1,Alto,0
35,Female,Bachelor's,Single,114467.0,755.0,12614.0,Home,Unemployed,19,Excellent,0.5982292131260232,70647.0,4.0,West Paige,UT,Namibia,0.0,1,Bajo,1
35,Female,Bachelor's,Married,34028.0,669.0,18991.0,Personal,Employed,10,Fair,0.438911571308665,89554.0,2.0,Caseyton,AS,Venezuela,2.0,1,Alto,0
67,Non-binary,Master's,Single,45785.0,786.0,17758.0,Business,Unemployed,6,Fair,0.16086409561847367,266620.0,3.0,Velasquezside,NE,Australia,2.0,2,Bajo,1
34,Female,Master's,Single,48634.0,651.0,33559.0,Business,Employed,4,Poor,0.27547977855719985,85975.0,2.0,East Susan,ID,Reunion,4.0,1,Alto,0
19,Female,PhD,Widowed,55677.0,789.0,34223.0,Business,Unemployed,14,Good,0.14512249455449042,94612.0,2.0,Lake Lindsey,IN,Papua New Guinea,1.0,1,Bajo,1
20,Male,Master's,Divorced,48648.0,795.0,23665.0,Home,Unemployed,12,Excellent,0.4924332351166709,73868.0,4.0,Marcomouth,SC,Christmas Island,4.0,2,Alto,0
25,Female,Master's,Single,35915.0,623.0,16892.0,Personal,Employed,19,Excellent,0.40107976966655745,176112.0,2.0,Sharpshire,VA,Isle of Man,4.0,0,Alto,0
52,Male,PhD,Single,109871.0,732.0,38857.0,Personal,Self-employed,13,Excellent,0.12872256704967697,26888.0,4.0,East Tiffany,DE,Gibraltar,4.0,1,Alto,0
44,Female,Master's,Divorced,27593.0,774.0,48379.0,Personal,Employed,3,Poor,0.47621172691124247,286344.0,3.0,Annside,PA,Estonia,2.0,0,Alto,0
41,Non-binary,Bachelor's,Single,92287.0,676.0,8462.0,Home,Self-employed,18,Fair,0.5434642772279177,32143.0,1.0,Lauraside,MT,Uganda,0.0,1,Medio,2
43,Non-binary,Bachelor's,Married,116256.0,777.0,45837.0,Home,Unemployed,4,Fair,0.32216583899159024,244946.0,0.0,Grahamborough,SC,Saint Lucia,1.0,0,Bajo,1
43,Female,Bachelor's,Single,89810.0,646.0,25736.0,Personal,Unemployed,1,Fair,0.49351173227235257,90478.0,3.0,North Taylorton,SD,Bahrain,1.0,1,Medio,2
38,Male,Bachelor's,Divorced,33421.0,629.0,12398.0,Home,Employed,16,Good,0.10065409976254844,50554.0,0.0,New Jessicaside,IN,Armenia,3.0,2,Alto,0
31,Male,High School,Divorced,77251.0,776.0,28042.0,Personal,Self-employed,12,Good,0.4822745019361211,117987.0,3.0,Melissatown,WV,Yemen,3.0,1,Alto,0
25,Female,PhD,Divorced,76543.0,770.0,15544.0,Personal,Employed,6,Poor,0.34891022825618045,237906.0,4.0,Welchland,KS,Holy See (Vatican City State),0.0,1,Bajo,1
43,Non-binary,Master's,Single,29327.0,693.0,23127.0,Home,Self-employed,14,Good,0.2530140722143186,251402.0,2.0,Hobbsville,MD,Nicaragua,4.0,1,Alto,0
22,Male,Master's,Married,23086.0,785.0,28524.0,Personal,Unemployed,13,Poor,0.16092417117975452,236304.0,2.0,Kristinaside,OR,Timor-Leste,2.0,2,Alto,0
53,Non-binary,Master's,Divorced,111643.0,775.0,32865.0,Personal,Unemployed,16,Fair,0.5708286925354991,162550.0,0.0,South Josephtown,VA,Ecuador,2.0,1,Bajo,1
48,Non-binary,High School,Divorced,60721.0,645.0,31793.0,Home,Employed,6,Excellent,0.44634080513646524,299768.0,4.0,South Harold,WY,South Georgia and the South Sandwich Islands,2.0,1,Medio,2
69,Female,High School,Widowed,30719.0,787.0,10257.0,Business,Self-employed,10,Poor,0.4415735476527327,100562.0,2.0,Younghaven,VT,Afghanistan,3.0,2,Alto,0
56,Male,PhD,Widowed,36923.0,751.0,13276.0,Home,Employed,15,Excellent,0.21135307028244996,287891.0,2.0,New Thomasville,VT,Northern Mariana Islands,3.0,2,Alto,0
25,Non-binary,Bachelor's,Single,103668.0,754.0,24128.0,Auto,Unemployed,11,Good,0.4410431901610746,117099.0,3.0,West Jessica,GU,Palestinian Territory,3.0,0,Alto,0
63,Non-binary,High School,Divorced,114437.0,747.0,10499.0,Personal,Employed,10,Excellent,0.3724258638936615,224794.0,3.0,North Barbara,OK,Panama,1.0,2,Bajo,1
24,Female,Master's,Married,118156.0,619.0,30800.0,Auto,Employed,13,Poor,0.4690125560685099,269980.0,1.0,East Vincentborough,HI,Palestinian Territory,1.0,0,Medio,2
37,Male,Bachelor's,Divorced,68750.0,762.0,41884.0,Business,Self-employed,19,Excellent,0.251617315443906,64197.0,0.0,Ramirezstad,FL,Azerbaijan,4.0,1,Alto,0
19,Female,PhD,Married,67289.0,688.0,14512.0,Auto,Unemployed,11,Excellent,0.562012740896459,248481.0,0.0,North Mollyhaven,FM,Papua New Guinea,0.0,2,Bajo,1
59,Non-binary,High School,Widowed,92940.0,657.0,33929.0,Business,Self-employed,7,Fair,0.20045726345553042,141565.0,1.0,Kennethmouth,SC,Cook Islands,1.0,2,Medio,2
29,Non-binary,High School,Married,94868.0,686.0,24796.0,Home,Employed,4,Good,0.26168810370967843,39441.0,3.0,Lisaland,NM,Belize,0.0,0,Bajo,1
52,Female,High School,Married,37241.0,701.0,9968.0,Business,Employed,14,Fair,0.45595613140788716,148212.0,3.0,West Jason,IN,New Caledonia,4.0,0,Alto,0
23,Non-binary,PhD,Married,30851.0,715.0,48648.0,Home,Self-employed,13,Poor,0.5029299845416159,65722.0,2.0,Stephenmouth,AS,Bolivia,4.0,0,Alto,0
69,Non-binary,Master's,Divorced,48760.0,661.0,34103.0,Business,Self-employed,13,Fair,0.334463807471881,284938.0,1.0,Lucasland,PW,Guinea-Bissau,0.0,2,Medio,2
42,Male,Bachelor's,Married,47215.0,685.0,22480.0,Personal,Employed,3,Fair,0.29582302289740514,74865.0,4.0,Smithstad,NC,Zimbabwe,4.0,2,Alto,0
45,Non-binary,Master's,Married,110374.0,689.0,16358.0,Business,Self-employed,15,Excellent,0.5879433170533864,153584.0,4.0,Ashleyhaven,IA,Latvia,2.0,2,Bajo,1
39,Female,High School,Single,64938.0,781.0,40523.0,Home,Self-employed,14,Excellent,0.40330956665060613,246845.0,2.0,East Mariahaven,NV,Zimbabwe,1.0,1,Bajo,1
33,Non-binary,Bachelor's,Single,110638.0,611.0,49623.0,Home,Unemployed,12,Poor,0.27847398894489306,76620.0,0.0,West Jonathanburgh,AS,Bosnia and Herzegovina,3.0,0,Alto,0
22,Male,High School,Divorced,37156.0,639.0,6440.0,Business,Self-employed,17,Good,0.10877873991447759,202857.0,2.0,West Holly,UT,Brunei Darussalam,2.0,2,Alto,0
53,Non-binary,Bachelor's,Divorced,56432.0,699.0,22753.0,Auto,Self-employed,17,Excellent,0.5888835927266742,262845.0,1.0,Patriciaville,AR,Mongolia,4.0,1,Alto,0
36,Female,High School,Married,29395.0,687.0,24525.0,Home,Unemployed,5,Fair,0.5155884942647662,88604.0,4.0,West Christopher,DE,Bahrain,4.0,2,Alto,0
52,Non-binary,PhD,Widowed,118115.0,799.0,30956.0,Personal,Self-employed,3,Fair,0.28707913794409845,60305.0,0.0,Zhangshire,MS,Czech Republic,1.0,0,Bajo,1
55,Female,Bachelor's,Divorced,83073.0,779.0,29953.0,Auto,Unemployed,16,Good,0.387988719159597,150671.0,3.0,Mezaville,ND,United Kingdom,0.0,1,Bajo,1
36,Female,High School,Married,107780.0,762.0,31573.0,Auto,Employed,1,Fair,0.5356825222785908,230116.0,4.0,East Mackenzieburgh,DC,Madagascar,4.0,2,Alto,0
20,Male,Bachelor's,Married,29933.0,720.0,40971.0,Auto,Unemployed,9,Fair,0.16428865438497184,128012.0,0.0,Alexisfurt,TN,Macao,3.0,2,Alto,0
60,Non-binary,High School,Married,54708.0,768.0,43404.0,Home,Employed,9,Poor,0.3887798677926739,53259.0,1.0,North Teresa,MS,Botswana,0.0,2,Bajo,1
53,Female,Bachelor's,Divorced,35772.0,682.0,23569.0,Business,Employed,6,Fair,0.44301227455296754,256087.0,1.0,Christopherland,PA,Saint Helena,3.0,2,Alto,0
39,Female,PhD,Widowed,32501.0,657.0,46834.0,Personal,Unemployed,12,Good,0.5017737888009671,89824.0,1.0,Olsonton,WY,San Marino,4.0,0,Alto,0
45,Female,Master's,Single,108704.0,717.0,16206.0,Home,Self-employed,8,Poor,0.5963696528469067,188878.0,4.0,Thomasborough,NY,Austria,2.0,2,Bajo,1
55,Non-binary,Master's,Divorced,76492.0,764.0,19306.0,Auto,Employed,8,Good,0.502605907499511,283364.0,1.0,West Joshuaview,DC,Nauru,0.0,2,Bajo,1
45,Male,High School,Single,68070.0,692.0,49614.0,Home,Employed,8,Excellent,0.10051356678479992,127659.0,3.0,Everettmouth,MS,Montenegro,0.0,2,Bajo,1
18,Non-binary,Master's,Single,31025.0,605.0,29449.0,Personal,Self-employed,19,Excellent,0.19081889964772827,191244.0,0.0,Joshuaburgh,FM,Gabon,2.0,0,Alto,0
42,Male,PhD,Widowed,94796.0,792.0,30733.0,Home,Employed,8,Fair,0.4012417746729393,112462.0,0.0,Lake Kimberlymouth,PA,Azerbaijan,3.0,0,Alto,0
45,Non-binary,Master's,Widowed,110447.0,661.0,14960.0,Business,Employed,15,Good,0.22858059817316775,213369.0,3.0,North Toddhaven,AL,Denmark,3.0,2,Alto,0
52,Female,Master's,Single,58827.0,764.0,29551.0,Personal,Unemployed,17,Good,0.1770584906777998,166607.0,1.0,Romanfort,MS,Botswana,1.0,0,Bajo,1
35,Male,PhD,Widowed,105222.0,609.0,42812.0,Business,Unemployed,19,Fair,0.10946421026786465,181223.0,2.0,Port Lisa,NY,Seychelles,3.0,1,Alto,0
20,Male,Bachelor's,Single,111856.0,755.0,30191.0,Personal,Employed,10,Good,0.4072946904483069,215445.0,3.0,New Taylor,ID,Sudan,1.0,2,Bajo,1
47,Non-binary,Master's,Married,62861.0,779.0,20647.0,Home,Unemployed,15,Poor,0.4392231618785255,260636.0,2.0,New Alexandratown,MH,Zambia,3.0,0,Alto,0
44,Male,High School,Single,37619.0,709.0,8078.0,Auto,Self-employed,16,Good,0.5230005353339532,113862.0,0.0,Myershaven,CO,Bahrain,2.0,1,Alto,0
65,Male,High School,Single,119039.0,762.0,12311.0,Auto,Self-employed,3,Fair,0.23304528627399154,203822.0,3.0,Phillipsville,ID,Nauru,0.0,0,Bajo,1
33,Female,PhD,Divorced,115153.0,655.0,22072.0,Home,Self-employed,18,Poor,0.2848847334505036,117151.0,0.0,New Jamieshire,OR,Belarus,1.0,1,Medio,2
30,Female,Bachelor's,Divorced,89074.0,776.0,35203.0,Home,Self-employed,5,Fair,0.46519921838756995,242913.0,4.0,West Leahtown,FL,United States of America,1.0,1,Bajo,1
50,Male,High School,Widowed,30534.0,649.0,10116.0,Business,Self-employed,2,Good,0.4191900436601399,122730.0,4.0,North Nicholeborough,KY,Nepal,1.0,0,Alto,0
57,Female,PhD,Married,57146.0,764.0,48938.0,Personal,Employed,7,Fair,0.5144250645235462,76154.0,3.0,East Gabrielport,AZ,Jersey,3.0,2,Alto,0
54,Non-binary,Bachelor's,Divorced,85714.0,796.0,6398.0,Business,Unemployed,16,Poor,0.5091947071762679,26050.0,4.0,Karenchester,VT,Andorra,1.0,0,Bajo,1
55,Non-binary,Master's,Divorced,60160.0,741.0,28028.0,Business,Self-employed,6,Excellent,0.29523095916588704,148261.0,4.0,Philipview,TX,Palestinian Territory,3.0,0,Alto,0
36,Non-binary,Bachelor's,Married,39941.0,764.0,26086.0,Auto,Unemployed,10,Good,0.21475837265564848,30209.0,4.0,New Patrick,MD,Turkmenistan,0.0,2,Alto,0
28,Female,Bachelor's,Married,28520.0,730.0,42579.0,Home,Self-employed,12,Poor,0.3702176967943567,67623.0,2.0,Ellisfurt,RI,Lithuania,4.0,1,Alto,0
29,Non-binary,High School,Widowed,31646.0,740.0,47126.0,Personal,Unemployed,10,Poor,0.5057882665021721,139211.0,0.0,Taylorview,AZ,United States Minor Outlying Islands,1.0,2,Alto,0
48,Non-binary,Bachelor's,Single,79337.0,779.0,23824.0,Business,Self-employed,16,Excellent,0.37791764426350194,125894.0,1.0,New Lisaside,IL,Burkina Faso,1.0,1,Bajo,1
35,Non-binary,Master's,Widowed,37130.0,690.0,45949.0,Personal,Unemployed,8,Good,0.5552392759606938,236098.0,4.0,Melindaside,MP,Philippines,0.0,1,Alto,0
24,Female,Bachelor's,Married,96591.0,663.0,6302.0,Auto,Self-employed,14,Good,0.5473955775721577,60882.0,2.0,Tateshire,MS,Comoros,1.0,0,Medio,2
57,Male,High School,Single,34639.0,606.0,21633.0,Personal,Self-employed,16,Excellent,0.4660371842877543,205158.0,3.0,Finleybury,IN,Reunion,1.0,0,Alto,0
63,Male,Bachelor's,Single,68737.0,735.0,35607.0,Business,Unemployed,14,Fair,0.27942245603022775,104296.0,0.0,Pattersonville,MI,Kuwait,4.0,2,Alto,0
57,Female,Bachelor's,Divorced,35802.0,752.0,25912.0,Auto,Employed,1,Good,0.30738132419380937,245319.0,3.0,South Jesseburgh,DC,Cook Islands,2.0,0,Alto,0
29,Female,PhD,Divorced,24930.0,757.0,10478.0,Auto,Employed,17,Excellent,0.46099681107320245,274555.0,2.0,Port Richard,MS,Bahrain,4.0,2,Alto,0
32,Non-binary,High School,Divorced,94975.0,727.0,39359.0,Personal,Employed,4,Poor,0.30801362630163753,236398.0,0.0,Zhangside,GA,Russian Federation,3.0,1,Alto,0
54,Male,PhD,Single,43140.0,790.0,7353.0,Auto,Unemployed,16,Poor,0.2072418238067488,260245.0,0.0,Emilyland,VI,Uganda,3.0,2,Alto,0
42,Non-binary,Master's,Married,38456.0,774.0,27828.0,Home,Employed,3,Good,0.4819928597952049,273810.0,1.0,Josephmouth,NY,Brazil,0.0,0,Alto,0
65,Female,PhD,Married,64296.0,780.0,15471.0,Home,Unemployed,5,Good,0.11394564344920313,34436.0,2.0,West Heather,CA,Sao Tome and Principe,2.0,2,Bajo,1
19,Female,Bachelor's,Divorced,87238.0,634.0,9695.0,Auto,Employed,10,Fair,0.42664349003764335,82701.0,4.0,Port Mary,PA,Liechtenstein,4.0,2,Alto,0
66,Male,Master's,Divorced,68469.0,773.0,46138.0,Business,Unemployed,14,Good,0.39096304212789845,80427.0,2.0,Port Dustin,WY,Ireland,2.0,0,Bajo,1
39,Non-binary,Master's,Single,113137.0,762.0,7379.0,Auto,Unemployed,17,Excellent,0.1653951756353874,110587.0,0.0,Haydenstad,NJ,Poland,4.0,2,Alto,0
38,Male,Bachelor's,Divorced,65858.0,732.0,24023.0,Auto,Self-employed,10,Good,0.24485078795758428,166759.0,0.0,Floresberg,MT,Palestinian Territory,0.0,2,Bajo,1
56,Male,Bachelor's,Widowed,79867.0,778.0,17426.0,Auto,Unemployed,5,Excellent,0.4633334870252599,171767.0,4.0,East Lindsay,MP,United States Minor Outlying Islands,1.0,1,Bajo,1
25,Female,Master's,Married,110045.0,622.0,6339.0,Home,Unemployed,19,Fair,0.11977907958269515,95292.0,1.0,New Donna,DC,Lao People's Democratic Republic,4.0,0,Alto,0
47,Female,High School,Widowed,89235.0,784.0,30060.0,Personal,Self-employed,0,Good,0.5931497503367532,40558.0,0.0,Lake Kimberly,CA,Australia,4.0,0,Alto,0
55,Male,Bachelor's,Widowed,40264.0,760.0,27954.0,Auto,Unemployed,2,Poor,0.48419935096463174,38974.0,2.0,West Alexandria,PW,Japan,4.0,0,Alto,0
20,Male,Master's,Divorced,104292.0,653.0,33561.0,Business,Self-employed,13,Poor,0.5916275531899995,233714.0,4.0,South Joanne,OK,Turkey,2.0,0,Medio,2
26,Male,PhD,Married,78414.0,670.0,39225.0,Home,Self-employed,6,Poor,0.47172036202704326,156754.0,3.0,East Leslie,NC,Estonia,0.0,0,Medio,2
20,Non-binary,Master's,Single,72635.0,679.0,22726.0,Auto,Self-employed,8,Good,0.2712723519774197,245554.0,2.0,Lake William,CO,Congo,0.0,0,Medio,2
18,Female,PhD,Divorced,61253.0,622.0,18962.0,Business,Self-employed,7,Fair,0.4252058056983521,75540.0,1.0,North Shane,NH,Fiji,2.0,2,Medio,2
63,Male,Master's,Single,87561.0,681.0,46921.0,Home,Unemployed,0,Excellent,0.24136309874508657,81263.0,1.0,New Craigland,GU,Bolivia,2.0,1,Bajo,1
52,Female,Bachelor's,Single,47444.0,698.0,27849.0,Auto,Employed,0,Poor,0.5912362153981031,245145.0,0.0,Johnsonchester,OK,San Marino,2.0,0,Bajo,1
50,Non-binary,Bachelor's,Single,72268.0,612.0,20641.0,Personal,Unemployed,5,Excellent,0.2862915776572388,132905.0,3.0,South Robertside,UT,Bahamas,1.0,2,Medio,2
29,Non-binary,Bachelor's,Single,59097.0,657.0,19826.0,Business,Self-employed,6,Excellent,0.28541999816123775,160635.0,2.0,West Sheri,NM,Barbados,2.0,1,Medio,2
25,Male,Master's,Single,100868.0,624.0,31670.0,Business,Self-employed,5,Excellent,0.5556931689819812,33828.0,0.0,Cheyennefort,TX,Isle of Man,1.0,1,Medio,2
44,Female,Master's,Married,99045.0,705.0,32913.0,Home,Employed,6,Poor,0.4113442466733538,49026.0,4.0,Kaitlynmouth,SD,Wallis and Futuna,0.0,1,Bajo,1
60,Non-binary,Bachelor's,Married,36101.0,734.0,23344.0,Personal,Employed,2,Poor,0.3245020298037543,38679.0,0.0,West Amberberg,GU,Greece,1.0,2,Alto,0
45,Male,PhD,Divorced,72047.0,671.0,30563.0,Business,Self-employed,13,Good,0.4148819791391428,138762.0,2.0,North Kyle,LA,Slovakia (Slovak Republic),1.0,1,Medio,2
46,Male,Bachelor's,Divorced,114138.0,714.0,37137.0,Personal,Unemployed,13,Excellent,0.42477530966517363,133588.0,3.0,Campbellhaven,MH,Bhutan,4.0,0,Alto,0
35,Female,High School,Widowed,78293.0,667.0,43881.0,Auto,Unemployed,5,Excellent,0.28811107360233734,60799.0,1.0,West Christinamouth,RI,Kazakhstan,4.0,1,Alto,0
40,Non-binary,Master's,Widowed,41191.0,714.0,29290.0,Personal,Self-employed,17,Good,0.4024987371873341,240499.0,1.0,West Benjamin,PW,Hong Kong,2.0,1,Bajo,1
65,Non-binary,Bachelor's,Single,58669.0,695.0,8583.0,Auto,Employed,4,Poor,0.5812714918970653,131192.0,4.0,East Tracy,AS,French Guiana,0.0,2,Bajo,1
62,Non-binary,PhD,Widowed,88617.0,618.0,8600.0,Home,Employed,11,Fair,0.4725777307784049,27490.0,1.0,Thomasmouth,SC,Cyprus,1.0,2,Medio,2
26,Female,Bachelor's,Married,29832.0,654.0,43514.0,Personal,Unemployed,17,Excellent,0.15037304615473382,266964.0,3.0,Port Jason,VI,Italy,3.0,2,Alto,0
45,Non-binary,Master's,Married,75919.0,773.0,25766.0,Home,Self-employed,13,Poor,0.2986463640388075,40789.0,0.0,Rochaville,HI,Greenland,1.0,2,Bajo,1
23,Female,PhD,Widowed,111644.0,765.0,44498.0,Auto,Unemployed,7,Fair,0.4505730406052215,120935.0,1.0,Lake Michael,DC,Somalia,4.0,0,Alto,0
33,Male,Bachelor's,Married,23591.0,701.0,10642.0,Home,Employed,16,Good,0.501704007840217,89781.0,4.0,Suttontown,WI,Iceland,1.0,0,Alto,0
32,Female,PhD,Widowed,32326.0,702.0,48899.0,Personal,Unemployed,13,Good,0.35505913993882243,263518.0,3.0,Lake Taylormouth,MD,Nigeria,4.0,0,Alto,0
22,Non-binary,PhD,Married,35964.0,686.0,19105.0,Auto,Unemployed,6,Good,0.37625408012335637,211243.0,4.0,Julianport,VI,Zimbabwe,0.0,0,Alto,0
32,Non-binary,PhD,Widowed,47569.0,681.0,18116.0,Business,Unemployed,13,Excellent,0.5235814663531977,171249.0,1.0,New Amy,KS,Palau,0.0,1,Bajo,1
37,Female,High School,Single,107821.0,750.0,24895.0,Home,Self-employed,16,Fair,0.20358881602255793,160616.0,4.0,Mclaughlinside,NJ,Guinea,0.0,2,Bajo,1
31,Male,Bachelor's,Widowed,89585.0,655.0,27248.0,Business,Employed,4,Fair,0.4941153188953451,284258.0,4.0,Gregoryview,CO,New Zealand,0.0,1,Medio,2
33,Male,Bachelor's,Married,49373.0,730.0,41274.0,Auto,Self-employed,3,Poor,0.19375754243611246,190335.0,3.0,Zacharymouth,AS,Bahrain,3.0,1,Alto,0
58,Male,Master's,Divorced,30316.0,773.0,49174.0,Auto,Employed,2,Poor,0.20563168403148305,142007.0,3.0,Nancyberg,SC,Bouvet Island (Bouvetoya),2.0,1,Alto,0
49,Male,Bachelor's,Widowed,99472.0,744.0,11202.0,Home,Unemployed,8,Good,0.25586453850156343,62532.0,3.0,Madisonton,DE,Belarus,2.0,0,Bajo,1
31,Non-binary,PhD,Single,94647.0,739.0,23735.0,Auto,Unemployed,2,Poor,0.25123682280829285,201568.0,3.0,Anitaport,RI,Greenland,4.0,0,Alto,0
64,Female,High School,Married,22674.0,762.0,34584.0,Auto,Unemployed,3,Good,0.4808771471993697,160786.0,2.0,New Kristin,AK,Netherlands Antilles,3.0,0,Alto,0
69,Male,High School,Married,57410.0,641.0,23000.0,Personal,Employed,9,Good,0.3056989902868673,158348.0,0.0,North Diana,DC,Malaysia,0.0,2,Medio,2
59,Female,PhD,Divorced,99199.0,604.0,39629.0,Home,Unemployed,16,Poor,0.48623459853488094,173263.0,4.0,New Jonathan,CA,Cuba,3.0,2,Alto,0
24,Female,PhD,Divorced,65610.0,629.0,23153.0,Personal,Self-employed,16,Poor,0.3815605010932772,153014.0,0.0,Beasleyshire,AL,Malawi,2.0,1,Medio,2
49,Non-binary,High School,Divorced,46801.0,667.0,16342.0,Auto,Unemployed,2,Poor,0.3668371822567559,169565.0,3.0,New Alexischester,CO,French Polynesia,1.0,2,Medio,2
63,Non-binary,Bachelor's,Married,69057.0,603.0,45839.0,Personal,Employed,5,Excellent,0.156345300897732,268410.0,0.0,Russellburgh,VT,Grenada,0.0,2,Medio,2
46,Male,Master's,Married,80796.0,621.0,20271.0,Auto,Self-employed,18,Poor,0.12341219252558575,208708.0,3.0,Leemouth,MA,Egypt,4.0,0,Alto,0
60,Female,High School,Single,68115.0,773.0,28700.0,Personal,Self-employed,13,Excellent,0.2335697983885979,243238.0,3.0,North Janetport,FL,Djibouti,0.0,1,Bajo,1
29,Female,PhD,Married,39112.0,738.0,45780.0,Personal,Self-employed,12,Good,0.3940790510136438,280411.0,3.0,East Troyberg,GU,Hong Kong,0.0,0,Alto,0
33,Non-binary,Bachelor's,Married,100516.0,779.0,9901.0,Personal,Employed,10,Excellent,0.30705380346133604,245594.0,4.0,Gregorystad,KS,Seychelles,3.0,0,Alto,0
32,Female,Bachelor's,Married,114296.0,798.0,40497.0,Home,Self-employed,10,Good,0.45900671510980084,278504.0,3.0,Whitetown,TX,Niue,4.0,2,Alto,0
55,Non-binary,High School,Single,54370.0,718.0,36999.0,Auto,Self-employed,4,Poor,0.455229094635641,257822.0,2.0,Beanhaven,WV,Jordan,4.0,1,Alto,0
32,Non-binary,High School,Married,103040.0,769.0,30130.0,Personal,Self-employed,17,Excellent,0.5000582731214306,287703.0,2.0,Joshuaton,IL,Tajikistan,2.0,2,Bajo,1
65,Female,Bachelor's,Married,104131.0,742.0,22054.0,Business,Unemployed,13,Poor,0.5899752107607519,181440.0,4.0,Richardville,UT,Saint Barthelemy,4.0,1,Alto,0
34,Male,PhD,Widowed,32342.0,768.0,8943.0,Business,Self-employed,9,Good,0.14953065059538803,195320.0,2.0,West Monica,MN,Thailand,1.0,2,Alto,0
30,Male,PhD,Single,47190.0,684.0,29054.0,Personal,Employed,13,Excellent,0.23428126900514487,245954.0,0.0,Robinsonville,IL,Montenegro,4.0,2,Alto,0
23,Female,High School,Divorced,30473.0,729.0,22754.0,Business,Self-employed,18,Excellent,0.19357639735618828,250319.0,3.0,Sherryside,ME,China,4.0,0,Alto,0
40,Male,High School,Single,96289.0,616.0,17663.0,Auto,Employed,3,Good,0.5397862566129539,261185.0,1.0,North Johnton,AK,United States Virgin Islands,2.0,2,Medio,2
31,Female,PhD,Single,30728.0,675.0,38187.0,Auto,Employed,17,Excellent,0.4214442549362578,225985.0,0.0,Port Michaelbury,KY,Dominican Republic,2.0,1,Alto,0
34,Male,PhD,Married,115211.0,738.0,31807.0,Auto,Self-employed,11,Good,0.3401925752841901,168760.0,3.0,Lake Kyle,SC,Saint Helena,2.0,0,Bajo,1
42,Female,High School,Widowed,112313.0,648.0,41166.0,Personal,Unemployed,19,Good,0.2319177470319738,79029.0,4.0,Toddborough,MO,Faroe Islands,4.0,2,Alto,0
58,Female,High School,Divorced,34244.0,612.0,33039.0,Home,Self-employed,7,Good,0.42539271512160304,213840.0,2.0,Lake Karen,GU,Mauritius,4.0,1,Alto,0
35,Non-binary,Master's,Widowed,83172.0,720.0,22379.0,Home,Employed,13,Excellent,0.34928202104745876,292505.0,4.0,New Elizabeth,OH,Cocos (Keeling) Islands,2.0,0,Bajo,1
43,Non-binary,PhD,Single,20037.0,668.0,32347.0,Home,Self-employed,19,Excellent,0.3056422304965247,53012.0,3.0,Kevinshire,MP,Palau,0.0,2,Alto,0
40,Non-binary,High School,Single,105061.0,630.0,27837.0,Personal,Unemployed,6,Poor,0.3795103343752634,49571.0,4.0,Lake Dalebury,IN,Luxembourg,4.0,0,Alto,0
58,Male,High School,Divorced,93740.0,728.0,46519.0,Auto,Self-employed,18,Good,0.473273096917853,150004.0,2.0,Montgomeryberg,AZ,Nigeria,4.0,0,Alto,0
23,Male,Master's,Single,42068.0,755.0,11069.0,Auto,Employed,0,Fair,0.5684320503778166,128164.0,4.0,East Kathy,SC,Australia,1.0,2,Bajo,1
48,Non-binary,High School,Divorced,78215.0,790.0,9158.0,Personal,Employed,14,Excellent,0.3911231997239363,261065.0,2.0,Johnton,ID,Gambia,0.0,2,Bajo,1
44,Non-binary,Master's,Widowed,23055.0,799.0,38994.0,Business,Employed,8,Fair,0.392161583384979,241316.0,0.0,Kellybury,NJ,Central African Republic,4.0,2,Alto,0
44,Female,Master's,Divorced,35210.0,787.0,23161.0,Auto,Self-employed,14,Fair,0.5742657459806014,127249.0,2.0,New Kathleen,MH,Burundi,1.0,0,Alto,0
64,Female,PhD,Divorced,98753.0,778.0,25581.0,Business,Self-employed,2,Fair,0.2991048293010248,111559.0,4.0,Maddenside,TN,Mongolia,3.0,0,Alto,0
43,Female,PhD,Divorced,64153.0,746.0,40629.0,Personal,Unemployed,7,Poor,0.25702855089181276,84528.0,0.0,Port Donna,TN,Falkland Islands (Malvinas),3.0,1,Alto,0
26,Female,PhD,Divorced,81794.0,780.0,39984.0,Home,Self-employed,12,Poor,0.3872099852628479,204113.0,1.0,Loriville,OR,Cape Verde,1.0,1,Bajo,1
69,Male,Master's,Married,68296.0,699.0,36736.0,Personal,Unemployed,5,Poor,0.14001982418789047,231736.0,2.0,Port Nancyton,VI,Guinea,4.0,0,Alto,0
48,Non-binary,Bachelor's,Divorced,28577.0,686.0,33918.0,Personal,Employed,2,Fair,0.3565697716929713,212851.0,3.0,South Timothyshire,DC,Slovenia,1.0,1,Alto,0
53,Non-binary,Bachelor's,Widowed,69884.0,789.0,16544.0,Business,Employed,6,Excellent,0.48727555136213385,63818.0,4.0,Ewingside,VI,Hungary,1.0,1,Bajo,1
61,Male,High School,Married,115533.0,757.0,27371.0,Personal,Self-employed,19,Fair,0.2741737309535811,31125.0,0.0,South Justinbury,OH,Peru,3.0,0,Alto,0
34,Non-binary,Bachelor's,Widowed,22203.0,724.0,47646.0,Business,Self-employed,8,Good,0.2794326026621048,227162.0,4.0,West Tonychester,VI,Congo,0.0,0,Alto,0
41,Non-binary,PhD,Widowed,69274.0,785.0,19786.0,Personal,Unemployed,3,Excellent,0.48228956594256134,227973.0,3.0,Perkinsside,PA,Kiribati,0.0,2,Bajo,1
36,Non-binary,Bachelor's,Widowed,60880.0,603.0,45723.0,Personal,Self-employed,18,Good,0.5944313303917933,156599.0,4.0,Andrewfurt,WI,Guyana,2.0,0,Medio,2
24,Male,Bachelor's,Single,86988.0,623.0,31314.0,Auto,Employed,0,Excellent,0.1775623754295906,162236.0,0.0,Justinstad,KS,French Polynesia,3.0,0,Alto,0
40,Female,Master's,Divorced,23543.0,630.0,17497.0,Personal,Unemployed,9,Excellent,0.1654218654692549,118028.0,1.0,Ochoamouth,CO,Malta,2.0,2,Alto,0
26,Non-binary,Master's,Single,48357.0,607.0,24708.0,Business,Unemployed,16,Excellent,0.2484694385113599,61144.0,2.0,Gaymouth,DC,Cook Islands,4.0,1,Alto,0
36,Non-binary,PhD,Married,94684.0,623.0,33879.0,Home,Employed,0,Poor,0.32084948081203357,126499.0,2.0,Robertshire,MD,San Marino,0.0,1,Medio,2
45,Female,PhD,Widowed,85792.0,620.0,47866.0,Business,Self-employed,0,Poor,0.4954160337689416,121986.0,4.0,Johnsonfort,OR,Kiribati,4.0,1,Alto,0
53,Non-binary,High School,Married,37882.0,756.0,20860.0,Home,Employed,17,Poor,0.3024889297228047,217207.0,4.0,South Stephen,AK,Argentina,0.0,0,Alto,0
23,Male,High School,Married,94693.0,686.0,17217.0,Auto,Self-employed,10,Fair,0.4354304709260306,180916.0,3.0,South Johnton,NV,Timor-Leste,2.0,1,Bajo,1
31,Male,Bachelor's,Divorced,79720.0,786.0,31680.0,Home,Employed,13,Fair,0.5387516681921353,227798.0,2.0,Rossbury,MH,Lesotho,3.0,1,Alto,0
69,Male,Master's,Widowed,21942.0,762.0,30550.0,Personal,Unemployed,3,Poor,0.5308324846630029,180992.0,1.0,Stewartside,VI,Uzbekistan,4.0,2,Alto,0
39,Male,High School,Single,87806.0,622.0,13438.0,Business,Unemployed,15,Poor,0.1368282193489819,250655.0,3.0,Bernardfort,IL,Luxembourg,3.0,0,Alto,0
57,Non-binary,Bachelor's,Widowed,113513.0,642.0,22797.0,Personal,Employed,6,Good,0.18397383920434499,285316.0,1.0,South Brian,MH,Reunion,3.0,0,Alto,0
56,Non-binary,Bachelor's,Widowed,101298.0,705.0,48645.0,Business,Employed,6,Good,0.4160648016370989,160944.0,4.0,South Peterfort,OK,Reunion,0.0,2,Bajo,1
51,Female,Bachelor's,Widowed,37603.0,772.0,19478.0,Auto,Employed,8,Poor,0.18581834730136929,236320.0,4.0,South Kenneth,NH,Guadeloupe,1.0,1,Alto,0
25,Female,Master's,Divorced,30219.0,793.0,19412.0,Auto,Self-employed,11,Poor,0.30438666106587275,145221.0,2.0,East Dakotatown,LA,Tonga,4.0,2,Alto,0
62,Male,Bachelor's,Married,102694.0,741.0,13421.0,Business,Unemployed,11,Good,0.11472560015266661,172032.0,1.0,Lake Amymouth,KY,Saint Pierre and Miquelon,3.0,0,Alto,0
45,Female,PhD,Single,21460.0,753.0,29571.0,Auto,Unemployed,11,Good,0.2625081957943265,253123.0,2.0,North Margaretburgh,OK,Central African Republic,1.0,0,Alto,0
30,Non-binary,PhD,Single,73095.0,743.0,29140.0,Home,Self-employed,6,Good,0.10103921840364441,133587.0,0.0,South Meganborough,TX,Lao People's Democratic Republic,2.0,0,Bajo,1
63,Female,Master's,Single,101785.0,675.0,37836.0,Auto,Employed,13,Good,0.10385461297221363,49592.0,3.0,West Jason,CA,Congo,2.0,2,Medio,2
19,Female,Master's,Single,69616.0,743.0,5258.0,Auto,Employed,14,Fair,0.5921969790356645,140259.0,0.0,North Lindsayhaven,IL,Japan,2.0,1,Bajo,1
50,Male,Bachelor's,Single,79430.0,788.0,45703.0,Home,Self-employed,10,Excellent,0.17721643853136318,187198.0,3.0,Scottshire,ID,Turkey,3.0,1,Alto,0
69,Female,PhD,Single,114240.0,742.0,14747.0,Business,Unemployed,9,Good,0.5017760151494256,233742.0,4.0,Port William,SC,India,1.0,0,Bajo,1
54,Non-binary,Master's,Married,36746.0,690.0,48927.0,Home,Unemployed,10,Fair,0.46141179659885156,276946.0,4.0,East Michaelside,MN,Saint Helena,2.0,0,Alto,0
60,Non-binary,PhD,Married,81388.0,622.0,42876.0,Business,Self-employed,14,Fair,0.1317234806128124,111799.0,4.0,Ramirezside,WV,Guam,3.0,0,Alto,0
50,Female,PhD,Married,54890.0,740.0,5827.0,Home,Unemployed,4,Fair,0.42864930165214477,252914.0,3.0,Harrisontown,PA,Lesotho,2.0,2,Bajo,1
46,Non-binary,PhD,Divorced,86141.0,755.0,25914.0,Personal,Self-employed,6,Fair,0.109355233582102,24358.0,1.0,Terranceton,NJ,Mozambique,1.0,2,Bajo,1
33,Male,High School,Widowed,41788.0,723.0,47440.0,Auto,Employed,14,Poor,0.17445204590996474,50781.0,2.0,Cooperton,CA,Trinidad and Tobago,1.0,1,Bajo,1
29,Male,PhD,Married,114835.0,607.0,49051.0,Business,Self-employed,18,Poor,0.2539957557493203,65904.0,4.0,Brownville,MI,Austria,0.0,0,Medio,2
62,Non-binary,High School,Widowed,78535.0,671.0,30089.0,Business,Employed,10,Poor,0.4137565232877245,250340.0,3.0,Danielstad,LA,Serbia,4.0,1,Alto,0
42,Non-binary,Bachelor's,Divorced,95614.0,721.0,48435.0,Business,Unemployed,0,Good,0.43966375879623376,163223.0,4.0,West Amy,DC,Romania,1.0,1,Bajo,1
63,Male,Master's,Married,116550.0,637.0,26266.0,Personal,Self-employed,15,Good,0.41377420898034334,53669.0,3.0,West Brian,NJ,Cambodia,3.0,1,Alto,0
38,Non-binary,PhD,Widowed,93667.0,734.0,46700.0,Auto,Unemployed,13,Good,0.3658222882168509,50100.0,3.0,Maryfurt,CA,Marshall Islands,3.0,1,Alto,0
33,Male,High School,Married,23934.0,610.0,23083.0,Business,Employed,7,Fair,0.30193036301062226,228926.0,2.0,North Troystad,DE,Switzerland,4.0,2,Alto,0
39,Non-binary,High School,Widowed,43849.0,606.0,42329.0,Home,Employed,11,Fair,0.2422649966957536,80095.0,4.0,East Elizabeth,KY,Gambia,2.0,0,Medio,2
30,Female,Master's,Single,45650.0,635.0,40588.0,Business,Employed,13,Fair,0.22120195506364118,102365.0,2.0,Ortizfort,KY,Saint Kitts and Nevis,3.0,1,Alto,0
39,Female,Bachelor's,Widowed,103324.0,651.0,36782.0,Business,Self-employed,6,Poor,0.5848624952822079,100659.0,4.0,Elijahchester,HI,Sierra Leone,3.0,2,Alto,0
26,Non-binary,Bachelor's,Widowed,89549.0,777.0,39465.0,Auto,Self-employed,1,Fair,0.1448431017938522,248344.0,3.0,Sanchezstad,OH,Montenegro,3.0,1,Alto,0
21,Non-binary,High School,Married,52161.0,609.0,44806.0,Business,Employed,17,Fair,0.3831502334409522,175584.0,0.0,Lake Joshuaberg,NE,Iran,1.0,2,Medio,2
52,Male,Master's,Divorced,36148.0,632.0,48241.0,Personal,Employed,0,Good,0.5478203803955629,210792.0,4.0,Wheelerfurt,MA,Ecuador,0.0,0,Alto,0
54,Female,High School,Divorced,40760.0,654.0,45642.0,Personal,Unemployed,15,Good,0.31494320920708463,25833.0,2.0,Beanburgh,WY,United States Virgin Islands,3.0,2,Alto,0
44,Female,PhD,Divorced,76963.0,750.0,24605.0,Auto,Employed,11,Poor,0.3612345035591703,153802.0,0.0,Burtonville,NY,Egypt,0.0,1,Bajo,1
46,Non-binary,Bachelor's,Divorced,76195.0,604.0,41228.0,Business,Employed,8,Good,0.5310454654782328,238096.0,0.0,Scottmouth,SC,Malta,1.0,1,Medio,2
60,Female,Master's,Married,70099.0,747.0,32497.0,Home,Employed,19,Excellent,0.5557732168231101,297603.0,2.0,Turnerbury,MH,Slovenia,0.0,0,Bajo,1
42,Non-binary,PhD,Married,32427.0,722.0,18046.0,Personal,Unemployed,2,Excellent,0.5837908034412058,76643.0,4.0,Jonesshire,VT,Guadeloupe,1.0,0,Alto,0
67,Female,Bachelor's,Widowed,32121.0,677.0,11902.0,Home,Unemployed,6,Poor,0.38183130510310626,191393.0,3.0,East Melissa,VI,Aruba,2.0,0,Alto,0
54,Female,High School,Widowed,98764.0,674.0,17929.0,Auto,Self-employed,0,Poor,0.12741483530693118,298502.0,0.0,Nicholeborough,WV,Fiji,4.0,2,Alto,0
65,Male,PhD,Single,107457.0,775.0,49758.0,Business,Employed,17,Fair,0.5504575972647748,211726.0,1.0,Port Paulabury,AL,Algeria,4.0,0,Alto,0
33,Female,Master's,Widowed,30108.0,774.0,5514.0,Home,Self-employed,13,Fair,0.24567643012825283,135934.0,1.0,Lake Ann,TN,Romania,1.0,2,Alto,0
60,Male,High School,Divorced,59612.0,610.0,27575.0,Home,Employed,8,Excellent,0.4865833536654377,180041.0,1.0,Bethton,UT,British Virgin Islands,4.0,1,Alto,0
23,Non-binary,PhD,Widowed,87787.0,713.0,23484.0,Personal,Self-employed,4,Fair,0.5274661822051199,123583.0,3.0,Lynchland,PR,Burundi,1.0,2,Bajo,1
30,Non-binary,Bachelor's,Widowed,97222.0,691.0,7418.0,Business,Employed,2,Fair,0.46030239191191447,53441.0,3.0,Shelleyton,CT,Singapore,1.0,0,Bajo,1
40,Non-binary,Master's,Widowed,91602.0,659.0,11897.0,Auto,Self-employed,16,Poor,0.10107942037491999,99772.0,4.0,Ravenshire,IA,Barbados,2.0,0,Medio,2
65,Male,High School,Widowed,63200.0,757.0,41636.0,Auto,Self-employed,2,Poor,0.4011395659076932,85954.0,1.0,New Deannachester,DE,Australia,3.0,0,Alto,0
43,Female,High School,Divorced,95604.0,766.0,46237.0,Personal,Self-employed,7,Fair,0.22810686306686553,199716.0,4.0,Brentshire,DE,Kuwait,3.0,1,Alto,0
56,Male,Bachelor's,Single,54961.0,624.0,13330.0,Business,Self-employed,7,Fair,0.4498115386171986,132168.0,3.0,Bradfordville,MO,Suriname,3.0,0,Alto,0
27,Non-binary,High School,Single,21265.0,642.0,10921.0,Business,Employed,7,Good,0.5408284764748057,146766.0,0.0,New Robertborough,OH,Turks and Caicos Islands,1.0,0,Alto,0
36,Male,PhD,Widowed,81585.0,679.0,46528.0,Personal,Unemployed,0,Excellent,0.2776838553836881,95567.0,2.0,Port Scottmouth,MT,India,4.0,1,Alto,0
56,Non-binary,Master's,Widowed,25778.0,773.0,30409.0,Personal,Self-employed,6,Poor,0.41644963132277657,194156.0,0.0,West Timothybury,VI,Malaysia,1.0,1,Alto,0
32,Female,Bachelor's,Divorced,106826.0,668.0,24754.0,Auto,Self-employed,17,Good,0.5406424061884142,287209.0,1.0,North Lesliehaven,FL,Kyrgyz Republic,1.0,2,Medio,2
35,Female,Bachelor's,Widowed,31160.0,634.0,47147.0,Personal,Unemployed,5,Poor,0.44022724507613675,93502.0,4.0,Marychester,MA,Cameroon,2.0,1,Alto,0
47,Non-binary,PhD,Widowed,47201.0,652.0,16609.0,Personal,Self-employed,15,Fair,0.42576559596134345,198733.0,3.0,Port Josephton,NH,Dominican Republic,4.0,1,Alto,0
19,Non-binary,Master's,Widowed,31170.0,729.0,18632.0,Auto,Unemployed,14,Fair,0.5906766250245086,221662.0,4.0,Williamsview,IA,Saint Lucia,0.0,1,Alto,0
50,Male,Master's,Married,29597.0,696.0,37711.0,Auto,Self-employed,2,Fair,0.39734438336749234,212897.0,3.0,East Anthonyville,NY,Israel,3.0,2,Alto,0
47,Non-binary,Bachelor's,Married,110710.0,726.0,40870.0,Personal,Unemployed,16,Poor,0.1416717790582465,249171.0,1.0,Loweryfort,SD,Lesotho,3.0,0,Alto,0
35,Female,Bachelor's,Married,23328.0,716.0,10184.0,Auto,Self-employed,1,Fair,0.28090157805133587,95115.0,1.0,East Michaelshire,WV,Christmas Island,2.0,1,Alto,0
36,Male,Master's,Married,108087.0,714.0,20775.0,Business,Unemployed,14,Excellent,0.20033304346561584,261749.0,2.0,South Emmabury,AS,Burundi,3.0,0,Alto,0
33,Non-binary,High School,Single,44996.0,738.0,5442.0,Business,Self-employed,16,Poor,0.4330154324429998,44497.0,3.0,East Jasminside,NV,Mexico,2.0,1,Bajo,1
63,Female,Master's,Married,46639.0,679.0,15687.0,Auto,Unemployed,11,Excellent,0.37742892897211044,49134.0,0.0,Stephenmouth,OR,Italy,2.0,0,Medio,2
55,Male,Master's,Married,76152.0,746.0,17372.0,Home,Self-employed,10,Good,0.19214553395579345,175519.0,2.0,Heatherview,CA,Estonia,0.0,0,Bajo,1
35,Male,Master's,Single,104482.0,689.0,32009.0,Auto,Employed,17,Poor,0.17728797368938168,133845.0,0.0,South Christophermouth,NJ,Mayotte,2.0,2,Bajo,1
22,Male,PhD,Single,56507.0,616.0,15709.0,Auto,Employed,9,Excellent,0.44593933617200676,182862.0,3.0,New Samuelmouth,TX,Belgium,1.0,2,Medio,2
58,Non-binary,Master's,Single,38715.0,616.0,36602.0,Home,Unemployed,9,Fair,0.3948984414289993,280173.0,4.0,West Lynn,MT,Mexico,2.0,2,Alto,0
59,Non-binary,High School,Widowed,23784.0,734.0,21784.0,Personal,Employed,15,Good,0.4010021666497383,121736.0,4.0,Greenside,WA,Central African Republic,1.0,1,Alto,0
65,Female,Bachelor's,Single,68351.0,699.0,44230.0,Auto,Employed,18,Excellent,0.16232898432839446,120917.0,0.0,Turnerside,FM,Angola,0.0,1,Bajo,1
51,Non-binary,PhD,Single,72620.0,685.0,28467.0,Business,Unemployed,1,Good,0.374714874629952,181932.0,4.0,New Andrewview,ID,Martinique,1.0,1,Bajo,1
37,Female,High School,Widowed,39014.0,680.0,24157.0,Auto,Employed,18,Poor,0.39344638114117114,145216.0,2.0,Port Peterville,ME,Holy See (Vatican City State),0.0,2,Alto,0
66,Non-binary,Bachelor's,Widowed,55059.0,689.0,49733.0,Home,Unemployed,12,Poor,0.5431232853552765,102798.0,2.0,Elizabethfort,DE,Uganda,1.0,2,Bajo,1
65,Non-binary,PhD,Divorced,55777.0,783.0,39855.0,Personal,Self-employed,13,Fair,0.41628201551834554,191109.0,1.0,Nicholasberg,IN,Morocco,1.0,0,Bajo,1
51,Female,Master's,Widowed,35577.0,688.0,40049.0,Personal,Unemployed,5,Poor,0.3942103811341343,29717.0,2.0,New Shirleyburgh,VI,Lebanon,4.0,2,Alto,0
40,Non-binary,Master's,Married,76908.0,692.0,43211.0,Auto,Unemployed,9,Good,0.4419091849937331,276380.0,0.0,Port Julie,ME,Burundi,3.0,1,Alto,0
24,Non-binary,Bachelor's,Widowed,107636.0,647.0,29516.0,Home,Unemployed,8,Excellent,0.25820455466511083,267368.0,3.0,Haydenmouth,SD,Palestinian Territory,4.0,1,Alto,0
47,Non-binary,Bachelor's,Widowed,88225.0,698.0,5308.0,Personal,Unemployed,4,Poor,0.48236372675055916,299886.0,0.0,Nicolebury,NH,Jordan,3.0,1,Alto,0
54,Female,High School,Divorced,53427.0,742.0,45897.0,Auto,Self-employed,16,Fair,0.3814024457512999,136504.0,3.0,North Gary,AR,Sudan,1.0,0,Bajo,1
34,Non-binary,Bachelor's,Widowed,95079.0,794.0,48210.0,Personal,Unemployed,17,Poor,0.49943490887977404,58602.0,2.0,Mossside,DE,Guinea,1.0,0,Bajo,1
68,Male,Master's,Widowed,64415.0,675.0,42448.0,Home,Unemployed,15,Poor,0.5773409918893065,166836.0,1.0,North Melissa,WV,Antarctica (the territory South of 60 deg S),2.0,2,Medio,2
19,Female,Bachelor's,Married,82150.0,636.0,15427.0,Home,Unemployed,19,Fair,0.5987630136414993,288863.0,0.0,Lake Carol,FM,Gambia,2.0,0,Medio,2
42,Female,PhD,Widowed,115484.0,728.0,30956.0,Personal,Self-employed,12,Excellent,0.39657088251510564,180666.0,4.0,Donnabury,AZ,Bhutan,2.0,0,Bajo,1
37,Non-binary,PhD,Divorced,33890.0,652.0,49617.0,Personal,Employed,8,Good,0.30100816820509113,271452.0,0.0,East Adamborough,PA,Honduras,1.0,1,Alto,0
41,Non-binary,Master's,Single,84274.0,743.0,6381.0,Home,Employed,18,Poor,0.1039668710489863,251976.0,3.0,Ryanstad,KY,Austria,4.0,2,Alto,0
27,Female,High School,Single,22251.0,758.0,40162.0,Business,Unemployed,3,Excellent,0.4309709849087595,69547.0,0.0,South Robertmouth,HI,United Arab Emirates,3.0,2,Alto,0
28,Female,Master's,Widowed,50255.0,789.0,29281.0,Business,Employed,16,Poor,0.21710972024299538,46695.0,2.0,East Larry,PA,French Southern Territories,2.0,2,Bajo,1
50,Female,Bachelor's,Single,47050.0,666.0,32980.0,Home,Employed,18,Fair,0.35297927500783965,153405.0,0.0,West Leemouth,AZ,Kenya,2.0,0,Medio,2
34,Female,PhD,Widowed,20238.0,602.0,41409.0,Business,Self-employed,15,Fair,0.19356994035283223,281938.0,2.0,Colemouth,HI,San Marino,1.0,1,Alto,0
54,Non-binary,Master's,Married,25474.0,758.0,48905.0,Home,Unemployed,15,Excellent,0.22311729573408282,165600.0,2.0,Kellymouth,HI,El Salvador,2.0,2,Alto,0
33,Male,High School,Married,25972.0,626.0,8983.0,Auto,Self-employed,0,Good,0.5061512734214765,132115.0,2.0,West Travis,LA,Liberia,2.0,0,Alto,0
42,Male,PhD,Single,40577.0,719.0,33279.0,Auto,Unemployed,5,Poor,0.1472665265633283,190264.0,4.0,Rojaschester,HI,Saint Barthelemy,0.0,2,Bajo,1
32,Non-binary,Bachelor's,Widowed,27121.0,730.0,10407.0,Home,Employed,9,Poor,0.3567319856315111,211149.0,4.0,Garyland,OR,Switzerland,1.0,1,Alto,0
20,Male,PhD,Widowed,86297.0,646.0,40125.0,Business,Self-employed,16,Excellent,0.5770898632602012,118394.0,3.0,Johnshire,FM,Lithuania,1.0,2,Medio,2
62,Male,Bachelor's,Widowed,71925.0,785.0,47401.0,Home,Unemployed,4,Excellent,0.25442895910043306,154928.0,1.0,Martinezmouth,VI,Canada,1.0,0,Bajo,1
55,Male,High School,Widowed,74306.0,781.0,20611.0,Auto,Employed,0,Excellent,0.18370135565474313,266944.0,1.0,West Tanyaport,ID,Syrian Arab Republic,0.0,2,Bajo,1
65,Female,Master's,Widowed,103766.0,671.0,18382.0,Home,Self-employed,8,Excellent,0.26338651187853324,59526.0,4.0,North Jeffreyfurt,MT,Chile,2.0,0,Medio,2
30,Female,Bachelor's,Widowed,115335.0,787.0,16279.0,Auto,Unemployed,14,Fair,0.4637308845492655,220939.0,2.0,Sandersstad,GU,Mongolia,3.0,0,Alto,0
39,Female,Bachelor's,Widowed,43694.0,765.0,43086.0,Business,Self-employed,2,Excellent,0.463116733378392,75996.0,1.0,Kevintown,VI,Burkina Faso,1.0,2,Bajo,1
29,Male,High School,Widowed,83444.0,673.0,23711.0,Auto,Employed,15,Good,0.47555087619834535,87179.0,0.0,South Joseph,TX,South Africa,2.0,0,Medio,2
55,Non-binary,Master's,Single,119887.0,788.0,22004.0,Business,Self-employed,15,Excellent,0.35820822397009355,250296.0,2.0,Laurenport,WY,Mexico,2.0,2,Bajo,1
55,Female,PhD,Widowed,31952.0,754.0,28092.0,Personal,Unemployed,17,Fair,0.2984682188762209,56681.0,2.0,Charlotteland,SC,British Indian Ocean Territory (Chagos Archipelago),4.0,2,Alto,0
31,Male,PhD,Divorced,53132.0,771.0,9169.0,Personal,Self-employed,10,Fair,0.23428677758450908,235711.0,4.0,South Carrie,FL,Comoros,3.0,2,Alto,0
66,Female,PhD,Single,78414.0,682.0,45100.0,Home,Unemployed,5,Excellent,0.15137781459358488,196274.0,0.0,Port Kathleen,WI,Venezuela,4.0,2,Alto,0
26,Male,PhD,Married,71205.0,634.0,24826.0,Home,Self-employed,4,Excellent,0.4375378175584005,297951.0,4.0,Port Alejandra,HI,Aruba,4.0,2,Alto,0
66,Female,Master's,Divorced,37424.0,613.0,26067.0,Business,Self-employed,18,Fair,0.2425191088452517,33295.0,2.0,Lake Davidfort,GA,Bouvet Island (Bouvetoya),2.0,2,Alto,0
63,Male,High School,Single,101298.0,687.0,47128.0,Personal,Employed,5,Poor,0.4788934575715057,155006.0,3.0,Perkinsland,VA,Chile,0.0,0,Bajo,1
30,Non-binary,Master's,Divorced,62967.0,707.0,47920.0,Auto,Unemployed,18,Good,0.271135904902411,177269.0,4.0,East Matthewfort,NH,Honduras,0.0,1,Bajo,1
36,Non-binary,PhD,Divorced,113316.0,655.0,5215.0,Business,Self-employed,7,Fair,0.5341249035734215,297156.0,2.0,North Autumnville,WV,Martinique,0.0,0,Medio,2
31,Non-binary,Master's,Married,51174.0,767.0,19429.0,Business,Employed,18,Excellent,0.5505988802115634,63753.0,4.0,Richhaven,MH,Guinea,1.0,2,Bajo,1
21,Female,High School,Married,87388.0,734.0,21872.0,Personal,Employed,15,Fair,0.13236017444839523,124230.0,2.0,Joneschester,GA,Costa Rica,1.0,2,Bajo,1
53,Non-binary,Bachelor's,Single,87114.0,646.0,15547.0,Home,Self-employed,7,Good,0.20974196565501305,153909.0,0.0,Lake Michaelbury,MP,South Africa,2.0,0,Medio,2
60,Female,Master's,Widowed,61353.0,611.0,48460.0,Home,Unemployed,15,Good,0.2939281735948053,122903.0,4.0,Williamsview,VI,Denmark,3.0,2,Alto,0
59,Non-binary,PhD,Single,92681.0,712.0,12739.0,Auto,Self-employed,12,Good,0.500606688059715,129244.0,3.0,West Melissamouth,CO,Jersey,4.0,1,Alto,0
36,Non-binary,Bachelor's,Widowed,52726.0,678.0,17756.0,Home,Self-employed,15,Good,0.17496496107650492,175090.0,3.0,South Kennethtown,AK,Argentina,3.0,2,Alto,0
24,Non-binary,High School,Widowed,50312.0,736.0,40207.0,Home,Self-employed,5,Excellent,0.18404508975838293,39190.0,1.0,Port Randy,OR,Samoa,2.0,0,Bajo,1
18,Female,PhD,Widowed,75871.0,686.0,21257.0,Business,Unemployed,3,Fair,0.4616503844027726,104447.0,3.0,Leehaven,MH,Azerbaijan,2.0,0,Bajo,1
28,Non-binary,High School,Married,69665.0,739.0,21190.0,Home,Unemployed,5,Excellent,0.5946368672594083,24963.0,2.0,Cindyburgh,HI,Honduras,4.0,1,Alto,0
39,Male,PhD,Widowed,91250.0,709.0,9937.0,Business,Unemployed,4,Poor,0.3022383377445802,68879.0,3.0,Reneeburgh,PW,Denmark,0.0,0,Bajo,1
64,Non-binary,Bachelor's,Married,86189.0,765.0,40107.0,Auto,Employed,15,Fair,0.48482283468581766,281216.0,3.0,Chentown,LA,Tunisia,4.0,1,Alto,0
46,Female,Bachelor's,Divorced,112556.0,792.0,8390.0,Auto,Self-employed,6,Fair,0.4625119703092696,260036.0,2.0,Chapmanside,VT,Haiti,4.0,2,Alto,0
43,Male,High School,Single,54136.0,771.0,36757.0,Personal,Unemployed,15,Poor,0.44168459553331096,247651.0,3.0,South Thomas,MA,Trinidad and Tobago,0.0,1,Bajo,1
56,Non-binary,Bachelor's,Widowed,23201.0,639.0,25616.0,Auto,Employed,17,Good,0.27413393884735493,109879.0,4.0,Lake Yvonne,LA,Andorra,3.0,1,Alto,0
63,Female,Master's,Divorced,85326.0,713.0,11520.0,Home,Employed,11,Poor,0.4442402484527198,273674.0,3.0,Annetteville,FL,Algeria,1.0,2,Bajo,1
47,Non-binary,Bachelor's,Married,104217.0,742.0,23919.0,Auto,Employed,19,Good,0.4475177211856015,132413.0,2.0,South John,TX,Lebanon,3.0,0,Alto,0
56,Male,High School,Widowed,46898.0,742.0,6688.0,Auto,Employed,15,Poor,0.31949206530765306,257843.0,1.0,Williamstown,NY,Belize,1.0,1,Bajo,1
48,Male,High School,Widowed,43268.0,798.0,26617.0,Auto,Employed,15,Good,0.46464899316014274,191919.0,2.0,Briggsmouth,SC,Korea,3.0,0,Alto,0
25,Male,PhD,Married,52806.0,737.0,41069.0,Personal,Self-employed,18,Fair,0.385529019278001,33365.0,4.0,Woodsborough,MN,Tuvalu,1.0,0,Bajo,1
20,Non-binary,High School,Widowed,78188.0,746.0,29479.0,Auto,Self-employed,11,Fair,0.3950532649253482,273033.0,1.0,Aliciahaven,MT,United Arab Emirates,2.0,1,Bajo,1
68,Male,Master's,Married,66529.0,659.0,37023.0,Business,Unemployed,11,Excellent,0.46324551664649716,240320.0,0.0,Matthewchester,FL,Azerbaijan,1.0,1,Medio,2
47,Non-binary,PhD,Divorced,104619.0,663.0,23798.0,Auto,Unemployed,16,Good,0.2840763957268816,232903.0,1.0,Allenfort,FM,Ethiopia,2.0,2,Medio,2
45,Female,PhD,Widowed,52556.0,619.0,20421.0,Business,Unemployed,15,Good,0.22684793314004345,295553.0,4.0,East Nathan,MS,Somalia,3.0,0,Alto,0
26,Female,Master's,Single,86345.0,737.0,32436.0,Auto,Self-employed,11,Excellent,0.31468892965134054,234889.0,0.0,Juliaberg,NC,Romania,3.0,1,Alto,0
40,Non-binary,PhD,Divorced,63188.0,676.0,32493.0,Auto,Self-employed,9,Good,0.4409378425165995,62519.0,3.0,Mullenview,NH,Greece,4.0,0,Alto,0
30,Male,Bachelor's,Married,23646.0,668.0,26427.0,Home,Self-employed,6,Excellent,0.5967938253717054,118526.0,2.0,West Raymondchester,OR,Ecuador,4.0,1,Alto,0
56,Female,PhD,Married,73233.0,727.0,11863.0,Business,Employed,17,Good,0.3371694816036277,70138.0,0.0,Lake Maria,MA,Saint Kitts and Nevis,3.0,1,Alto,0
40,Male,Master's,Widowed,112700.0,682.0,20811.0,Business,Self-employed,5,Excellent,0.2713923675535769,65671.0,2.0,Lake Denise,WV,Dominican Republic,4.0,0,Alto,0
21,Non-binary,Master's,Divorced,71087.0,717.0,34911.0,Personal,Unemployed,0,Fair,0.12400201745741699,263621.0,1.0,Lake William,IL,Slovakia (Slovak Republic),2.0,0,Bajo,1
50,Female,High School,Single,37341.0,716.0,48808.0,Business,Employed,7,Excellent,0.5287091557691673,88340.0,3.0,South Michaelberg,WI,Romania,3.0,2,Alto,0
61,Male,High School,Married,33146.0,763.0,31914.0,Auto,Unemployed,11,Poor,0.14914554987379527,102598.0,4.0,Davidfort,ID,Netherlands,4.0,0,Alto,0
39,Female,Bachelor's,Married,53541.0,749.0,19931.0,Business,Self-employed,9,Good,0.5914675675111799,257415.0,4.0,South David,NH,Guernsey,3.0,0,Alto,0
41,Female,Master's,Single,113993.0,649.0,21476.0,Home,Self-employed,1,Poor,0.5617999775714481,112497.0,1.0,New Tyler,IL,Comoros,4.0,2,Alto,0
48,Male,Master's,Divorced,20824.0,751.0,48966.0,Home,Self-employed,2,Good,0.41671822201030906,237789.0,1.0,Port Kevin,MD,Venezuela,3.0,2,Alto,0
27,Non-binary,Bachelor's,Single,101738.0,767.0,34941.0,Auto,Employed,5,Good,0.13358918600092282,231020.0,1.0,East Margaretside,WA,Gambia,4.0,2,Alto,0
40,Male,High School,Widowed,101617.0,724.0,11625.0,Auto,Unemployed,5,Excellent,0.17507514886112227,148086.0,2.0,Amberstad,FM,Italy,4.0,2,Alto,0
27,Non-binary,Bachelor's,Widowed,118415.0,771.0,27815.0,Auto,Self-employed,13,Excellent,0.18621253172158517,72207.0,1.0,Michaeltown,VI,Sao Tome and Principe,4.0,2,Alto,0
66,Male,PhD,Divorced,106483.0,677.0,14127.0,Home,Employed,2,Good,0.10013506117836393,209420.0,2.0,Littlemouth,OR,Russian Federation,1.0,1,Medio,2
26,Male,Master's,Divorced,48080.0,667.0,10208.0,Home,Employed,2,Excellent,0.41370921074034384,206064.0,1.0,South Theresa,CA,Saint Kitts and Nevis,1.0,0,Medio,2
19,Non-binary,PhD,Divorced,114080.0,626.0,18807.0,Auto,Employed,19,Poor,0.20632862837002822,236533.0,1.0,New Alex,RI,Congo,3.0,0,Alto,0
28,Male,PhD,Widowed,50280.0,727.0,34925.0,Home,Self-employed,4,Fair,0.39541057667306634,28148.0,2.0,Hillhaven,AZ,Turkmenistan,0.0,0,Bajo,1
18,Non-binary,PhD,Married,91531.0,743.0,21998.0,Business,Self-employed,14,Excellent,0.47481243499061443,125177.0,4.0,Murphychester,MA,Canada,2.0,0,Bajo,1
28,Male,High School,Married,29684.0,662.0,35015.0,Auto,Employed,2,Good,0.31206895030221726,136144.0,4.0,Kimberlymouth,LA,Belize,2.0,1,Alto,0
44,Female,PhD,Widowed,53521.0,668.0,45031.0,Home,Self-employed,3,Poor,0.44239610164671184,233289.0,0.0,Stevenmouth,MI,Bahamas,1.0,0,Medio,2
24,Non-binary,PhD,Married,75008.0,711.0,26250.0,Home,Self-employed,0,Fair,0.2069723935870789,41526.0,0.0,North Cassidy,WY,Mongolia,4.0,1,Alto,0
31,Non-binary,Master's,Divorced,110574.0,751.0,46845.0,Auto,Self-employed,12,Excellent,0.5768235531014027,187191.0,1.0,Kristieside,TX,Chad,1.0,2,Bajo,1
44,Non-binary,Bachelor's,Divorced,92663.0,683.0,18074.0,Home,Employed,5,Excellent,0.5038816256060104,32276.0,0.0,East Kellyburgh,PR,Brazil,1.0,1,Bajo,1
52,Non-binary,PhD,Married,33764.0,768.0,23769.0,Business,Employed,7,Fair,0.10585272204629989,249408.0,1.0,Butlerfort,FL,Faroe Islands,1.0,1,Alto,0
54,Male,Bachelor's,Married,117972.0,685.0,16528.0,Home,Self-employed,4,Fair,0.5363569680297086,259331.0,1.0,Barryborough,ME,Japan,0.0,2,Bajo,1
61,Non-binary,High School,Widowed,43958.0,710.0,26355.0,Personal,Unemployed,7,Good,0.1746348959785393,235682.0,2.0,Steveton,NJ,Japan,4.0,0,Alto,0
64,Female,PhD,Divorced,48906.0,627.0,7733.0,Home,Employed,15,Fair,0.3655506410220817,73698.0,3.0,Castillohaven,MH,Timor-Leste,2.0,0,Medio,2
29,Non-binary,PhD,Widowed,81049.0,771.0,25387.0,Business,Unemployed,10,Good,0.2822994063668829,201283.0,3.0,Kimberlyton,WI,Tonga,4.0,1,Alto,0
42,Female,High School,Single,96661.0,680.0,22018.0,Auto,Self-employed,15,Good,0.3453557608682468,85541.0,0.0,West Angela,DE,Turkmenistan,0.0,1,Bajo,1
28,Non-binary,PhD,Single,103220.0,658.0,31798.0,Home,Employed,16,Poor,0.19519651801136226,232285.0,1.0,Lake Jon,AS,Palestinian Territory,0.0,1,Medio,2
21,Female,High School,Single,48090.0,721.0,27065.0,Personal,Unemployed,11,Poor,0.3974219616644882,211296.0,2.0,South Kathrynview,FL,Equatorial Guinea,0.0,0,Bajo,1
36,Female,Master's,Married,45041.0,744.0,32764.0,Home,Self-employed,19,Fair,0.3510496842369093,284502.0,0.0,Lake David,MT,Georgia,1.0,1,Bajo,1
53,Male,High School,Single,40703.0,779.0,7816.0,Business,Self-employed,11,Excellent,0.4130841943451765,75004.0,2.0,Kristinstad,GA,Jamaica,2.0,1,Bajo,1
42,Non-binary,PhD,Widowed,111875.0,636.0,40531.0,Personal,Self-employed,16,Good,0.21860750851442165,257561.0,2.0,South Timothy,MT,Barbados,4.0,0,Alto,0
60,Non-binary,PhD,Divorced,44507.0,769.0,45198.0,Home,Employed,8,Poor,0.13497060376989875,186454.0,0.0,Stephensside,MT,United States of America,3.0,0,Alto,0
42,Female,Master's,Single,46571.0,794.0,7325.0,Personal,Unemployed,3,Good,0.5824923060946053,283096.0,3.0,Carsonside,PR,Macao,4.0,1,Alto,0
33,Female,Bachelor's,Married,37868.0,718.0,17251.0,Personal,Unemployed,9,Fair,0.35082036974509767,132941.0,4.0,Cookmouth,CA,Vanuatu,2.0,0,Alto,0
51,Female,PhD,Married,91857.0,783.0,48866.0,Auto,Unemployed,5,Fair,0.3169592075937526,179908.0,0.0,Gainesburgh,VA,New Caledonia,1.0,2,Bajo,1
64,Male,Bachelor's,Married,75134.0,772.0,49438.0,Auto,Unemployed,4,Fair,0.4323041251829789,77748.0,2.0,Port Michaelmouth,MN,Saint Vincent and the Grenadines,2.0,2,Bajo,1
32,Female,PhD,Married,53064.0,774.0,10557.0,Business,Unemployed,3,Fair,0.4424419519084939,111649.0,3.0,Stevenbury,VT,Puerto Rico,2.0,0,Bajo,1
38,Non-binary,High School,Widowed,105982.0,756.0,19774.0,Personal,Self-employed,5,Fair,0.12971326177746803,82648.0,2.0,South Jennifer,MI,Bahrain,4.0,2,Alto,0
43,Male,Master's,Widowed,25493.0,765.0,49219.0,Personal,Self-employed,8,Poor,0.3859025645742269,23098.0,1.0,Lake Johnchester,MS,Malaysia,2.0,1,Alto,0
28,Female,Master's,Widowed,20974.0,797.0,21760.0,Personal,Employed,1,Excellent,0.14705565844471633,283282.0,4.0,Kylehaven,AL,Puerto Rico,1.0,0,Alto,0
30,Non-binary,Master's,Married,46866.0,790.0,15506.0,Home,Self-employed,9,Fair,0.3418613201559205,121064.0,2.0,Scottview,WA,Azerbaijan,3.0,0,Alto,0
51,Female,Bachelor's,Divorced,93511.0,610.0,42268.0,Auto,Unemployed,1,Good,0.5529075280243944,98829.0,2.0,South Michael,MS,British Virgin Islands,4.0,1,Alto,0
25,Female,Bachelor's,Divorced,96688.0,690.0,43396.0,Personal,Self-employed,16,Fair,0.4519564322244731,272496.0,3.0,Larrychester,NV,Hungary,1.0,0,Bajo,1
53,Non-binary,PhD,Divorced,86723.0,799.0,37860.0,Home,Unemployed,14,Excellent,0.49460151059754476,31312.0,0.0,Raymondmouth,AL,Senegal,2.0,2,Bajo,1
42,Non-binary,Bachelor's,Single,44536.0,624.0,40600.0,Auto,Employed,6,Fair,0.13827597913837522,213482.0,0.0,Popeland,ND,Fiji,4.0,2,Alto,0
37,Non-binary,High School,Divorced,21799.0,608.0,31722.0,Business,Unemployed,4,Good,0.24202543998120182,265175.0,2.0,North Nicole,CA,Indonesia,3.0,2,Alto,0
29,Female,Master's,Widowed,21431.0,705.0,36311.0,Personal,Employed,0,Good,0.11400105458843815,213998.0,0.0,Wilsonland,IA,Argentina,0.0,0,Alto,0
58,Female,PhD,Single,21611.0,697.0,34161.0,Business,Unemployed,0,Good,0.3676973228768806,101806.0,1.0,Aprilmouth,SD,British Virgin Islands,2.0,0,Alto,0
38,Non-binary,Master's,Widowed,110875.0,724.0,15581.0,Home,Unemployed,15,Fair,0.39275287767437206,65138.0,0.0,North James,TN,Iran,4.0,0,Alto,0
19,Male,High School,Single,27532.0,601.0,39575.0,Business,Self-employed,8,Excellent,0.16111089742552162,84120.0,1.0,Allenhaven,OR,Holy See (Vatican City State),0.0,1,Alto,0
19,Non-binary,Bachelor's,Married,81743.0,775.0,46030.0,Business,Employed,10,Poor,0.5274414517169009,58352.0,1.0,North Robertborough,MI,Kiribati,4.0,1,Alto,0
58,Non-binary,PhD,Single,67143.0,681.0,12350.0,Personal,Employed,15,Good,0.5237100256339289,228086.0,3.0,Lake Angelaland,ND,Ethiopia,1.0,2,Bajo,1
21,Non-binary,PhD,Married,106173.0,677.0,22982.0,Personal,Employed,13,Excellent,0.5404849443625375,203421.0,4.0,Bryanberg,NY,Samoa,2.0,1,Medio,2
47,Non-binary,Master's,Divorced,43022.0,681.0,31618.0,Auto,Self-employed,15,Excellent,0.33292595992165364,286564.0,1.0,East April,NE,Sao Tome and Principe,4.0,0,Alto,0
53,Female,PhD,Married,51566.0,696.0,18771.0,Personal,Self-employed,18,Excellent,0.14614942085446084,25158.0,0.0,Nelsonville,ME,Brazil,3.0,1,Alto,0
45,Female,Master's,Married,108672.0,738.0,44604.0,Auto,Unemployed,12,Good,0.526652950947635,248565.0,3.0,Karenmouth,AZ,United States Minor Outlying Islands,4.0,0,Alto,0
30,Non-binary,PhD,Widowed,81314.0,796.0,35221.0,Home,Self-employed,3,Fair,0.5794206136374653,237047.0,4.0,Port Whitneytown,NC,Morocco,3.0,0,Alto,0
25,Male,High School,Divorced,54833.0,700.0,45428.0,Home,Employed,3,Poor,0.5595164786119882,179008.0,2.0,West Stacieberg,WA,Svalbard & Jan Mayen Islands,0.0,0,Bajo,1
20,Male,Master's,Divorced,23051.0,696.0,20106.0,Personal,Self-employed,14,Fair,0.29636735394023284,228904.0,3.0,New Joannehaven,WY,Sao Tome and Principe,3.0,1,Alto,0
18,Female,Master's,Single,95525.0,745.0,29598.0,Home,Employed,5,Poor,0.3724098081035607,96711.0,0.0,Jennifermouth,WV,India,1.0,2,Bajo,1
65,Female,Bachelor's,Single,77541.0,610.0,24021.0,Home,Employed,19,Fair,0.33546841802030025,155547.0,3.0,Michelleton,AZ,Belarus,4.0,2,Alto,0
67,Non-binary,Master's,Divorced,90270.0,724.0,49617.0,Personal,Self-employed,12,Fair,0.16902845564560462,277690.0,2.0,Port Mark,NH,Papua New Guinea,1.0,2,Bajo,1
29,Male,PhD,Divorced,92402.0,720.0,11693.0,Home,Unemployed,19,Excellent,0.3152326886499055,70795.0,4.0,Stephanieton,VT,Liechtenstein,0.0,2,Bajo,1
20,Female,High School,Widowed,36685.0,626.0,49554.0,Home,Unemployed,7,Poor,0.22776242305152958,72711.0,1.0,Port Michelleberg,MN,Poland,2.0,0,Alto,0
50,Female,Master's,Divorced,75812.0,661.0,27537.0,Home,Self-employed,1,Fair,0.2812050876044264,150056.0,1.0,Villaside,NH,Japan,1.0,0,Medio,2
27,Non-binary,PhD,Married,23223.0,759.0,40509.0,Personal,Employed,16,Excellent,0.1849822100685882,23555.0,1.0,South Miguel,NC,Lao People's Democratic Republic,2.0,0,Alto,0
57,Male,High School,Single,80482.0,603.0,28792.0,Personal,Unemployed,8,Excellent,0.5382769106571472,216045.0,2.0,Rodriguezfurt,TX,Turkey,4.0,1,Alto,0
25,Female,PhD,Married,64400.0,784.0,44104.0,Personal,Unemployed,10,Good,0.39986386329551316,161553.0,1.0,Elizabethland,MS,Niger,3.0,2,Alto,0
21,Male,Master's,Single,94305.0,679.0,27019.0,Home,Unemployed,13,Good,0.24760097199294587,196829.0,1.0,Brittneyshire,PR,Bouvet Island (Bouvetoya),0.0,2,Medio,2
43,Non-binary,Master's,Single,48756.0,660.0,28084.0,Business,Employed,16,Fair,0.20567319974494322,103651.0,4.0,Lake Michael,NH,Indonesia,2.0,1,Medio,2
54,Female,Bachelor's,Widowed,50365.0,710.0,23711.0,Auto,Unemployed,4,Poor,0.2578268159719712,190636.0,0.0,Johnberg,OK,United States Virgin Islands,0.0,1,Bajo,1
58,Female,Master's,Single,66619.0,758.0,17029.0,Business,Self-employed,0,Excellent,0.5705976386897765,243556.0,4.0,Port Nicholas,WV,Luxembourg,4.0,1,Alto,0
61,Female,Bachelor's,Married,68848.0,605.0,43168.0,Home,Employed,2,Fair,0.5364887254499076,107988.0,2.0,Morristown,MA,Seychelles,1.0,2,Medio,2
69,Female,Master's,Single,96407.0,634.0,47626.0,Personal,Employed,11,Fair,0.2824507430130314,230957.0,3.0,Angelaburgh,RI,Taiwan,3.0,1,Alto,0
51,Non-binary,Master's,Married,88748.0,729.0,30660.0,Personal,Self-employed,3,Good,0.5141670655484406,272319.0,1.0,Matthewberg,NC,Guinea-Bissau,4.0,2,Alto,0
44,Female,PhD,Married,117356.0,609.0,8281.0,Auto,Self-employed,7,Fair,0.3879100114372014,166213.0,4.0,East Thomashaven,OH,Cape Verde,1.0,0,Medio,2
43,Non-binary,PhD,Married,28709.0,718.0,22568.0,Personal,Employed,11,Poor,0.3886599151541157,215894.0,3.0,Lake Taylorland,GA,Cyprus,3.0,2,Alto,0
53,Male,Bachelor's,Widowed,117958.0,674.0,17451.0,Personal,Self-employed,2,Fair,0.1417401691208183,126028.0,3.0,South Jasonborough,KY,Micronesia,3.0,1,Alto,0
20,Female,PhD,Married,67922.0,754.0,44730.0,Auto,Employed,2,Good,0.456619940862826,253811.0,3.0,South Brandon,UT,Equatorial Guinea,4.0,0,Alto,0
56,Male,Bachelor's,Married,83059.0,756.0,42332.0,Home,Employed,16,Fair,0.20781187816460625,153365.0,0.0,South Joseph,IA,Bosnia and Herzegovina,1.0,1,Bajo,1
65,Non-binary,Master's,Single,85322.0,730.0,48402.0,Home,Employed,17,Excellent,0.24115133813242287,87389.0,1.0,New Emily,NY,Burkina Faso,2.0,0,Bajo,1
18,Non-binary,High School,Single,44630.0,676.0,32882.0,Business,Self-employed,9,Fair,0.5112062376557771,74457.0,3.0,Port Brian,SD,United States Virgin Islands,1.0,2,Medio,2
43,Male,Bachelor's,Married,20029.0,717.0,23659.0,Business,Unemployed,13,Poor,0.2877729979811148,292405.0,4.0,North Charlesburgh,NY,Botswana,2.0,0,Alto,0
62,Male,High School,Widowed,29039.0,730.0,25326.0,Auto,Self-employed,7,Poor,0.22027457492580685,256933.0,1.0,Port Ryanport,MO,Equatorial Guinea,0.0,0,Alto,0
65,Non-binary,PhD,Divorced,21927.0,726.0,17859.0,Auto,Employed,19,Excellent,0.20573926757176794,132723.0,0.0,New Megan,NJ,Netherlands Antilles,1.0,0,Alto,0
38,Non-binary,PhD,Widowed,38883.0,757.0,23725.0,Home,Employed,15,Excellent,0.10131696078722904,219793.0,4.0,Millerside,FL,Venezuela,2.0,2,Alto,0
24,Female,Master's,Single,30555.0,674.0,16520.0,Business,Self-employed,5,Good,0.43229340288889306,209206.0,0.0,East Lee,WY,Belgium,1.0,0,Alto,0
32,Male,PhD,Married,67553.0,625.0,41178.0,Auto,Unemployed,2,Fair,0.2907492619775698,185996.0,1.0,Lake Brianmouth,TX,Libyan Arab Jamahiriya,4.0,2,Alto,0
23,Male,PhD,Divorced,83862.0,773.0,28902.0,Auto,Employed,4,Good,0.29511165998957745,157925.0,0.0,Pattersontown,TX,Niger,0.0,2,Bajo,1
18,Non-binary,Master's,Widowed,47955.0,628.0,24193.0,Personal,Employed,11,Excellent,0.3820873600991338,128895.0,4.0,Port Vickie,TN,Ecuador,4.0,0,Alto,0
25,Non-binary,Bachelor's,Married,46710.0,654.0,19583.0,Personal,Employed,11,Good,0.46306062564175077,160768.0,3.0,Kingport,MO,Philippines,1.0,0,Medio,2
45,Female,Bachelor's,Single,99267.0,646.0,16024.0,Personal,Self-employed,4,Good,0.3037686156984706,158440.0,0.0,North Tonya,WY,Reunion,2.0,1,Medio,2
26,Female,High School,Single,101006.0,616.0,7136.0,Personal,Self-employed,11,Good,0.39344298317070436,241380.0,1.0,South Jeffreyberg,MT,Eritrea,3.0,0,Alto,0
43,Female,High School,Divorced,99841.0,698.0,39501.0,Auto,Unemployed,18,Poor,0.5500045320295557,175301.0,0.0,Lucasmouth,PR,Azerbaijan,1.0,1,Bajo,1
30,Male,Bachelor's,Widowed,71119.0,673.0,10850.0,Auto,Self-employed,13,Excellent,0.4902386652856767,147880.0,4.0,New David,KY,Heard Island and McDonald Islands,2.0,1,Medio,2
32,Male,Bachelor's,Divorced,109424.0,603.0,10647.0,Personal,Employed,0,Fair,0.43400837234272427,53003.0,0.0,Port Austin,MH,Cambodia,2.0,2,Medio,2
22,Male,Master's,Married,85827.0,704.0,23449.0,Personal,Self-employed,11,Good,0.2995274105364846,155758.0,0.0,East Matthew,CA,Congo,0.0,1,Bajo,1
43,Male,PhD,Divorced,35231.0,608.0,15822.0,Personal,Self-employed,6,Poor,0.5923132064178435,240898.0,0.0,Ortegashire,MP,Hong Kong,0.0,1,Alto,0
56,Female,High School,Widowed,63386.0,691.0,21403.0,Auto,Employed,18,Poor,0.282692819565489,243749.0,3.0,North Christopher,SC,Western Sahara,0.0,2,Bajo,1
31,Female,Bachelor's,Single,112201.0,642.0,11022.0,Auto,Unemployed,14,Good,0.34164602935440946,299348.0,4.0,Yorkfurt,CA,Bangladesh,4.0,2,Alto,0
18,Non-binary,PhD,Divorced,108016.0,675.0,41460.0,Personal,Employed,4,Poor,0.3925834112265094,21655.0,3.0,North David,MO,Saint Barthelemy,0.0,2,Medio,2
22,Female,PhD,Married,99139.0,608.0,27289.0,Business,Employed,15,Good,0.40441435007679083,258999.0,1.0,East Michaelstad,AK,Tokelau,0.0,0,Medio,2
64,Female,Bachelor's,Widowed,108202.0,790.0,36213.0,Business,Self-employed,12,Poor,0.2521115193159593,271402.0,4.0,Port Brad,CO,Puerto Rico,4.0,1,Alto,0
55,Female,Master's,Married,69986.0,621.0,40896.0,Auto,Unemployed,15,Excellent,0.2834601120527235,238702.0,4.0,Port Ashley,CT,Malaysia,2.0,0,Medio,2
30,Non-binary,Bachelor's,Married,99180.0,657.0,33734.0,Personal,Self-employed,7,Fair,0.1855163231218497,138563.0,4.0,Michaelburgh,GA,Lebanon,0.0,2,Medio,2
65,Female,PhD,Single,82325.0,615.0,44170.0,Business,Employed,4,Good,0.22192100903778247,178684.0,3.0,Johnfort,LA,Singapore,2.0,0,Medio,2
54,Non-binary,PhD,Married,72158.0,620.0,16859.0,Home,Self-employed,4,Poor,0.44897226832750536,227486.0,1.0,Shaneborough,GA,South Georgia and the South Sandwich Islands,2.0,0,Medio,2
35,Male,Bachelor's,Divorced,77300.0,600.0,24411.0,Business,Self-employed,16,Good,0.32891819016569634,151091.0,1.0,Bensonville,NE,Ethiopia,4.0,1,Alto,0
39,Male,PhD,Widowed,73270.0,663.0,49121.0,Home,Employed,11,Fair,0.48267743608654223,142814.0,3.0,Hensonland,MP,Bouvet Island (Bouvetoya),2.0,2,Medio,2
62,Non-binary,Master's,Married,103911.0,645.0,46612.0,Personal,Unemployed,11,Poor,0.5835747084384948,223298.0,0.0,Johnsonbury,UT,Seychelles,4.0,0,Alto,0
55,Male,PhD,Married,116185.0,614.0,28778.0,Home,Employed,6,Fair,0.14363599252094075,269440.0,4.0,Port Richard,AZ,Burkina Faso,2.0,2,Medio,2
27,Female,Master's,Single,72703.0,626.0,18541.0,Home,Unemployed,18,Poor,0.2644808723735297,80191.0,2.0,Marshallville,MI,Antigua and Barbuda,2.0,1,Medio,2
44,Non-binary,Master's,Widowed,108023.0,728.0,32933.0,Personal,Unemployed,0,Fair,0.3013390879685848,298863.0,0.0,Smithborough,SC,Switzerland,0.0,2,Bajo,1
66,Male,Master's,Married,57695.0,789.0,18084.0,Personal,Employed,8,Excellent,0.5423210620224045,162216.0,1.0,Port Williamberg,PR,Congo,4.0,1,Alto,0
68,Non-binary,Master's,Married,74211.0,604.0,12045.0,Auto,Self-employed,6,Fair,0.32601162375784,126845.0,1.0,Tonyamouth,WY,Israel,0.0,1,Medio,2
51,Non-binary,Bachelor's,Widowed,44821.0,734.0,21324.0,Home,Unemployed,15,Good,0.37957967172346485,30558.0,3.0,Robinsonton,MT,Turks and Caicos Islands,4.0,0,Alto,0
66,Non-binary,Master's,Single,76132.0,653.0,38411.0,Business,Unemployed,11,Poor,0.534635301997666,60868.0,1.0,Kevintown,SD,Grenada,4.0,2,Alto,0
19,Non-binary,Bachelor's,Widowed,29638.0,723.0,13897.0,Auto,Employed,18,Poor,0.2727150026509455,87579.0,3.0,North Michelle,KS,Armenia,4.0,1,Alto,0
56,Female,High School,Single,31573.0,604.0,36726.0,Personal,Employed,9,Poor,0.36310217092199215,126785.0,4.0,Reynoldsside,VA,Samoa,4.0,1,Alto,0
57,Male,High School,Single,85121.0,662.0,41170.0,Auto,Unemployed,13,Excellent,0.5284810786769384,282303.0,3.0,Port Bryan,ME,Taiwan,0.0,0,Medio,2
43,Non-binary,High School,Single,27450.0,682.0,21621.0,Home,Employed,10,Poor,0.5871848880694303,253348.0,1.0,Johnsonfurt,VT,Guadeloupe,4.0,2,Alto,0
39,Non-binary,High School,Divorced,115559.0,710.0,26229.0,Personal,Employed,6,Poor,0.25846655638386706,250155.0,2.0,South Karenberg,RI,Thailand,4.0,2,Alto,0
35,Male,Master's,Single,29748.0,700.0,35089.0,Business,Unemployed,10,Fair,0.542925090338833,198579.0,2.0,New Ashleyton,KY,United Arab Emirates,2.0,2,Alto,0
44,Female,Master's,Widowed,53368.0,712.0,19923.0,Personal,Employed,0,Fair,0.46049530846175457,292074.0,2.0,North Charleschester,CO,Lebanon,3.0,1,Alto,0
28,Male,Master's,Divorced,39050.0,636.0,5316.0,Home,Self-employed,18,Poor,0.42020311345422945,183824.0,3.0,North Deborah,LA,Cuba,3.0,0,Alto,0
34,Female,Bachelor's,Widowed,60751.0,615.0,22186.0,Home,Employed,5,Fair,0.19428672447690573,134406.0,3.0,Michaelberg,MA,Malta,2.0,2,Medio,2
62,Male,PhD,Divorced,61394.0,753.0,41949.0,Auto,Unemployed,15,Excellent,0.5953476572682146,123158.0,3.0,East Jason,HI,South Georgia and the South Sandwich Islands,3.0,2,Alto,0
22,Female,High School,Divorced,117125.0,755.0,49088.0,Business,Self-employed,5,Excellent,0.5735552169376577,292327.0,1.0,Laurenberg,AR,Afghanistan,0.0,2,Bajo,1
58,Non-binary,Master's,Single,56201.0,655.0,30465.0,Home,Employed,0,Good,0.2358205857834579,194493.0,4.0,Hernandezton,KY,Nicaragua,4.0,2,Alto,0
28,Non-binary,High School,Married,50267.0,736.0,47386.0,Business,Self-employed,5,Excellent,0.12991889804982223,164533.0,4.0,Heathfurt,IA,Cote d'Ivoire,2.0,1,Bajo,1
69,Male,High School,Single,87957.0,609.0,6412.0,Personal,Self-employed,0,Fair,0.34825019414713043,158832.0,4.0,Tammybury,NE,New Caledonia,4.0,0,Alto,0
25,Female,High School,Widowed,107211.0,757.0,13448.0,Business,Employed,3,Good,0.49332725492973406,146491.0,4.0,Loriberg,ME,Hungary,4.0,1,Alto,0
66,Female,PhD,Divorced,66281.0,631.0,31098.0,Auto,Unemployed,12,Poor,0.33010723126188746,221213.0,2.0,Port Ashleystad,MT,Eritrea,0.0,2,Medio,2
43,Male,Master's,Divorced,111861.0,704.0,11025.0,Auto,Self-employed,4,Poor,0.49224380667533596,239435.0,3.0,Gregville,OH,Tanzania,0.0,0,Bajo,1
38,Female,Bachelor's,Widowed,32685.0,638.0,18065.0,Personal,Self-employed,1,Poor,0.47918385402926733,133403.0,0.0,Patelhaven,MI,Tajikistan,2.0,1,Alto,0
30,Non-binary,Master's,Single,85046.0,754.0,45423.0,Home,Employed,6,Fair,0.5231319390691049,200582.0,3.0,Hendersonborough,TN,Mayotte,1.0,1,Bajo,1
21,Male,High School,Widowed,102948.0,689.0,29618.0,Personal,Unemployed,5,Good,0.4189049922428898,236414.0,4.0,Baileymouth,AK,Gabon,3.0,0,Alto,0
37,Non-binary,Bachelor's,Single,71268.0,757.0,10891.0,Home,Employed,16,Good,0.4002642398556885,197411.0,4.0,Port Barbarahaven,TX,Fiji,4.0,2,Alto,0
34,Female,High School,Married,55546.0,750.0,7624.0,Personal,Self-employed,18,Excellent,0.35801258975559713,47041.0,2.0,New Riley,MI,Albania,0.0,1,Bajo,1
33,Male,Master's,Married,71560.0,617.0,24004.0,Business,Unemployed,8,Good,0.2008620695086026,68440.0,2.0,New Cassandra,MH,Haiti,3.0,1,Alto,0
38,Female,Master's,Single,73219.0,620.0,39092.0,Business,Employed,10,Poor,0.5075552137730915,69709.0,0.0,Staffordshire,GU,French Polynesia,1.0,1,Medio,2
47,Female,Bachelor's,Widowed,43545.0,653.0,6955.0,Home,Employed,15,Excellent,0.5952007840783188,255048.0,1.0,West Christopher,UT,Senegal,1.0,0,Medio,2
26,Female,PhD,Divorced,105683.0,726.0,12375.0,Business,Unemployed,19,Excellent,0.33768122268865775,206386.0,1.0,West Frankfort,CO,Thailand,3.0,1,Alto,0
19,Non-binary,Bachelor's,Widowed,87115.0,648.0,48925.0,Auto,Employed,4,Good,0.42840982369301983,84501.0,1.0,North Robert,NC,Bosnia and Herzegovina,1.0,0,Medio,2
27,Male,High School,Married,109096.0,621.0,40446.0,Auto,Employed,18,Poor,0.20819534095769884,104485.0,0.0,Teresahaven,LA,Suriname,3.0,1,Alto,0
30,Non-binary,Master's,Married,106545.0,779.0,14862.0,Personal,Employed,2,Good,0.3728113352397121,236604.0,2.0,West Anthonyview,NM,Bulgaria,4.0,2,Alto,0
54,Female,High School,Divorced,55169.0,766.0,47949.0,Personal,Employed,11,Good,0.1358983297836788,232975.0,4.0,Cherrychester,GU,Australia,0.0,0,Bajo,1
41,Non-binary,Bachelor's,Divorced,76880.0,766.0,17134.0,Business,Employed,9,Good,0.3417714266532411,151138.0,0.0,East Chad,ID,Moldova,4.0,0,Alto,0
53,Male,Bachelor's,Divorced,118410.0,713.0,5387.0,Personal,Employed,11,Excellent,0.2695357149250517,200843.0,0.0,Brownbury,AK,Paraguay,1.0,2,Bajo,1
68,Female,Master's,Single,80477.0,630.0,17459.0,Personal,Unemployed,6,Good,0.37672886740079536,249023.0,2.0,Wrightbury,NE,Lebanon,0.0,2,Medio,2
35,Female,PhD,Widowed,68505.0,698.0,41469.0,Business,Employed,9,Fair,0.4307533974973403,218693.0,4.0,Hernandezport,MI,Mauritania,1.0,2,Bajo,1
31,Non-binary,Master's,Widowed,85126.0,758.0,47582.0,Business,Self-employed,0,Fair,0.11188212087280378,139127.0,3.0,New Tara,UT,Monaco,3.0,1,Alto,0
39,Non-binary,Master's,Single,69954.0,737.0,45417.0,Business,Unemployed,2,Good,0.2422165884611762,140211.0,2.0,Phillipsville,DC,United States Virgin Islands,1.0,1,Bajo,1
38,Male,Bachelor's,Widowed,106743.0,776.0,13904.0,Home,Employed,15,Poor,0.18119857505318757,223465.0,0.0,Erinburgh,LA,Anguilla,2.0,1,Bajo,1
58,Male,Bachelor's,Married,20111.0,617.0,47649.0,Auto,Self-employed,9,Fair,0.5983953494830264,82631.0,4.0,Matthewville,CA,Aruba,3.0,0,Alto,0
57,Female,Bachelor's,Divorced,37667.0,667.0,6168.0,Home,Unemployed,15,Excellent,0.4617868990637697,258584.0,3.0,Hughesland,ND,United States of America,1.0,0,Alto,0
47,Non-binary,PhD,Widowed,106379.0,643.0,13058.0,Business,Employed,3,Good,0.4466060104145091,281921.0,1.0,Nicholasville,IL,Croatia,0.0,1,Medio,2
55,Male,Master's,Single,83537.0,794.0,49471.0,Auto,Self-employed,3,Excellent,0.4571850650330044,189491.0,1.0,West Krista,CO,Jordan,3.0,1,Alto,0
69,Male,Master's,Divorced,103790.0,606.0,7569.0,Personal,Unemployed,7,Poor,0.44570973728296115,167752.0,0.0,Christieberg,AK,Gabon,2.0,2,Medio,2
20,Non-binary,PhD,Divorced,58886.0,634.0,29467.0,Business,Self-employed,9,Excellent,0.4190134727546766,237500.0,2.0,Howardmouth,DE,Austria,1.0,1,Medio,2
38,Non-binary,PhD,Widowed,116134.0,673.0,38012.0,Business,Unemployed,1,Fair,0.31751873152607446,163283.0,4.0,Hesschester,NE,Tajikistan,0.0,1,Medio,2
55,Non-binary,PhD,Married,85428.0,686.0,46494.0,Auto,Employed,11,Excellent,0.5338952977192933,289350.0,0.0,New Kevin,ND,Barbados,0.0,2,Bajo,1
58,Non-binary,High School,Divorced,79263.0,663.0,35453.0,Home,Self-employed,13,Good,0.3077836356451332,184397.0,1.0,Wesleyberg,MS,Saint Kitts and Nevis,4.0,2,Alto,0
37,Male,Master's,Divorced,102627.0,726.0,5742.0,Home,Self-employed,19,Excellent,0.24337138619237278,127341.0,0.0,Lake Christophermouth,AS,South Africa,0.0,1,Bajo,1
44,Female,Master's,Widowed,20020.0,755.0,25931.0,Home,Unemployed,13,Good,0.11854005135335557,220578.0,3.0,Lopezborough,AS,Latvia,3.0,2,Alto,0
36,Male,Master's,Married,60376.0,717.0,46259.0,Home,Employed,14,Poor,0.12432519599834133,171529.0,3.0,Berryburgh,PR,New Zealand,2.0,2,Bajo,1
45,Non-binary,PhD,Married,62680.0,602.0,27567.0,Personal,Self-employed,17,Excellent,0.10547218065741135,167936.0,2.0,South William,IN,Solomon Islands,3.0,2,Alto,0
51,Female,Master's,Divorced,118376.0,655.0,37116.0,Business,Self-employed,14,Excellent,0.4929809435297481,30255.0,4.0,Lake Matthewmouth,NY,Maldives,3.0,1,Alto,0
49,Female,High School,Divorced,85296.0,763.0,46321.0,Auto,Unemployed,18,Poor,0.4251836245767301,159893.0,3.0,Farmerton,PR,Lao People's Democratic Republic,0.0,0,Bajo,1
64,Male,PhD,Widowed,80887.0,621.0,42590.0,Auto,Self-employed,16,Fair,0.16294471703001448,124775.0,0.0,Lake Lauren,RI,Faroe Islands,2.0,1,Medio,2
61,Male,PhD,Married,27983.0,618.0,14960.0,Auto,Employed,15,Good,0.5986358926072394,98494.0,4.0,Veronicafurt,OR,Grenada,2.0,1,Alto,0
60,Female,High School,Divorced,110568.0,677.0,38622.0,Home,Unemployed,7,Good,0.10234292703922268,193024.0,4.0,Port Deborahton,AR,Bouvet Island (Bouvetoya),0.0,1,Medio,2
47,Non-binary,PhD,Single,41383.0,716.0,24634.0,Home,Self-employed,4,Good,0.39562552766438275,261407.0,0.0,Lake Diana,LA,Botswana,3.0,1,Alto,0
51,Female,Master's,Divorced,95756.0,779.0,5418.0,Personal,Unemployed,14,Fair,0.10482609964692682,231321.0,1.0,Port Jennifer,TX,Christmas Island,2.0,0,Bajo,1
31,Female,Master's,Single,102895.0,626.0,12628.0,Personal,Unemployed,6,Excellent,0.11749403254035548,138061.0,0.0,Kennethberg,UT,Saint Kitts and Nevis,1.0,0,Medio,2
66,Non-binary,Master's,Married,42796.0,643.0,45372.0,Home,Unemployed,8,Poor,0.39850737535093017,106770.0,2.0,West Aprilbury,RI,Svalbard & Jan Mayen Islands,0.0,2,Medio,2
43,Male,Master's,Divorced,43908.0,663.0,7342.0,Auto,Unemployed,15,Excellent,0.20152361309272257,129290.0,1.0,Rodriguezchester,AL,Pitcairn Islands,3.0,1,Alto,0
39,Female,PhD,Divorced,99781.0,605.0,13283.0,Business,Employed,1,Poor,0.26822311488633865,49282.0,2.0,Newtonchester,SC,Mauritius,4.0,0,Alto,0
28,Male,High School,Married,113278.0,708.0,17209.0,Auto,Unemployed,7,Good,0.43751035950014316,232664.0,2.0,Sandramouth,DC,Heard Island and McDonald Islands,0.0,0,Bajo,1
49,Male,PhD,Divorced,35015.0,610.0,30112.0,Personal,Employed,8,Poor,0.5565678018584284,176368.0,2.0,Lake Jamesside,NM,Suriname,4.0,1,Alto,0
65,Female,PhD,Married,41078.0,693.0,22054.0,Auto,Employed,3,Fair,0.5135447743871494,268179.0,0.0,Kennedyfurt,NY,United Kingdom,1.0,2,Bajo,1
60,Male,High School,Widowed,84372.0,781.0,40873.0,Personal,Unemployed,17,Excellent,0.5879503585213007,20594.0,3.0,North Glenton,MO,Tajikistan,3.0,1,Alto,0
63,Male,Master's,Single,63426.0,607.0,41194.0,Auto,Self-employed,18,Poor,0.23755558154958692,127986.0,4.0,Michaelview,FL,Cyprus,0.0,1,Medio,2
33,Female,PhD,Married,74104.0,679.0,34852.0,Auto,Employed,3,Good,0.36597120516226345,99815.0,1.0,North Brittany,FM,Uganda,0.0,0,Medio,2
41,Female,Bachelor's,Single,23526.0,668.0,44164.0,Business,Unemployed,16,Poor,0.5075851765927716,104242.0,3.0,Wellsland,GA,Portugal,3.0,2,Alto,0
19,Non-binary,Master's,Married,39215.0,791.0,48064.0,Personal,Employed,2,Fair,0.1529696409134029,22330.0,3.0,Powellmouth,OK,Cayman Islands,0.0,1,Alto,0
49,Non-binary,Master's,Widowed,96521.0,685.0,35748.0,Personal,Employed,3,Excellent,0.5185506833151248,251390.0,3.0,Dariusfurt,NC,Brunei Darussalam,3.0,2,Alto,0
23,Non-binary,High School,Divorced,101451.0,697.0,12183.0,Auto,Self-employed,4,Good,0.40527305710375816,180520.0,0.0,Josephview,UT,Somalia,0.0,2,Bajo,1
65,Male,PhD,Divorced,67719.0,773.0,5977.0,Business,Employed,11,Fair,0.2533459949571921,131562.0,1.0,East Larrychester,MH,Bolivia,2.0,0,Bajo,1
33,Non-binary,High School,Single,96830.0,651.0,44342.0,Personal,Self-employed,13,Good,0.36091173255949227,249934.0,2.0,Tylerstad,NY,Solomon Islands,2.0,2,Medio,2
64,Female,PhD,Married,44104.0,777.0,27478.0,Auto,Self-employed,11,Excellent,0.23046418456233433,245991.0,3.0,Christopherville,AL,Togo,1.0,2,Bajo,1
61,Male,High School,Divorced,50869.0,780.0,29214.0,Home,Employed,9,Fair,0.1438095857365049,59883.0,3.0,Jonesborough,MO,Niue,3.0,1,Alto,0
26,Female,High School,Married,37421.0,608.0,42860.0,Business,Employed,15,Fair,0.11072088481273176,38803.0,2.0,Matthewfort,CA,Angola,0.0,1,Alto,0
28,Female,Master's,Divorced,47608.0,687.0,11553.0,Home,Unemployed,11,Excellent,0.16180702580603465,43377.0,0.0,Brewerbury,AR,Mali,0.0,0,Bajo,1
69,Female,PhD,Divorced,56317.0,799.0,8907.0,Personal,Unemployed,11,Good,0.4400793205202195,186194.0,2.0,East Brendaville,MO,Yemen,4.0,2,Alto,0
66,Non-binary,High School,Widowed,80361.0,738.0,39262.0,Home,Self-employed,12,Excellent,0.39455595233167073,49342.0,1.0,Floresland,WY,Wallis and Futuna,4.0,0,Alto,0
60,Non-binary,Master's,Married,100399.0,757.0,5017.0,Personal,Unemployed,3,Good,0.28295219494688684,45250.0,3.0,North Luis,OH,Zimbabwe,1.0,0,Bajo,1
68,Male,Bachelor's,Married,57165.0,642.0,8590.0,Personal,Employed,6,Poor,0.12487341120077458,172425.0,3.0,Lopezville,CO,Georgia,0.0,1,Medio,2
43,Male,Bachelor's,Widowed,107409.0,775.0,23803.0,Business,Employed,11,Excellent,0.39142707221008144,238514.0,4.0,West Jimmyborough,VT,Indonesia,2.0,1,Bajo,1
54,Female,Master's,Single,92008.0,778.0,48190.0,Home,Unemployed,11,Poor,0.5804732691493286,221743.0,3.0,East Dawnshire,PA,Monaco,2.0,2,Bajo,1
48,Male,Master's,Single,40270.0,603.0,29527.0,Auto,Self-employed,16,Excellent,0.45847139516319624,272617.0,4.0,Migueltown,VT,United States Minor Outlying Islands,4.0,0,Alto,0
27,Male,High School,Widowed,114325.0,612.0,17370.0,Auto,Self-employed,9,Fair,0.10149393471233772,297543.0,3.0,New Amber,MS,Armenia,2.0,0,Medio,2
65,Non-binary,High School,Single,46835.0,709.0,6939.0,Personal,Unemployed,15,Excellent,0.5839475505326628,23502.0,0.0,Ebonyview,CO,Haiti,2.0,1,Bajo,1
65,Non-binary,Master's,Widowed,87719.0,753.0,6892.0,Auto,Employed,0,Fair,0.2118485528801826,285071.0,2.0,Danielleberg,KY,Pitcairn Islands,2.0,1,Bajo,1
67,Female,Master's,Widowed,109937.0,673.0,8204.0,Business,Self-employed,4,Fair,0.5760075226255426,92562.0,2.0,Gutierrezville,MA,Costa Rica,1.0,0,Medio,2
20,Female,Master's,Widowed,108627.0,777.0,28457.0,Auto,Self-employed,8,Good,0.2529258514750121,34990.0,0.0,Emilyberg,DC,Sri Lanka,4.0,1,Alto,0
58,Non-binary,PhD,Divorced,71661.0,602.0,37393.0,Home,Unemployed,12,Excellent,0.36247542115123366,211082.0,4.0,Lake Kurt,SC,Morocco,4.0,0,Alto,0
27,Male,Master's,Divorced,89939.0,721.0,19659.0,Personal,Employed,14,Good,0.3799616501193802,158764.0,1.0,Port Kimberlyburgh,DC,Falkland Islands (Malvinas),2.0,0,Bajo,1
61,Non-binary,Master's,Divorced,75186.0,770.0,36063.0,Auto,Unemployed,3,Poor,0.4751255649763668,85272.0,4.0,Lake Andrew,NC,Madagascar,2.0,1,Bajo,1
56,Non-binary,Master's,Widowed,53124.0,626.0,14733.0,Business,Self-employed,1,Fair,0.45407255119392487,287931.0,1.0,Lake Danielle,NY,Senegal,0.0,2,Medio,2
22,Non-binary,Master's,Divorced,54421.0,720.0,17870.0,Home,Self-employed,5,Good,0.2061025731035672,281381.0,0.0,Josephborough,MD,Latvia,2.0,1,Bajo,1
29,Non-binary,Bachelor's,Married,77103.0,748.0,42462.0,Home,Unemployed,11,Fair,0.5916587097542768,133521.0,3.0,Wolfeberg,TN,Norfolk Island,1.0,0,Bajo,1
47,Male,High School,Divorced,54889.0,752.0,27313.0,Personal,Self-employed,16,Poor,0.5214101940888826,69899.0,3.0,New Natashaberg,MI,Trinidad and Tobago,0.0,0,Bajo,1
19,Male,Master's,Married,25620.0,685.0,41211.0,Auto,Employed,9,Fair,0.46532219376847717,59459.0,2.0,West Wayne,VI,Bahamas,3.0,0,Alto,0
21,Non-binary,PhD,Widowed,39405.0,722.0,37964.0,Auto,Self-employed,14,Excellent,0.3858338547188682,93964.0,3.0,Lake Randytown,VA,Christmas Island,1.0,1,Alto,0
64,Non-binary,Master's,Single,76915.0,766.0,32739.0,Home,Employed,8,Excellent,0.2565370518600588,286498.0,0.0,Livingstonton,NV,Ghana,0.0,1,Bajo,1
46,Male,PhD,Married,90886.0,604.0,40507.0,Home,Unemployed,15,Poor,0.19115013329456146,43156.0,2.0,Laurabury,MP,Congo,0.0,0,Medio,2
64,Non-binary,Bachelor's,Divorced,94525.0,650.0,20138.0,Auto,Unemployed,14,Fair,0.4923424817972959,55796.0,1.0,South Erica,MI,Dominica,2.0,0,Medio,2
44,Female,Master's,Widowed,20045.0,723.0,11098.0,Home,Employed,18,Poor,0.3824346879463847,178415.0,2.0,Lake Michelle,GA,Sao Tome and Principe,0.0,2,Alto,0
29,Female,High School,Married,106717.0,628.0,9910.0,Home,Self-employed,6,Fair,0.5968676485063457,241197.0,1.0,Tracymouth,VA,Russian Federation,1.0,2,Medio,2
66,Female,Bachelor's,Widowed,118893.0,744.0,29918.0,Personal,Unemployed,4,Poor,0.18185927152557693,90229.0,3.0,South Georgefort,VI,Kyrgyz Republic,3.0,0,Alto,0
38,Male,Bachelor's,Married,113699.0,721.0,32170.0,Home,Self-employed,18,Good,0.2386174660808734,264662.0,3.0,North Jeanetteburgh,NH,Burundi,4.0,2,Alto,0
68,Female,Master's,Divorced,37600.0,610.0,12597.0,Auto,Unemployed,2,Poor,0.14807062825539988,149874.0,4.0,Brownhaven,NV,Central African Republic,1.0,1,Alto,0
29,Female,Bachelor's,Widowed,74182.0,634.0,6026.0,Personal,Self-employed,12,Good,0.16789993787982668,174985.0,2.0,West Pamelaland,SC,Vanuatu,2.0,1,Medio,2
27,Male,High School,Divorced,103345.0,747.0,49376.0,Home,Self-employed,15,Poor,0.44434135734808977,147553.0,2.0,East Katie,MS,North Macedonia,0.0,2,Bajo,1
68,Female,Master's,Divorced,29388.0,741.0,26114.0,Business,Employed,6,Good,0.31910956014482006,97695.0,4.0,Shannonberg,LA,French Guiana,2.0,2,Alto,0
43,Non-binary,PhD,Widowed,61168.0,603.0,7567.0,Home,Unemployed,18,Good,0.4953182925172991,297700.0,2.0,Everettberg,OR,Tunisia,4.0,2,Alto,0
42,Female,PhD,Widowed,41159.0,665.0,18869.0,Business,Self-employed,15,Poor,0.31223086020726853,212796.0,0.0,Lake Jeffrey,NV,Bosnia and Herzegovina,3.0,1,Alto,0
52,Female,PhD,Divorced,114547.0,738.0,23523.0,Auto,Unemployed,6,Good,0.15312022741249934,103944.0,3.0,Langhaven,NE,Morocco,0.0,1,Bajo,1
38,Female,Master's,Divorced,90585.0,773.0,22286.0,Business,Unemployed,12,Fair,0.29448778730851455,295705.0,1.0,Danielsfurt,OR,Pakistan,4.0,2,Alto,0
58,Male,Master's,Divorced,71315.0,629.0,48457.0,Personal,Employed,15,Fair,0.5915789845042317,65186.0,4.0,Lambborough,OH,Vietnam,2.0,0,Medio,2
53,Female,PhD,Widowed,50615.0,757.0,37991.0,Business,Unemployed,11,Poor,0.32392803007796966,77349.0,1.0,North Brandon,SC,Yemen,2.0,2,Bajo,1
68,Male,Master's,Divorced,80721.0,605.0,11014.0,Auto,Employed,0,Poor,0.5746979302997581,261096.0,3.0,New Tracy,FL,Chad,1.0,0,Medio,2
56,Male,Bachelor's,Divorced,62995.0,662.0,25234.0,Auto,Employed,0,Poor,0.2647584141741244,265796.0,2.0,East Pamelaberg,VT,Cote d'Ivoire,3.0,1,Alto,0
59,Female,Bachelor's,Married,66652.0,754.0,36582.0,Business,Unemployed,17,Fair,0.5980955777704874,228697.0,4.0,Pamelaton,NV,Italy,3.0,0,Alto,0
52,Male,Bachelor's,Widowed,69264.0,746.0,25511.0,Business,Employed,19,Fair,0.38933112791380076,76682.0,3.0,South Andrew,PR,Saint Helena,0.0,1,Bajo,1
45,Female,Master's,Widowed,108367.0,654.0,18602.0,Personal,Self-employed,16,Fair,0.35776177128326725,184998.0,0.0,Duncantown,NH,Czech Republic,3.0,2,Alto,0
41,Female,PhD,Widowed,30826.0,618.0,33539.0,Auto,Self-employed,19,Fair,0.21810524782367843,162676.0,0.0,Paulborough,RI,Cape Verde,4.0,1,Alto,0
33,Non-binary,High School,Widowed,70089.0,698.0,6062.0,Business,Unemployed,9,Excellent,0.45704315318104094,293384.0,0.0,North Ashleytown,HI,Andorra,1.0,1,Bajo,1
65,Female,Bachelor's,Widowed,68447.0,798.0,48633.0,Business,Self-employed,9,Excellent,0.1160989879726527,104953.0,4.0,Jacksonburgh,CA,Egypt,4.0,1,Alto,0
37,Non-binary,Bachelor's,Single,59265.0,605.0,43996.0,Home,Self-employed,16,Excellent,0.24399077469690825,260543.0,0.0,Port Madisonbury,OK,Cote d'Ivoire,0.0,0,Medio,2
55,Male,PhD,Married,36119.0,723.0,22889.0,Auto,Employed,7,Fair,0.5356454039094111,278429.0,3.0,Morganton,TX,Guam,0.0,0,Alto,0
54,Non-binary,High School,Widowed,52210.0,726.0,19022.0,Business,Self-employed,6,Excellent,0.32846566047573067,176361.0,3.0,West Kelly,MH,Angola,3.0,1,Alto,0
23,Female,PhD,Divorced,111217.0,759.0,13714.0,Business,Self-employed,10,Good,0.5344567238285861,286578.0,2.0,North Kyle,PR,Lebanon,3.0,2,Alto,0
25,Male,PhD,Married,44082.0,650.0,24923.0,Personal,Employed,3,Excellent,0.4704817472728804,184797.0,3.0,Choiview,MI,Austria,0.0,1,Medio,2
41,Male,High School,Single,75619.0,624.0,37158.0,Auto,Self-employed,5,Fair,0.3638766477005163,160349.0,2.0,Kathleenchester,AR,Gabon,2.0,2,Medio,2
21,Non-binary,Master's,Divorced,33679.0,648.0,43937.0,Auto,Self-employed,16,Good,0.4503078187085029,285427.0,3.0,Michaelchester,MP,Antarctica (the territory South of 60 deg S),2.0,1,Alto,0
46,Male,PhD,Married,70924.0,697.0,35961.0,Business,Employed,11,Good,0.20229173525101504,207368.0,3.0,Lake Keithhaven,KS,Togo,2.0,2,Bajo,1
56,Female,High School,Married,24286.0,763.0,27211.0,Auto,Self-employed,17,Good,0.5035052981441267,294656.0,2.0,Roybury,IA,India,4.0,0,Alto,0
42,Male,PhD,Married,47383.0,740.0,36554.0,Business,Unemployed,5,Fair,0.14367183810471543,169980.0,1.0,North Davidmouth,AL,Gibraltar,4.0,2,Alto,0
29,Non-binary,Bachelor's,Widowed,33335.0,787.0,13389.0,Business,Employed,12,Fair,0.36231823120099904,64305.0,3.0,Scotttown,OK,Estonia,1.0,2,Alto,0
20,Female,Bachelor's,Widowed,34974.0,756.0,19460.0,Business,Employed,18,Poor,0.5702752900885456,272405.0,1.0,New Allison,ID,Holy See (Vatican City State),2.0,2,Alto,0
20,Female,Bachelor's,Widowed,84501.0,663.0,13207.0,Home,Unemployed,19,Poor,0.3222435654047485,289268.0,4.0,East Samuel,CT,Gabon,4.0,0,Alto,0
61,Female,Master's,Widowed,119926.0,756.0,33645.0,Auto,Self-employed,7,Fair,0.13484444187409964,138638.0,2.0,Camachohaven,AS,French Guiana,1.0,1,Bajo,1
26,Non-binary,High School,Married,65900.0,629.0,37359.0,Auto,Employed,14,Fair,0.5432438426396039,155738.0,3.0,North Brianton,NH,Cameroon,4.0,1,Alto,0
47,Male,Bachelor's,Divorced,41500.0,603.0,9955.0,Home,Self-employed,10,Poor,0.44549247991579455,196954.0,0.0,South Chrisland,MD,Isle of Man,4.0,0,Alto,0
41,Male,PhD,Widowed,93511.0,762.0,10116.0,Home,Self-employed,4,Excellent,0.1731792253013483,64649.0,4.0,East Sarahmouth,GA,Paraguay,0.0,2,Bajo,1
35,Female,PhD,Married,75833.0,763.0,43885.0,Business,Employed,16,Good,0.4508210266075551,103959.0,4.0,North Lisa,GU,British Virgin Islands,4.0,1,Alto,0
42,Non-binary,Bachelor's,Widowed,99483.0,698.0,25466.0,Personal,Self-employed,10,Poor,0.5490634600388585,222934.0,4.0,Lake Julie,OK,Latvia,0.0,0,Bajo,1
69,Non-binary,Bachelor's,Single,118873.0,696.0,12245.0,Business,Employed,13,Poor,0.20209794705335507,191780.0,2.0,East Robert,AK,Marshall Islands,0.0,1,Bajo,1
39,Female,Master's,Married,99741.0,782.0,48359.0,Personal,Unemployed,12,Excellent,0.24725498409304855,149562.0,4.0,Lake John,GU,Vietnam,4.0,0,Alto,0
59,Female,Master's,Married,76437.0,617.0,26387.0,Personal,Self-employed,0,Good,0.48262045957861355,289127.0,3.0,North Ryan,WV,Russian Federation,4.0,1,Alto,0
39,Female,Master's,Married,32578.0,721.0,11119.0,Auto,Employed,5,Good,0.3490810991202735,270485.0,0.0,Jessicafurt,MN,Namibia,4.0,0,Alto,0
63,Male,Bachelor's,Married,56244.0,653.0,26836.0,Personal,Employed,11,Fair,0.26452730755666987,182928.0,3.0,Lake Stephaniemouth,NY,British Indian Ocean Territory (Chagos Archipelago),1.0,2,Medio,2
56,Female,PhD,Divorced,114208.0,628.0,7116.0,Personal,Self-employed,19,Excellent,0.2796907316014148,128950.0,3.0,Deborahshire,ID,Cayman Islands,0.0,0,Medio,2
24,Female,PhD,Single,95422.0,687.0,37207.0,Personal,Self-employed,7,Poor,0.14873667803565196,134310.0,4.0,Higginsbury,OR,Aruba,1.0,2,Bajo,1
56,Male,PhD,Widowed,30306.0,776.0,38756.0,Business,Unemployed,7,Fair,0.3994956913147393,186216.0,2.0,Laurentown,VT,Uzbekistan,4.0,2,Alto,0
22,Female,High School,Single,107798.0,662.0,30814.0,Auto,Self-employed,13,Good,0.5477266510499793,258188.0,4.0,New Lisamouth,PR,Isle of Man,0.0,1,Medio,2
34,Female,High School,Widowed,47219.0,603.0,15842.0,Business,Self-employed,14,Fair,0.4588048724414887,53209.0,4.0,North Jayborough,NC,Estonia,1.0,1,Medio,2
67,Non-binary,PhD,Single,63408.0,793.0,11384.0,Personal,Self-employed,11,Good,0.16955600861076978,217735.0,3.0,Port Kristen,OK,Northern Mariana Islands,4.0,1,Alto,0
44,Female,PhD,Married,65206.0,743.0,32734.0,Home,Self-employed,18,Good,0.5290787973977753,94918.0,3.0,Morseborough,AL,Sudan,2.0,0,Bajo,1
45,Male,Master's,Married,30662.0,658.0,25509.0,Home,Unemployed,2,Poor,0.12999050845979768,279438.0,4.0,North Brandonbury,IN,Svalbard & Jan Mayen Islands,4.0,2,Alto,0
19,Male,PhD,Widowed,67582.0,754.0,26999.0,Auto,Employed,8,Fair,0.298999347868416,33904.0,1.0,New Josephborough,GA,New Zealand,4.0,1,Alto,0
66,Non-binary,Master's,Divorced,28198.0,781.0,26857.0,Auto,Unemployed,0,Excellent,0.4600281240415467,80228.0,2.0,Melissaville,WY,Bermuda,1.0,1,Alto,0
59,Female,PhD,Married,48106.0,664.0,33387.0,Auto,Employed,9,Excellent,0.2869870466984349,161732.0,2.0,West Jordanfurt,MD,Liechtenstein,4.0,1,Alto,0
31,Female,PhD,Widowed,115273.0,616.0,21255.0,Auto,Unemployed,10,Excellent,0.20605433490371747,132944.0,2.0,Port Mary,MD,Latvia,3.0,0,Alto,0
30,Male,Bachelor's,Single,37696.0,725.0,9383.0,Business,Unemployed,13,Good,0.4890645152321317,276180.0,3.0,Davidland,ME,Switzerland,4.0,2,Alto,0
35,Non-binary,High School,Married,79615.0,614.0,27870.0,Business,Unemployed,9,Excellent,0.5204285946786776,209954.0,4.0,East Stephaniehaven,NY,Libyan Arab Jamahiriya,3.0,2,Alto,0
47,Non-binary,Bachelor's,Widowed,113542.0,677.0,21205.0,Home,Unemployed,18,Fair,0.17020074502598112,135376.0,4.0,Walkerburgh,NM,Cameroon,2.0,0,Medio,2
62,Male,Master's,Single,32128.0,750.0,6506.0,Business,Self-employed,7,Good,0.40888082649731483,42649.0,0.0,West Kayla,HI,Cook Islands,1.0,1,Alto,0
68,Female,PhD,Married,89484.0,626.0,43381.0,Auto,Self-employed,11,Fair,0.18219595055584512,268459.0,3.0,Martinshire,PW,Malawi,1.0,0,Medio,2
60,Male,Master's,Married,79035.0,777.0,44027.0,Business,Self-employed,18,Poor,0.13102796892106236,21354.0,2.0,North Shawnshire,MI,New Caledonia,2.0,2,Bajo,1
44,Non-binary,High School,Divorced,51174.0,653.0,26596.0,Home,Unemployed,15,Excellent,0.37463505419940346,98975.0,1.0,South Derekport,NJ,Ukraine,2.0,0,Medio,2
51,Non-binary,Bachelor's,Widowed,86777.0,608.0,7900.0,Business,Unemployed,6,Fair,0.5382875720506576,167770.0,3.0,Karinafort,MH,Croatia,1.0,2,Medio,2
36,Male,PhD,Married,57077.0,710.0,17268.0,Personal,Unemployed,7,Excellent,0.31415259870644796,146894.0,0.0,Rodriguezmouth,OK,Cote d'Ivoire,4.0,1,Alto,0
48,Non-binary,PhD,Married,119159.0,755.0,13555.0,Personal,Self-employed,9,Excellent,0.5998449386930198,219090.0,4.0,Fullerport,WI,Oman,1.0,2,Bajo,1
51,Male,Master's,Widowed,57669.0,645.0,29353.0,Home,Employed,0,Poor,0.48837463216056753,200632.0,0.0,Edwardborough,ID,Greece,2.0,2,Medio,2
42,Male,PhD,Single,83229.0,719.0,40663.0,Home,Employed,18,Poor,0.5375869071970323,240948.0,1.0,Briannafort,IA,Venezuela,4.0,2,Alto,0
65,Female,Master's,Divorced,24474.0,774.0,13059.0,Home,Employed,4,Fair,0.14100769218819512,123021.0,1.0,East Belinda,NJ,Dominican Republic,2.0,0,Alto,0
48,Female,Bachelor's,Widowed,94504.0,628.0,49691.0,Personal,Employed,2,Good,0.46879056474096903,184797.0,3.0,New Davidtown,MH,Northern Mariana Islands,0.0,0,Medio,2
61,Female,High School,Married,35628.0,661.0,5263.0,Home,Self-employed,15,Good,0.24235390998829573,65744.0,0.0,New Jillhaven,SD,South Africa,4.0,1,Alto,0
50,Male,PhD,Divorced,52001.0,671.0,18181.0,Home,Self-employed,16,Excellent,0.3171619027296446,126419.0,2.0,Jillianside,AK,France,4.0,2,Alto,0
22,Female,PhD,Divorced,38405.0,642.0,30207.0,Home,Self-employed,19,Good,0.38772906106591554,190342.0,2.0,Alexandramouth,KS,Swaziland,1.0,1,Alto,0
56,Female,High School,Single,20610.0,631.0,35908.0,Auto,Unemployed,10,Poor,0.3411614259018986,164850.0,0.0,North Aprilburgh,WA,Slovakia (Slovak Republic),4.0,0,Alto,0
37,Female,High School,Married,63839.0,631.0,12188.0,Home,Employed,17,Excellent,0.1571026001115802,296718.0,4.0,South Melissaberg,FL,Bosnia and Herzegovina,4.0,0,Alto,0
61,Male,PhD,Divorced,71033.0,775.0,40828.0,Business,Employed,15,Poor,0.5123516112377287,198873.0,2.0,New Lindsey,MN,Saint Lucia,3.0,2,Alto,0
46,Male,Master's,Divorced,22024.0,780.0,12603.0,Personal,Employed,3,Fair,0.4010820579260215,293556.0,1.0,Christopherburgh,SC,Faroe Islands,3.0,1,Alto,0
50,Female,Master's,Married,55732.0,664.0,18926.0,Home,Unemployed,7,Good,0.22943497454849857,26010.0,3.0,North Jacobfurt,AR,Marshall Islands,4.0,0,Alto,0
40,Male,PhD,Single,28629.0,626.0,23140.0,Personal,Unemployed,9,Excellent,0.21768988912612305,205222.0,0.0,Fergusonshire,PA,Guinea-Bissau,1.0,2,Alto,0
35,Female,Bachelor's,Widowed,24329.0,687.0,44855.0,Personal,Unemployed,12,Excellent,0.27374152721775025,233629.0,2.0,Rebeccamouth,RI,North Macedonia,1.0,1,Alto,0
21,Non-binary,High School,Married,119742.0,792.0,28802.0,Auto,Self-employed,16,Poor,0.542338998734596,235577.0,0.0,Longport,FM,Uganda,2.0,2,Bajo,1
48,Female,PhD,Divorced,82496.0,789.0,5293.0,Business,Self-employed,8,Fair,0.16125143322081423,259758.0,0.0,New Shawn,NH,Malta,3.0,0,Alto,0
35,Female,Master's,Divorced,70298.0,724.0,33492.0,Personal,Self-employed,2,Poor,0.2213878026519908,165042.0,0.0,South Jeffreyburgh,ME,Macao,4.0,0,Alto,0
27,Female,Bachelor's,Widowed,65924.0,678.0,21272.0,Auto,Unemployed,4,Poor,0.23523317711443323,120559.0,2.0,Isaiahview,AK,Mozambique,1.0,1,Medio,2
22,Non-binary,High School,Divorced,111043.0,729.0,13551.0,Home,Self-employed,7,Good,0.3006629800627081,122292.0,1.0,Hicksfurt,FM,Fiji,0.0,2,Bajo,1
50,Non-binary,PhD,Divorced,106623.0,615.0,10475.0,Business,Employed,19,Fair,0.4729798768177401,124540.0,3.0,East Christopherside,AS,United Kingdom,1.0,0,Medio,2
26,Non-binary,Master's,Single,33383.0,612.0,45221.0,Personal,Self-employed,12,Poor,0.12654789753547943,34436.0,2.0,Hunterburgh,GU,Wallis and Futuna,1.0,2,Alto,0
38,Male,High School,Single,93844.0,672.0,30316.0,Business,Self-employed,17,Excellent,0.47054800177591893,205304.0,4.0,Michaelfurt,OK,Botswana,0.0,1,Medio,2
29,Female,Bachelor's,Single,38830.0,731.0,17412.0,Auto,Employed,2,Fair,0.4650618718353452,284207.0,4.0,Christopherchester,GA,Seychelles,1.0,1,Alto,0
38,Male,PhD,Single,114176.0,620.0,16531.0,Personal,Employed,19,Fair,0.49515852736224497,151190.0,0.0,West Davidburgh,WI,Iran,3.0,2,Alto,0
23,Male,High School,Divorced,73832.0,609.0,30850.0,Home,Employed,12,Excellent,0.5538995693864419,64542.0,1.0,Williamsside,AR,Zambia,3.0,0,Alto,0
36,Non-binary,High School,Single,63874.0,769.0,38462.0,Auto,Unemployed,9,Good,0.32967055530446654,278313.0,2.0,Davisville,MI,Guatemala,0.0,1,Bajo,1
24,Female,PhD,Single,28951.0,771.0,31084.0,Auto,Self-employed,9,Fair,0.5517357061658141,228984.0,0.0,Williamport,AZ,Saudi Arabia,4.0,0,Alto,0
39,Male,Bachelor's,Divorced,60849.0,613.0,27091.0,Auto,Unemployed,5,Good,0.1339288947588584,174774.0,1.0,Parkerfurt,KS,Eritrea,0.0,1,Medio,2
34,Male,Bachelor's,Widowed,43398.0,747.0,46646.0,Business,Employed,4,Excellent,0.5969443236649007,210408.0,0.0,Lake Ricardoview,RI,Montenegro,2.0,1,Bajo,1
22,Non-binary,Bachelor's,Divorced,93932.0,726.0,30479.0,Personal,Employed,15,Good,0.4331603250218352,244979.0,0.0,East Robert,FM,Tanzania,3.0,2,Alto,0
27,Non-binary,Bachelor's,Single,20079.0,742.0,7192.0,Business,Unemployed,15,Poor,0.5485689107738213,95301.0,1.0,Randallshire,MO,Timor-Leste,3.0,1,Alto,0
47,Female,PhD,Single,29770.0,611.0,6125.0,Home,Employed,4,Fair,0.4234806599732439,259770.0,1.0,Jessicaberg,AZ,Chad,0.0,1,Alto,0
55,Male,Bachelor's,Married,44240.0,754.0,48704.0,Home,Self-employed,7,Excellent,0.24904785368464286,273203.0,3.0,New Briannaville,VT,Lithuania,0.0,0,Bajo,1
35,Female,PhD,Married,109218.0,699.0,24035.0,Home,Unemployed,14,Excellent,0.17401036000684858,225843.0,3.0,Martinezmouth,NE,Netherlands,0.0,2,Bajo,1
65,Female,Master's,Widowed,92590.0,641.0,19374.0,Home,Employed,16,Excellent,0.38811182771100194,182411.0,4.0,New Thomasside,RI,Netherlands,1.0,1,Medio,2
28,Female,PhD,Widowed,81477.0,783.0,13947.0,Personal,Employed,16,Poor,0.47976588552246047,273926.0,2.0,East Michaelville,GU,Cayman Islands,0.0,0,Bajo,1
53,Female,High School,Married,90350.0,651.0,6062.0,Auto,Self-employed,3,Good,0.45074015722124483,89607.0,2.0,South Jacquelineton,PR,Thailand,2.0,0,Medio,2
45,Non-binary,Bachelor's,Divorced,25057.0,731.0,22506.0,Business,Self-employed,5,Good,0.33805832634736366,130286.0,4.0,Alvarezburgh,VT,Mauritania,1.0,1,Alto,0
67,Female,Master's,Single,44061.0,687.0,39618.0,Personal,Self-employed,9,Excellent,0.49563895666661506,73716.0,2.0,Hughesview,NJ,Angola,2.0,1,Bajo,1
41,Female,Master's,Single,88524.0,794.0,46782.0,Business,Self-employed,8,Good,0.12028751539425023,129682.0,1.0,Dicksonville,SD,Estonia,2.0,2,Bajo,1
54,Female,Bachelor's,Divorced,111797.0,613.0,7283.0,Business,Employed,13,Good,0.4392223199223789,254100.0,1.0,Kevinshire,NE,Liechtenstein,3.0,1,Alto,0
47,Male,High School,Widowed,55583.0,641.0,20597.0,Business,Employed,5,Fair,0.2594503103773991,205126.0,2.0,West Susan,IA,Belize,2.0,2,Medio,2
31,Male,Bachelor's,Widowed,95827.0,619.0,21404.0,Personal,Employed,6,Poor,0.4853158836032706,290300.0,4.0,Nunezburgh,AZ,Yemen,3.0,1,Alto,0
31,Female,Master's,Married,65702.0,751.0,38266.0,Home,Unemployed,12,Excellent,0.5377278437494517,218180.0,0.0,Bryanmouth,GA,Malta,4.0,2,Alto,0
49,Male,Master's,Widowed,41536.0,603.0,42305.0,Auto,Self-employed,9,Good,0.29097958842584626,125160.0,3.0,North Seanport,AZ,Kyrgyz Republic,2.0,2,Medio,2
36,Female,PhD,Single,104749.0,619.0,31208.0,Personal,Employed,1,Fair,0.3564298047074287,159480.0,3.0,Port Susan,AZ,India,2.0,2,Medio,2
19,Non-binary,Bachelor's,Married,31945.0,673.0,46011.0,Auto,Unemployed,9,Excellent,0.47007058308602534,117934.0,3.0,Lake Heatherchester,MN,Russian Federation,1.0,1,Alto,0
50,Female,PhD,Widowed,76196.0,732.0,20311.0,Auto,Employed,10,Good,0.524092645427283,298358.0,4.0,Johnsonfurt,NV,Tajikistan,1.0,0,Bajo,1
50,Non-binary,High School,Married,77353.0,713.0,37136.0,Business,Unemployed,0,Excellent,0.4506675970877726,239581.0,4.0,Johnville,MP,Algeria,1.0,1,Bajo,1
48,Non-binary,Bachelor's,Married,25400.0,713.0,14383.0,Personal,Unemployed,8,Good,0.3704907372946108,81954.0,1.0,Port Melissaport,RI,Northern Mariana Islands,3.0,2,Alto,0
33,Non-binary,High School,Married,31766.0,660.0,34488.0,Auto,Unemployed,3,Poor,0.2340812197495035,271070.0,2.0,Barnetttown,NM,French Guiana,0.0,0,Alto,0
62,Male,Master's,Single,20868.0,744.0,48770.0,Auto,Employed,0,Excellent,0.1792031853240522,129686.0,2.0,Ibarraview,NY,Mali,4.0,0,Alto,0
56,Male,Master's,Divorced,97195.0,683.0,9310.0,Personal,Unemployed,4,Good,0.4998767786781473,75049.0,0.0,South Keith,CT,Holy See (Vatican City State),3.0,1,Alto,0
64,Male,High School,Married,106762.0,719.0,24339.0,Personal,Unemployed,19,Fair,0.5197943981242065,145971.0,0.0,Kellyview,PW,Djibouti,2.0,1,Bajo,1
45,Female,Master's,Divorced,118453.0,627.0,16196.0,Business,Self-employed,11,Poor,0.4262656548699979,245828.0,3.0,East Victoriastad,KY,Wallis and Futuna,2.0,1,Medio,2
39,Female,High School,Divorced,76399.0,639.0,22455.0,Personal,Self-employed,17,Excellent,0.24007791019125888,51798.0,0.0,Port Keithfort,VI,Martinique,2.0,0,Medio,2
19,Male,PhD,Single,39673.0,626.0,26236.0,Home,Self-employed,0,Excellent,0.5769518117496076,179312.0,3.0,South Rebecca,PW,India,3.0,2,Alto,0
36,Non-binary,Master's,Divorced,105008.0,751.0,12931.0,Home,Employed,3,Poor,0.18815512476700416,186751.0,0.0,North Ronald,MO,Guadeloupe,1.0,2,Bajo,1
36,Female,High School,Widowed,52699.0,621.0,33434.0,Personal,Self-employed,7,Excellent,0.20512860689296217,38660.0,0.0,Smithshire,MT,Turkmenistan,1.0,0,Medio,2
44,Non-binary,High School,Divorced,108898.0,604.0,46196.0,Auto,Unemployed,10,Poor,0.340108935885272,187254.0,3.0,Shannonstad,AL,Svalbard & Jan Mayen Islands,3.0,1,Alto,0
36,Female,Bachelor's,Married,74081.0,600.0,7461.0,Auto,Employed,7,Fair,0.14591400479247543,68352.0,2.0,Mosleyfort,OK,Yemen,4.0,2,Alto,0
54,Non-binary,Bachelor's,Widowed,60645.0,720.0,11816.0,Business,Self-employed,4,Fair,0.3059832543708917,255725.0,1.0,West Kimberlyland,VT,Svalbard & Jan Mayen Islands,1.0,1,Bajo,1
38,Non-binary,Master's,Divorced,44274.0,650.0,12524.0,Personal,Employed,6,Good,0.3103573897870765,245612.0,2.0,East Heather,IA,Singapore,1.0,2,Medio,2
63,Male,Bachelor's,Widowed,106661.0,743.0,38204.0,Home,Employed,10,Poor,0.1643877229771414,238519.0,3.0,Lake Denise,DC,Vietnam,2.0,0,Bajo,1
53,Non-binary,Master's,Widowed,50373.0,690.0,19006.0,Home,Self-employed,18,Poor,0.5660449563549209,259413.0,2.0,Jamestown,DE,French Polynesia,1.0,2,Bajo,1
20,Female,High School,Divorced,44866.0,744.0,38099.0,Business,Self-employed,6,Good,0.39464200319651443,110146.0,1.0,Katherinefurt,AK,Tokelau,2.0,1,Bajo,1
38,Male,High School,Single,42720.0,792.0,20522.0,Business,Self-employed,17,Fair,0.5970005643944917,191068.0,1.0,Ramirezmouth,SD,Holy See (Vatican City State),0.0,1,Bajo,1
62,Male,Master's,Divorced,77072.0,680.0,7600.0,Personal,Self-employed,7,Excellent,0.13184523732775708,262852.0,2.0,West Mitchelltown,CA,Mozambique,2.0,0,Bajo,1
65,Female,Bachelor's,Single,67918.0,702.0,36364.0,Home,Unemployed,6,Fair,0.2658937714584443,161810.0,1.0,North Wendy,MH,Ireland,4.0,0,Alto,0
29,Female,Master's,Divorced,101838.0,643.0,13685.0,Personal,Unemployed,16,Excellent,0.38329554044851755,200976.0,3.0,Christophertown,GU,Nepal,2.0,2,Medio,2
50,Non-binary,PhD,Single,70185.0,719.0,20451.0,Home,Unemployed,9,Fair,0.37599565315588346,29104.0,3.0,Johnstonberg,WV,Reunion,2.0,2,Bajo,1
43,Non-binary,High School,Single,43440.0,742.0,6421.0,Personal,Unemployed,6,Excellent,0.4710284612507104,265971.0,4.0,Ashleyton,VT,British Virgin Islands,4.0,0,Alto,0
41,Female,Bachelor's,Widowed,44807.0,762.0,36544.0,Business,Employed,0,Good,0.34556190055883984,252699.0,1.0,Jessicafort,MP,China,1.0,0,Bajo,1
31,Non-binary,High School,Widowed,76234.0,764.0,40353.0,Personal,Self-employed,9,Excellent,0.23678473172116196,279768.0,2.0,Johnmouth,RI,Switzerland,2.0,1,Bajo,1
27,Male,Master's,Divorced,47729.0,662.0,44019.0,Home,Self-employed,5,Poor,0.1222152124210045,254233.0,0.0,Ortizberg,NC,Lithuania,0.0,2,Medio,2
29,Male,Master's,Divorced,43552.0,647.0,14285.0,Business,Employed,17,Excellent,0.2678606723105419,84144.0,3.0,Jasmineport,GA,Turkey,0.0,2,Medio,2
33,Male,PhD,Single,115140.0,642.0,24961.0,Business,Unemployed,19,Fair,0.3086547007125944,140635.0,0.0,New Richard,VI,Pitcairn Islands,4.0,1,Alto,0
58,Non-binary,Bachelor's,Married,60429.0,669.0,25806.0,Business,Employed,13,Excellent,0.5020539038692484,264032.0,4.0,Gregorychester,MN,Dominican Republic,4.0,0,Alto,0
44,Male,PhD,Widowed,72669.0,682.0,33090.0,Personal,Self-employed,5,Poor,0.4728208948324888,44163.0,0.0,Mcdonaldmouth,MI,Pakistan,3.0,1,Alto,0
42,Female,Bachelor's,Divorced,42733.0,721.0,26202.0,Home,Unemployed,10,Poor,0.37319165587604874,231023.0,1.0,Valenciafurt,ND,Saint Pierre and Miquelon,4.0,1,Alto,0
26,Female,Bachelor's,Married,51748.0,670.0,18591.0,Auto,Self-employed,12,Good,0.5488085834692388,205870.0,4.0,Lake Heathermouth,SD,Yemen,3.0,0,Alto,0
40,Non-binary,PhD,Divorced,67547.0,726.0,9934.0,Personal,Unemployed,17,Good,0.19167189350893873,150674.0,0.0,New Becky,FL,Holy See (Vatican City State),3.0,0,Alto,0
57,Female,High School,Divorced,93065.0,781.0,18857.0,Auto,Employed,12,Fair,0.5312988584779188,98279.0,1.0,Waltonton,TX,Saint Helena,4.0,2,Alto,0
47,Non-binary,Bachelor's,Married,46583.0,627.0,11066.0,Personal,Employed,14,Excellent,0.20611436892538557,245609.0,3.0,West Teresaberg,GU,New Zealand,1.0,1,Medio,2
26,Non-binary,Master's,Married,107191.0,737.0,29201.0,Auto,Self-employed,1,Poor,0.23088941463181886,299091.0,4.0,Hodgesfurt,MH,Honduras,1.0,1,Bajo,1
47,Male,PhD,Widowed,118342.0,723.0,32762.0,Personal,Self-employed,12,Excellent,0.35781714816033405,134613.0,4.0,Williamsbury,NC,Rwanda,0.0,1,Bajo,1
20,Female,Master's,Divorced,70547.0,712.0,13567.0,Auto,Unemployed,4,Fair,0.35167564093146986,258055.0,4.0,Steinhaven,AK,United States of America,3.0,0,Alto,0
57,Non-binary,PhD,Widowed,98082.0,687.0,5372.0,Personal,Employed,4,Poor,0.5566668998034865,194600.0,4.0,Port Robertfurt,MD,Lebanon,2.0,0,Bajo,1
69,Non-binary,PhD,Single,52400.0,737.0,19105.0,Personal,Unemployed,6,Poor,0.4715658478546705,205228.0,4.0,Lake Anthonyhaven,IL,Cocos (Keeling) Islands,4.0,2,Alto,0
18,Male,Master's,Divorced,43266.0,684.0,19058.0,Home,Employed,18,Poor,0.4420757755085525,126617.0,4.0,East Thomasmouth,VA,Belize,1.0,1,Bajo,1
69,Non-binary,PhD,Married,75421.0,630.0,26997.0,Business,Self-employed,4,Excellent,0.15069099969203084,127603.0,2.0,Avilaland,IL,Slovakia (Slovak Republic),4.0,0,Alto,0
23,Female,High School,Single,117681.0,762.0,49015.0,Auto,Employed,19,Good,0.15195997438564665,56005.0,1.0,Amandaside,VA,United States of America,0.0,1,Bajo,1
64,Male,PhD,Widowed,82001.0,682.0,34036.0,Home,Self-employed,10,Fair,0.21471214861339724,28404.0,1.0,Joneston,MD,Guadeloupe,0.0,1,Bajo,1
57,Male,PhD,Widowed,30485.0,632.0,38004.0,Home,Self-employed,14,Fair,0.14555192748474335,292863.0,3.0,West Zacharyport,AZ,Solomon Islands,4.0,1,Alto,0
50,Non-binary,Bachelor's,Widowed,59278.0,730.0,32130.0,Business,Unemployed,3,Poor,0.4102911070093581,142278.0,2.0,West Elizabeth,KY,Kenya,1.0,0,Bajo,1
38,Female,Master's,Single,62269.0,691.0,29126.0,Personal,Employed,18,Excellent,0.19181486383816174,107224.0,1.0,New Richardmouth,WY,Cote d'Ivoire,3.0,2,Alto,0
36,Male,High School,Single,61787.0,625.0,8185.0,Auto,Self-employed,3,Poor,0.12468630844044296,82964.0,3.0,Lake Nicolefort,AZ,Pitcairn Islands,2.0,2,Medio,2
40,Male,High School,Divorced,99015.0,637.0,47494.0,Auto,Employed,6,Poor,0.33324356733429517,294456.0,3.0,North Sarah,ID,Netherlands,1.0,1,Medio,2
65,Female,Master's,Divorced,113657.0,713.0,25932.0,Business,Self-employed,17,Excellent,0.42420248524583737,200348.0,1.0,East Michele,OK,Liberia,4.0,2,Alto,0
46,Male,High School,Married,69647.0,784.0,46479.0,Home,Unemployed,9,Good,0.31606663532289647,109053.0,1.0,Lamfort,NC,Tajikistan,0.0,1,Bajo,1
22,Non-binary,PhD,Married,100206.0,617.0,34912.0,Home,Employed,0,Poor,0.2586825031543869,209806.0,0.0,Bartletttown,IN,Romania,0.0,1,Medio,2
30,Male,PhD,Widowed,118829.0,671.0,28235.0,Home,Self-employed,19,Fair,0.3468027211800615,264186.0,1.0,Jonathanton,MD,Saudi Arabia,0.0,2,Medio,2
55,Non-binary,High School,Divorced,58250.0,683.0,22830.0,Auto,Self-employed,15,Poor,0.45262646700625897,126541.0,1.0,West Anthonyshire,NM,Marshall Islands,4.0,0,Alto,0
58,Female,Bachelor's,Divorced,71626.0,754.0,46955.0,Business,Unemployed,16,Fair,0.4481140320716792,152865.0,2.0,Matthewton,IL,Andorra,3.0,1,Alto,0
45,Female,Master's,Divorced,104376.0,752.0,26960.0,Personal,Employed,3,Excellent,0.36836531115120563,65702.0,4.0,Michelleborough,NH,Kazakhstan,0.0,2,Bajo,1
25,Female,PhD,Single,85620.0,664.0,10397.0,Personal,Employed,8,Excellent,0.2935699630562214,38523.0,3.0,Yoderview,ME,Hungary,3.0,1,Alto,0
22,Female,Master's,Widowed,111742.0,642.0,23049.0,Auto,Self-employed,15,Fair,0.2831662054320274,165583.0,4.0,Port Manuel,IL,Kazakhstan,0.0,1,Medio,2
18,Male,Bachelor's,Divorced,22534.0,789.0,49955.0,Auto,Employed,17,Poor,0.19081320788043957,295066.0,0.0,Davisport,RI,Seychelles,1.0,1,Alto,0
57,Non-binary,PhD,Widowed,74757.0,625.0,37298.0,Auto,Self-employed,15,Good,0.5078390307065657,188095.0,4.0,West Christopherhaven,KS,Djibouti,2.0,1,Medio,2
46,Male,Bachelor's,Divorced,34096.0,650.0,9706.0,Auto,Self-employed,6,Poor,0.4458267206092086,84564.0,4.0,Port Amyton,FL,Iraq,2.0,1,Alto,0
56,Female,High School,Divorced,46520.0,699.0,44189.0,Home,Employed,18,Poor,0.42246483420160397,238109.0,2.0,Sandersfurt,ID,Uruguay,2.0,1,Bajo,1
34,Non-binary,PhD,Divorced,77255.0,713.0,29609.0,Auto,Employed,9,Poor,0.39127003109615677,254117.0,2.0,West Jesse,CT,Belarus,4.0,0,Alto,0
21,Non-binary,High School,Married,22064.0,792.0,13738.0,Home,Unemployed,17,Poor,0.5015512265974215,65608.0,1.0,South Willieville,CA,Zambia,3.0,0,Alto,0
19,Male,High School,Single,56136.0,727.0,27499.0,Home,Self-employed,13,Good,0.39677711227470136,220140.0,0.0,South Erinchester,VT,Equatorial Guinea,0.0,2,Bajo,1
64,Non-binary,Master's,Single,64917.0,782.0,15691.0,Personal,Self-employed,1,Fair,0.3928572898527226,289000.0,1.0,Nelsonberg,GU,Sudan,1.0,2,Bajo,1
39,Female,High School,Widowed,41677.0,794.0,5038.0,Home,Self-employed,13,Poor,0.562596087603017,147738.0,4.0,South Jonathanburgh,VA,Yemen,2.0,2,Bajo,1
64,Female,PhD,Married,90597.0,732.0,12958.0,Business,Unemployed,7,Poor,0.2134121353235792,260278.0,2.0,Kimberlyland,GU,Cayman Islands,4.0,1,Alto,0
51,Male,High School,Widowed,91533.0,767.0,15316.0,Business,Unemployed,13,Excellent,0.5537700145486522,262107.0,4.0,Kaiserchester,WV,Nicaragua,4.0,0,Alto,0
35,Male,Master's,Single,97400.0,614.0,42111.0,Business,Employed,18,Excellent,0.31098168310429264,107698.0,0.0,South Luis,AK,Nicaragua,4.0,0,Alto,0
63,Non-binary,High School,Widowed,20818.0,651.0,46021.0,Home,Employed,9,Excellent,0.4173459253700046,223826.0,4.0,Port Catherine,NH,Anguilla,2.0,1,Alto,0
67,Non-binary,High School,Single,74649.0,742.0,10661.0,Personal,Self-employed,0,Poor,0.5135136495808531,31353.0,0.0,North David,VI,Suriname,0.0,1,Bajo,1
56,Male,Master's,Widowed,114328.0,644.0,16163.0,Business,Employed,1,Good,0.3776850380674359,107718.0,3.0,Victorport,DC,Hong Kong,1.0,0,Medio,2
41,Non-binary,Master's,Divorced,47609.0,608.0,13359.0,Personal,Employed,19,Fair,0.41799670217094853,124967.0,2.0,Austinmouth,UT,Guyana,1.0,0,Medio,2
51,Male,Bachelor's,Divorced,42027.0,686.0,8230.0,Auto,Unemployed,13,Fair,0.34303932579455754,149252.0,2.0,West Luisburgh,ME,Switzerland,2.0,2,Bajo,1
59,Male,Master's,Single,68555.0,652.0,7030.0,Home,Unemployed,1,Poor,0.29499618137676153,106124.0,3.0,New Elizabethchester,IL,Azerbaijan,1.0,0,Medio,2
58,Non-binary,High School,Single,66309.0,670.0,31728.0,Auto,Self-employed,2,Good,0.3729008308958579,28491.0,1.0,North Jeff,NE,Barbados,3.0,0,Alto,0
66,Female,Master's,Single,98108.0,624.0,15042.0,Business,Unemployed,14,Good,0.169248662786653,170169.0,4.0,North Annaland,TN,Finland,4.0,0,Alto,0
38,Male,PhD,Divorced,51740.0,681.0,17765.0,Business,Employed,16,Poor,0.4845898583583551,21520.0,2.0,Deckerstad,MD,Guadeloupe,0.0,2,Bajo,1
64,Non-binary,PhD,Single,73494.0,615.0,5067.0,Personal,Employed,3,Excellent,0.128882409478744,58061.0,0.0,South Colton,GA,Reunion,4.0,1,Alto,0
40,Non-binary,PhD,Married,51432.0,632.0,17737.0,Home,Unemployed,8,Poor,0.2525087356196526,99855.0,3.0,Krystalmouth,NY,Cook Islands,3.0,2,Alto,0
53,Male,High School,Widowed,106675.0,796.0,16381.0,Personal,Unemployed,15,Good,0.5274273681057252,39762.0,4.0,East Nathan,AK,French Polynesia,3.0,2,Alto,0
66,Male,PhD,Single,86704.0,664.0,18341.0,Auto,Employed,11,Good,0.38914331389284607,85195.0,2.0,South Michaelside,GA,South Georgia and the South Sandwich Islands,2.0,2,Medio,2
31,Male,PhD,Divorced,77797.0,646.0,14571.0,Personal,Unemployed,16,Excellent,0.16797976574579473,79447.0,1.0,Ellenchester,KS,Saint Helena,1.0,1,Medio,2
66,Male,PhD,Single,45444.0,778.0,21486.0,Auto,Self-employed,19,Fair,0.31655458703080974,249282.0,2.0,Lake Joseph,NY,Puerto Rico,3.0,2,Alto,0
47,Male,High School,Widowed,86865.0,676.0,16178.0,Business,Unemployed,10,Good,0.16660114175633914,262284.0,1.0,West Jennifer,FM,Honduras,2.0,2,Medio,2
58,Female,PhD,Married,51459.0,724.0,13301.0,Auto,Self-employed,17,Excellent,0.47638753679639445,193418.0,4.0,Larrymouth,CA,United Kingdom,4.0,1,Alto,0
30,Female,Master's,Married,98609.0,727.0,41958.0,Business,Unemployed,4,Fair,0.4357728154479307,127174.0,4.0,New Mathew,KS,Holy See (Vatican City State),1.0,0,Bajo,1
22,Non-binary,PhD,Single,67576.0,643.0,39467.0,Auto,Unemployed,5,Fair,0.543288746389733,22932.0,1.0,Marthaport,WA,Belize,1.0,1,Medio,2
28,Male,Master's,Single,26880.0,788.0,27980.0,Auto,Unemployed,7,Good,0.1185394695775219,243336.0,4.0,Williamsbury,WY,Guinea,0.0,0,Alto,0
52,Female,High School,Widowed,67553.0,756.0,20164.0,Personal,Self-employed,1,Fair,0.1604900805605303,297504.0,1.0,South Samuelborough,DC,Western Sahara,3.0,1,Alto,0
32,Male,Bachelor's,Married,44690.0,764.0,18862.0,Business,Self-employed,4,Poor,0.2936911297173672,210737.0,0.0,South Amyburgh,TX,Indonesia,0.0,2,Bajo,1
18,Male,Master's,Single,91975.0,614.0,7251.0,Business,Unemployed,16,Excellent,0.3030160319769305,204907.0,0.0,Chrisburgh,NV,Switzerland,3.0,2,Alto,0
38,Non-binary,Master's,Widowed,103704.0,636.0,41999.0,Auto,Unemployed,18,Good,0.47956303793280486,206291.0,1.0,North Melissamouth,DE,Thailand,2.0,2,Medio,2
51,Non-binary,High School,Single,27549.0,679.0,8936.0,Business,Self-employed,5,Excellent,0.3562706045444738,73644.0,4.0,East David,WA,New Caledonia,0.0,0,Alto,0
59,Female,High School,Widowed,119546.0,660.0,27168.0,Business,Employed,7,Good,0.21868089796953363,164372.0,3.0,Port Abigail,OK,Fiji,4.0,1,Alto,0
22,Non-binary,Master's,Married,26389.0,767.0,41705.0,Home,Unemployed,4,Poor,0.2769722817799347,193128.0,1.0,Ashleyshire,MP,Kuwait,1.0,0,Alto,0
55,Non-binary,Master's,Married,103959.0,766.0,33407.0,Home,Self-employed,10,Poor,0.19213355431129933,101247.0,1.0,Jonesfurt,MT,Marshall Islands,1.0,2,Bajo,1
58,Male,Bachelor's,Married,72201.0,634.0,49256.0,Business,Self-employed,17,Excellent,0.2914781444089788,272605.0,1.0,Port Justin,WY,Slovakia (Slovak Republic),1.0,1,Medio,2
63,Non-binary,Bachelor's,Widowed,35405.0,721.0,25819.0,Personal,Employed,10,Excellent,0.36083362128077756,227586.0,3.0,Pachecoland,MH,Iraq,0.0,1,Alto,0
43,Male,High School,Single,96488.0,756.0,12078.0,Business,Self-employed,13,Excellent,0.24216649126970993,270577.0,0.0,South Ronald,OR,Romania,2.0,1,Bajo,1
46,Non-binary,High School,Married,55658.0,721.0,6074.0,Personal,Unemployed,18,Poor,0.49335240974361527,70375.0,0.0,Russelltown,AK,Norway,3.0,1,Alto,0
36,Female,Master's,Widowed,65258.0,715.0,33602.0,Home,Self-employed,0,Fair,0.5780332348347795,203645.0,3.0,Carmenchester,OH,Egypt,0.0,2,Bajo,1
35,Non-binary,Bachelor's,Single,89907.0,620.0,18941.0,Business,Self-employed,15,Fair,0.3823707351129032,152258.0,3.0,Medinatown,MH,Congo,1.0,0,Medio,2
57,Male,Master's,Divorced,59459.0,687.0,34149.0,Auto,Unemployed,19,Good,0.34861432869051745,72293.0,4.0,Smithland,MD,Malta,4.0,2,Alto,0
56,Male,Master's,Married,26799.0,637.0,49814.0,Auto,Self-employed,15,Fair,0.29816759106895296,84744.0,1.0,West George,IL,British Virgin Islands,4.0,0,Alto,0
50,Female,High School,Married,92138.0,615.0,15811.0,Auto,Self-employed,11,Poor,0.5501384509478665,195186.0,1.0,West Scottberg,ID,Mauritius,4.0,1,Alto,0
62,Male,PhD,Divorced,58057.0,658.0,44872.0,Personal,Employed,2,Good,0.3968847390199778,163001.0,0.0,Brownshire,FL,Guinea,1.0,1,Medio,2
21,Male,Master's,Divorced,84046.0,753.0,13249.0,Business,Unemployed,12,Excellent,0.5647239417645358,246545.0,2.0,Kathrynfort,RI,Iceland,3.0,2,Alto,0
35,Female,PhD,Widowed,41309.0,718.0,40301.0,Business,Self-employed,18,Fair,0.5743813275255167,164986.0,3.0,Hicksberg,PA,Kazakhstan,2.0,2,Bajo,1
55,Female,High School,Divorced,41395.0,611.0,36832.0,Home,Self-employed,6,Excellent,0.47026212703095316,217232.0,1.0,Reedhaven,PW,Hong Kong,2.0,1,Medio,2
19,Female,Bachelor's,Married,27501.0,617.0,9915.0,Personal,Unemployed,4,Excellent,0.435982324087822,67794.0,0.0,Linhaven,TX,Saint Pierre and Miquelon,3.0,2,Alto,0
60,Non-binary,Master's,Widowed,107951.0,698.0,31174.0,Home,Employed,0,Excellent,0.17906313468082577,58991.0,0.0,Annberg,FM,Christmas Island,4.0,2,Alto,0
22,Female,PhD,Widowed,101311.0,773.0,19260.0,Home,Self-employed,18,Poor,0.45713589717884784,248824.0,2.0,Kristenton,KS,Andorra,0.0,0,Bajo,1
69,Non-binary,Master's,Single,106157.0,606.0,30826.0,Business,Unemployed,6,Excellent,0.44346815169232867,167131.0,1.0,Lake Christineland,WI,Mexico,2.0,0,Medio,2
60,Male,High School,Single,27925.0,648.0,45221.0,Personal,Unemployed,10,Excellent,0.39853007057332734,159979.0,0.0,Lake Brentburgh,HI,United States of America,2.0,1,Alto,0
61,Female,Master's,Divorced,68929.0,796.0,44013.0,Auto,Employed,14,Excellent,0.39111502783853846,64579.0,1.0,Port Williamland,LA,Cape Verde,4.0,0,Alto,0
41,Non-binary,Master's,Single,91333.0,786.0,31123.0,Business,Employed,4,Poor,0.2216906751473833,37221.0,0.0,South Craig,CO,Luxembourg,3.0,1,Alto,0
20,Female,PhD,Divorced,47552.0,605.0,15147.0,Personal,Self-employed,12,Fair,0.31604236454388934,141276.0,4.0,Lake Frank,CA,Mauritius,2.0,2,Medio,2
59,Non-binary,High School,Widowed,26829.0,626.0,32445.0,Personal,Unemployed,10,Good,0.4260680680803076,129899.0,3.0,South Scott,IN,Tanzania,1.0,2,Alto,0
26,Male,Master's,Single,47025.0,743.0,48594.0,Personal,Employed,3,Excellent,0.5463078996924395,282983.0,0.0,Robertton,HI,Vietnam,0.0,0,Bajo,1
37,Male,Bachelor's,Widowed,97015.0,620.0,18454.0,Business,Employed,0,Excellent,0.39076988234108456,27930.0,3.0,Cummingsborough,OH,Namibia,3.0,1,Alto,0
67,Male,Master's,Married,93332.0,762.0,12001.0,Home,Self-employed,15,Good,0.16634709414388935,228246.0,0.0,Stevenview,KY,Mauritania,3.0,1,Alto,0
50,Male,Master's,Widowed,81064.0,752.0,44511.0,Business,Employed,10,Good,0.5236051035591227,229288.0,3.0,South Michelleton,VT,French Southern Territories,0.0,0,Bajo,1
50,Female,High School,Single,93883.0,600.0,38145.0,Personal,Self-employed,10,Good,0.3081590135724347,20533.0,3.0,Matthewsstad,CT,Finland,4.0,2,Alto,0
33,Male,High School,Single,81604.0,672.0,25954.0,Personal,Self-employed,4,Excellent,0.4966656941927793,228644.0,1.0,Austinport,VT,Lesotho,2.0,0,Medio,2
53,Female,Master's,Divorced,36960.0,615.0,34099.0,Personal,Employed,13,Excellent,0.21564450418017347,60513.0,1.0,Jonesmouth,FL,French Guiana,2.0,0,Alto,0
31,Female,High School,Widowed,119345.0,628.0,44735.0,Home,Employed,9,Good,0.5801446286826806,230928.0,4.0,West Davidfort,NE,Sao Tome and Principe,0.0,0,Medio,2
23,Female,High School,Widowed,26033.0,659.0,28648.0,Home,Self-employed,0,Excellent,0.49840691716153573,165913.0,3.0,North Pamela,CA,Burkina Faso,2.0,2,Alto,0
40,Female,High School,Married,96676.0,780.0,19464.0,Personal,Unemployed,9,Fair,0.3355188089656831,186439.0,4.0,Lake Jacquelineberg,CO,Russian Federation,1.0,1,Bajo,1
54,Male,PhD,Single,26886.0,638.0,31738.0,Personal,Unemployed,6,Good,0.2626383841744966,185758.0,3.0,Jamiestad,AK,Nicaragua,3.0,0,Alto,0
41,Female,High School,Married,70304.0,702.0,18494.0,Business,Unemployed,3,Fair,0.14601022933077615,48162.0,0.0,New Christophertown,VT,Saint Lucia,3.0,1,Alto,0
69,Non-binary,Master's,Divorced,51346.0,612.0,9083.0,Auto,Self-employed,12,Excellent,0.4050058711867146,128515.0,2.0,Benjaminburgh,ID,Iran,3.0,1,Alto,0
32,Female,High School,Widowed,68821.0,719.0,8110.0,Home,Unemployed,5,Good,0.48563281180729856,155318.0,0.0,East Morgan,NY,Austria,1.0,1,Bajo,1
57,Non-binary,Master's,Married,79019.0,740.0,31571.0,Home,Employed,9,Excellent,0.24948312935330527,153720.0,4.0,Thomashaven,CO,Germany,0.0,0,Bajo,1
21,Non-binary,Bachelor's,Single,104946.0,631.0,37338.0,Home,Unemployed,12,Poor,0.16253298262727536,92216.0,0.0,New Jennifer,VI,Slovakia (Slovak Republic),2.0,1,Medio,2
61,Female,Master's,Widowed,111212.0,664.0,23540.0,Auto,Unemployed,0,Excellent,0.3310717616739285,179333.0,3.0,Juantown,MO,Korea,1.0,2,Medio,2
69,Female,Bachelor's,Married,76625.0,749.0,6396.0,Business,Employed,18,Fair,0.5536972675828176,53804.0,0.0,Lake Derek,UT,Colombia,2.0,0,Bajo,1
28,Male,High School,Married,36611.0,760.0,28089.0,Home,Self-employed,14,Excellent,0.3687884903182369,240276.0,0.0,East Raymond,MH,Iran,3.0,1,Alto,0
67,Female,High School,Married,33565.0,794.0,20104.0,Auto,Self-employed,18,Excellent,0.157879177057941,141664.0,4.0,Manningstad,GU,Lesotho,1.0,2,Alto,0
31,Female,Bachelor's,Married,47606.0,747.0,35825.0,Personal,Self-employed,16,Excellent,0.2361468894538992,148282.0,3.0,East Mitchell,ID,Egypt,2.0,2,Bajo,1
33,Female,PhD,Married,76298.0,687.0,12512.0,Business,Self-employed,0,Excellent,0.10619986391594335,102482.0,4.0,Christinamouth,NE,United Arab Emirates,2.0,2,Bajo,1
41,Female,Master's,Divorced,36738.0,781.0,8592.0,Home,Self-employed,11,Fair,0.42671872608438544,255813.0,3.0,East Sharonville,UT,Tanzania,4.0,2,Alto,0
48,Female,Master's,Married,106678.0,637.0,44518.0,Auto,Employed,3,Fair,0.4140745804820556,291936.0,3.0,South Carriefurt,PA,Macao,1.0,2,Medio,2
48,Male,Master's,Married,90592.0,792.0,33800.0,Home,Self-employed,3,Excellent,0.19048961132090755,128027.0,4.0,Sarahburgh,IN,Cuba,2.0,1,Bajo,1
39,Non-binary,Master's,Widowed,56843.0,787.0,37925.0,Home,Employed,6,Good,0.5659661232925567,237675.0,1.0,Boylefort,NH,Guernsey,2.0,2,Bajo,1
48,Female,Master's,Married,68093.0,720.0,23163.0,Business,Unemployed,0,Good,0.43630883140271703,238184.0,4.0,Port Tyler,UT,Yemen,0.0,1,Bajo,1
60,Male,PhD,Divorced,57787.0,684.0,10996.0,Business,Self-employed,0,Good,0.42054395577134274,61586.0,0.0,Suarezport,PW,Eritrea,3.0,2,Alto,0
41,Non-binary,Bachelor's,Single,81671.0,792.0,8294.0,Home,Unemployed,4,Good,0.23424544128130284,293217.0,3.0,Edwardside,AZ,Puerto Rico,1.0,0,Bajo,1
53,Female,High School,Single,28316.0,659.0,21641.0,Auto,Self-employed,9,Fair,0.12917444954096388,156265.0,4.0,West Adambury,MH,Dominica,3.0,1,Alto,0
46,Female,Master's,Widowed,84099.0,706.0,45519.0,Personal,Self-employed,0,Poor,0.5178459631062559,297956.0,2.0,Natalieshire,NE,Egypt,0.0,2,Bajo,1
59,Female,Master's,Divorced,100984.0,710.0,12973.0,Business,Unemployed,19,Good,0.11583556586144508,36493.0,3.0,Barbaratown,WV,Ghana,0.0,2,Bajo,1
52,Male,High School,Single,27446.0,750.0,43143.0,Auto,Unemployed,0,Excellent,0.5021940827655027,87805.0,1.0,New Adam,MT,Afghanistan,3.0,1,Alto,0
59,Non-binary,Bachelor's,Divorced,111246.0,792.0,46230.0,Auto,Employed,6,Poor,0.3896608629290047,282215.0,2.0,Christophertown,KY,South Georgia and the South Sandwich Islands,1.0,2,Bajo,1
25,Male,PhD,Widowed,92822.0,613.0,34228.0,Personal,Self-employed,3,Fair,0.32598386485324893,117015.0,2.0,Greeneberg,OH,United States Virgin Islands,2.0,0,Medio,2
45,Female,Master's,Widowed,111237.0,701.0,43274.0,Business,Self-employed,10,Excellent,0.32388282042197847,149399.0,4.0,West David,OH,Palestinian Territory,3.0,0,Alto,0
55,Female,Master's,Widowed,91150.0,618.0,48158.0,Auto,Unemployed,4,Excellent,0.5783045137258648,157279.0,3.0,North Courtney,NC,Bulgaria,0.0,0,Medio,2
25,Non-binary,High School,Married,92656.0,714.0,36485.0,Personal,Unemployed,18,Good,0.3866631135527143,208920.0,1.0,Brianstad,ND,Guadeloupe,4.0,0,Alto,0
18,Male,Bachelor's,Widowed,64864.0,797.0,18657.0,Business,Self-employed,13,Poor,0.5621405186927328,129771.0,1.0,South Benjaminstad,NH,Georgia,3.0,0,Alto,0
25,Male,Bachelor's,Single,96041.0,611.0,36033.0,Home,Employed,14,Excellent,0.45284003881469326,153359.0,4.0,Bartlettview,IN,Aruba,1.0,1,Medio,2
42,Non-binary,High School,Married,77184.0,659.0,38006.0,Home,Self-employed,13,Excellent,0.13649223324761986,229217.0,0.0,Paulaberg,WA,Iran,0.0,2,Medio,2
45,Male,Master's,Divorced,85228.0,645.0,6100.0,Business,Unemployed,14,Excellent,0.3430924313085896,147511.0,2.0,New Justinberg,GU,Eritrea,4.0,2,Alto,0
58,Non-binary,Master's,Widowed,67941.0,638.0,23913.0,Personal,Self-employed,0,Excellent,0.4400569502174031,127997.0,0.0,Lake Tiffany,TX,Guadeloupe,0.0,0,Medio,2
61,Female,PhD,Widowed,103666.0,614.0,12375.0,Personal,Employed,14,Fair,0.36270176256091435,237840.0,1.0,East Lisa,PW,Jamaica,0.0,0,Medio,2
40,Non-binary,Master's,Married,46255.0,766.0,33708.0,Home,Self-employed,6,Excellent,0.46110988595045155,35039.0,3.0,North Stephaniemouth,PR,Turkey,3.0,1,Alto,0
18,Non-binary,Master's,Single,84723.0,708.0,23210.0,Personal,Unemployed,2,Poor,0.3964201334091155,96193.0,0.0,Johnland,MI,Gabon,3.0,2,Alto,0
62,Non-binary,Master's,Divorced,20527.0,620.0,26797.0,Business,Unemployed,3,Excellent,0.35027150241444216,41687.0,0.0,West Jessica,LA,Montenegro,4.0,1,Alto,0
32,Non-binary,High School,Married,93703.0,739.0,12573.0,Personal,Self-employed,12,Excellent,0.21235773363942087,225327.0,3.0,Gouldchester,AS,Belarus,3.0,0,Alto,0
35,Female,Bachelor's,Widowed,59211.0,694.0,10311.0,Auto,Unemployed,12,Excellent,0.40137587310332834,209978.0,4.0,Markhaven,MH,Ethiopia,0.0,0,Bajo,1
43,Non-binary,High School,Single,101782.0,696.0,41609.0,Business,Self-employed,18,Poor,0.1944268844278638,165744.0,2.0,New Sergio,IL,Mauritius,4.0,0,Alto,0
20,Non-binary,PhD,Married,48063.0,683.0,28460.0,Personal,Unemployed,16,Excellent,0.3008781924312559,128495.0,2.0,Lake Brittanychester,NH,Libyan Arab Jamahiriya,2.0,2,Bajo,1
65,Male,PhD,Widowed,70151.0,761.0,17112.0,Business,Unemployed,3,Poor,0.3881163188269392,276899.0,3.0,Jacobmouth,MS,Sudan,0.0,0,Bajo,1
36,Female,PhD,Single,40758.0,738.0,16573.0,Auto,Employed,18,Poor,0.5253166176051888,60247.0,4.0,South Justinstad,ID,Nigeria,0.0,2,Bajo,1
45,Male,High School,Divorced,37399.0,685.0,37100.0,Business,Self-employed,18,Excellent,0.25326732867358426,212590.0,3.0,Katelynfurt,TX,Qatar,3.0,2,Alto,0
43,Female,Master's,Married,56881.0,671.0,14476.0,Business,Unemployed,3,Fair,0.3338352789974164,117285.0,1.0,South Jenniferland,VT,Montenegro,1.0,0,Medio,2
69,Female,Bachelor's,Married,64935.0,767.0,28519.0,Home,Self-employed,16,Good,0.12004427549670618,225053.0,0.0,Port Sean,DC,Yemen,2.0,1,Bajo,1
21,Male,High School,Married,42440.0,760.0,17117.0,Home,Unemployed,19,Excellent,0.43269170417736214,86443.0,1.0,New Joshua,SD,American Samoa,0.0,1,Bajo,1
61,Non-binary,Bachelor's,Widowed,97402.0,631.0,40936.0,Business,Employed,3,Excellent,0.10310398186494066,170421.0,1.0,Lake Victoria,VA,Austria,4.0,2,Alto,0
31,Non-binary,Bachelor's,Divorced,33181.0,663.0,30887.0,Home,Employed,5,Poor,0.21745952236258173,31000.0,1.0,Amyborough,MD,Slovakia (Slovak Republic),3.0,1,Alto,0
36,Non-binary,High School,Widowed,84559.0,611.0,8686.0,Business,Self-employed,8,Poor,0.537261992820567,100243.0,1.0,North Karenshire,AS,France,3.0,0,Alto,0
54,Non-binary,PhD,Divorced,93861.0,700.0,21641.0,Home,Unemployed,15,Good,0.4026821474447899,78918.0,4.0,North Allison,TN,Tonga,3.0,2,Alto,0
41,Male,High School,Married,40523.0,692.0,10627.0,Home,Self-employed,19,Good,0.5290037926628777,181216.0,3.0,Natashaside,ID,Micronesia,4.0,0,Alto,0
33,Female,PhD,Single,58749.0,673.0,12937.0,Business,Employed,18,Excellent,0.2715554860511131,51167.0,1.0,Morganville,TN,Kyrgyz Republic,4.0,1,Alto,0
44,Female,PhD,Single,113891.0,681.0,26949.0,Auto,Unemployed,6,Poor,0.13916453773507528,107591.0,2.0,North Tanya,AS,Sudan,2.0,0,Bajo,1
45,Male,Bachelor's,Married,99397.0,630.0,33914.0,Home,Self-employed,2,Excellent,0.24542089008902815,98433.0,4.0,Lake Dennisbury,RI,Chile,4.0,0,Alto,0
61,Female,Master's,Widowed,103816.0,714.0,16422.0,Home,Self-employed,2,Excellent,0.3775561856262677,229439.0,2.0,Port Natalie,NV,Heard Island and McDonald Islands,1.0,0,Bajo,1
67,Non-binary,Master's,Widowed,20533.0,770.0,44289.0,Business,Unemployed,13,Excellent,0.27358004263280367,31984.0,1.0,Youngmouth,MI,Namibia,1.0,1,Alto,0
47,Male,PhD,Divorced,73158.0,660.0,24336.0,Personal,Unemployed,19,Poor,0.4619718730198722,110089.0,3.0,Andersonton,AS,United States Minor Outlying Islands,2.0,0,Medio,2
48,Non-binary,Bachelor's,Married,36585.0,754.0,37766.0,Business,Employed,7,Good,0.5665395888359575,132416.0,1.0,South Joanne,IA,Congo,2.0,1,Alto,0
36,Non-binary,PhD,Divorced,80405.0,718.0,47145.0,Home,Self-employed,12,Fair,0.16145989334646108,215079.0,2.0,Robinside,MD,Yemen,1.0,1,Bajo,1
51,Male,High School,Widowed,94095.0,775.0,25917.0,Personal,Unemployed,8,Good,0.2788766463672441,245070.0,3.0,East Jason,MT,Poland,0.0,2,Bajo,1
69,Male,PhD,Married,53782.0,675.0,30022.0,Business,Employed,15,Fair,0.28482443999356555,253643.0,3.0,New Christine,IN,Palau,1.0,0,Medio,2
29,Male,High School,Widowed,113659.0,693.0,19823.0,Personal,Self-employed,19,Fair,0.5620271803406552,133697.0,2.0,New Christian,MD,Mauritius,2.0,1,Bajo,1
64,Male,Master's,Married,90063.0,778.0,31225.0,Home,Self-employed,5,Fair,0.5480883163572638,261489.0,1.0,Wrightburgh,MO,Cote d'Ivoire,2.0,1,Bajo,1
46,Male,Bachelor's,Single,87446.0,744.0,43983.0,Personal,Employed,2,Poor,0.5606917609990411,192157.0,0.0,West Terri,NE,Saint Kitts and Nevis,1.0,0,Bajo,1
38,Female,Bachelor's,Divorced,35405.0,659.0,40654.0,Personal,Self-employed,10,Poor,0.373452485436654,72114.0,0.0,Yoderburgh,WI,Guernsey,2.0,1,Alto,0
43,Non-binary,Master's,Single,105380.0,725.0,45785.0,Auto,Self-employed,19,Fair,0.15515339648645612,66091.0,0.0,New Jeromefurt,OK,Moldova,3.0,1,Alto,0
33,Male,High School,Divorced,91823.0,655.0,9400.0,Auto,Unemployed,13,Poor,0.2596903065143308,101670.0,4.0,Lewisstad,TN,Serbia,1.0,1,Medio,2
43,Male,High School,Divorced,51000.0,626.0,13897.0,Personal,Self-employed,0,Fair,0.11309039095193055,247503.0,2.0,Saratown,PA,Tajikistan,2.0,1,Medio,2
32,Female,Bachelor's,Divorced,59726.0,744.0,31649.0,Personal,Employed,8,Good,0.2257159815822025,226212.0,0.0,South Billyland,MA,Slovenia,0.0,2,Bajo,1
45,Non-binary,PhD,Single,118812.0,709.0,37768.0,Business,Employed,19,Good,0.29328145242110015,253258.0,3.0,West Erika,DE,Samoa,2.0,0,Bajo,1
63,Non-binary,Master's,Single,56509.0,665.0,22409.0,Home,Unemployed,15,Fair,0.16417392076826856,151459.0,3.0,East Catherine,NE,Saint Barthelemy,0.0,1,Medio,2
23,Non-binary,High School,Widowed,33872.0,653.0,42585.0,Business,Unemployed,17,Fair,0.5723116924097748,230118.0,3.0,Lake Stephen,VA,Malawi,1.0,0,Alto,0
52,Male,PhD,Divorced,66606.0,681.0,38025.0,Home,Employed,12,Excellent,0.39746070162982094,222611.0,1.0,New Johnton,NV,Costa Rica,2.0,0,Bajo,1
28,Male,Bachelor's,Single,64954.0,627.0,34312.0,Business,Self-employed,14,Good,0.5048397580740995,126664.0,2.0,New Mary,AZ,Pitcairn Islands,2.0,2,Medio,2
27,Non-binary,PhD,Married,72290.0,685.0,33552.0,Personal,Self-employed,4,Fair,0.3678426203136861,196677.0,2.0,East Sarah,KY,Saint Helena,0.0,1,Bajo,1
41,Male,High School,Single,36650.0,704.0,8469.0,Personal,Employed,18,Excellent,0.29735929127561744,200146.0,0.0,North Emilyshire,UT,Philippines,2.0,0,Alto,0
62,Male,Bachelor's,Widowed,57372.0,621.0,22171.0,Auto,Employed,17,Fair,0.48837737193679365,157482.0,2.0,Aliciashire,VI,Sudan,1.0,2,Medio,2
68,Non-binary,Bachelor's,Married,107526.0,738.0,30290.0,Business,Self-employed,12,Good,0.30148656509189675,265996.0,3.0,Schmitttown,CO,Solomon Islands,3.0,0,Alto,0
45,Non-binary,High School,Divorced,48604.0,701.0,25114.0,Auto,Unemployed,0,Poor,0.31420613641732353,162949.0,2.0,North Kimberly,AR,Macao,3.0,0,Alto,0
66,Male,PhD,Married,70974.0,663.0,24047.0,Business,Employed,4,Fair,0.2008748435191219,140273.0,4.0,New Monica,AS,Solomon Islands,2.0,1,Medio,2
60,Non-binary,PhD,Widowed,48672.0,724.0,26889.0,Home,Unemployed,16,Excellent,0.21076144641879677,64304.0,3.0,Goodmanshire,KY,Azerbaijan,0.0,0,Bajo,1
68,Female,High School,Divorced,44220.0,748.0,11040.0,Business,Unemployed,15,Poor,0.26081978763027236,39822.0,1.0,Wrighttown,RI,Iraq,4.0,1,Alto,0
34,Female,Master's,Widowed,80582.0,622.0,44352.0,Business,Self-employed,8,Fair,0.5370204882429773,209744.0,0.0,Lisamouth,IA,Fiji,4.0,0,Alto,0
64,Female,Bachelor's,Single,23692.0,642.0,42671.0,Personal,Self-employed,19,Good,0.19670313273828052,67380.0,0.0,Hoodport,MP,Ecuador,1.0,0,Alto,0
65,Female,PhD,Divorced,27466.0,699.0,41512.0,Home,Employed,14,Poor,0.5791491590220509,264461.0,3.0,Stacymouth,NC,Lao People's Democratic Republic,0.0,0,Alto,0
22,Female,High School,Divorced,71529.0,630.0,23201.0,Home,Unemployed,7,Fair,0.18413629829213932,58964.0,1.0,South Sandra,ME,Palestinian Territory,3.0,2,Alto,0
64,Female,Master's,Married,97932.0,718.0,5765.0,Home,Employed,15,Poor,0.4820870408954889,154601.0,0.0,Taylortown,OH,Malta,2.0,0,Bajo,1
51,Female,Bachelor's,Married,57930.0,770.0,21688.0,Business,Unemployed,2,Fair,0.2510402997431723,37279.0,1.0,South Paul,NY,Cuba,4.0,1,Alto,0
28,Non-binary,High School,Widowed,100876.0,684.0,34917.0,Personal,Employed,19,Excellent,0.4445194403170809,134015.0,4.0,Justinberg,NC,Timor-Leste,4.0,1,Alto,0
62,Female,Bachelor's,Divorced,69592.0,622.0,9854.0,Personal,Unemployed,8,Good,0.437022428897167,176158.0,0.0,East Gracestad,NM,Malawi,0.0,2,Medio,2
44,Non-binary,High School,Married,102159.0,752.0,14123.0,Business,Self-employed,9,Good,0.17803882212814012,91623.0,4.0,Spencerborough,RI,Barbados,4.0,1,Alto,0
52,Female,Master's,Single,92972.0,693.0,43403.0,Business,Self-employed,3,Excellent,0.208317776397313,95428.0,4.0,West Andrew,IL,French Guiana,0.0,1,Bajo,1
63,Male,High School,Married,76790.0,788.0,14233.0,Business,Employed,14,Fair,0.169760787034363,50876.0,0.0,New Derrick,CA,Finland,4.0,1,Alto,0
40,Male,High School,Single,68967.0,741.0,40618.0,Auto,Employed,7,Good,0.3338732792028595,87760.0,2.0,Yolandachester,KS,Israel,1.0,0,Bajo,1
62,Male,Bachelor's,Married,114330.0,778.0,28281.0,Home,Self-employed,2,Excellent,0.23128172837926106,175709.0,2.0,Brownmouth,NE,Sudan,0.0,0,Bajo,1
26,Non-binary,PhD,Widowed,89269.0,716.0,21450.0,Business,Employed,2,Good,0.4443436408685232,189195.0,0.0,New Laura,SC,French Polynesia,3.0,2,Alto,0
38,Non-binary,Master's,Single,63558.0,720.0,45764.0,Personal,Employed,12,Good,0.11441896717757435,186067.0,3.0,Josephland,LA,Libyan Arab Jamahiriya,0.0,2,Bajo,1
38,Non-binary,High School,Widowed,107047.0,671.0,9851.0,Personal,Self-employed,15,Excellent,0.22102682697217282,136472.0,1.0,Moralesfort,MP,Montserrat,4.0,2,Alto,0
62,Female,Master's,Single,34281.0,716.0,35619.0,Personal,Self-employed,13,Good,0.1882312953607784,159977.0,4.0,Port Alexandraland,OR,Niger,4.0,0,Alto,0
52,Male,PhD,Widowed,78860.0,710.0,9865.0,Auto,Employed,8,Poor,0.18066807416662986,68228.0,3.0,Lake Michaelshire,SC,Puerto Rico,0.0,2,Bajo,1
35,Male,Master's,Widowed,61598.0,799.0,46795.0,Auto,Employed,11,Fair,0.12489972156606352,154706.0,1.0,Andreaton,KS,Chad,2.0,1,Bajo,1
67,Female,Bachelor's,Widowed,29967.0,741.0,33341.0,Auto,Employed,13,Excellent,0.5164729119085065,45895.0,1.0,Kennedyborough,UT,Palau,4.0,2,Alto,0
47,Non-binary,PhD,Married,36482.0,654.0,26110.0,Business,Unemployed,17,Good,0.20146407993376195,129168.0,1.0,Barretttown,NJ,Burundi,4.0,2,Alto,0
63,Non-binary,Bachelor's,Widowed,45379.0,720.0,20300.0,Home,Employed,5,Fair,0.1497151603032916,253132.0,4.0,Port George,NY,Equatorial Guinea,0.0,2,Bajo,1
40,Female,High School,Divorced,78391.0,605.0,14240.0,Business,Unemployed,16,Fair,0.17847136326062815,262632.0,0.0,Holttown,VI,Greenland,2.0,0,Medio,2
19,Non-binary,Bachelor's,Married,67109.0,738.0,33870.0,Business,Unemployed,7,Poor,0.4468404869487126,280008.0,2.0,Robertland,KY,Burkina Faso,2.0,0,Bajo,1
61,Non-binary,PhD,Widowed,56114.0,651.0,23306.0,Home,Self-employed,3,Fair,0.43426988677737266,111589.0,3.0,South Gregorychester,MS,Romania,4.0,2,Alto,0
37,Non-binary,Master's,Married,56680.0,761.0,35761.0,Personal,Employed,4,Excellent,0.2866083805703453,141228.0,0.0,Michaelport,LA,Austria,0.0,0,Bajo,1
41,Non-binary,Master's,Widowed,95846.0,709.0,37711.0,Business,Employed,2,Excellent,0.3599243106566121,73292.0,3.0,Debraberg,AK,Haiti,2.0,1,Bajo,1
43,Male,PhD,Divorced,33317.0,629.0,17096.0,Business,Employed,19,Poor,0.22897521334775353,126411.0,1.0,New Sydney,GU,Equatorial Guinea,2.0,1,Alto,0
22,Female,Bachelor's,Widowed,31467.0,654.0,38885.0,Personal,Employed,1,Poor,0.5841432415550556,73183.0,0.0,New Kevinborough,MN,Ukraine,1.0,1,Alto,0
38,Male,Bachelor's,Married,22369.0,745.0,17101.0,Business,Unemployed,3,Poor,0.4240805083668713,121824.0,2.0,East Marcus,CO,Mozambique,3.0,1,Alto,0
58,Female,Master's,Single,102782.0,623.0,16258.0,Personal,Unemployed,5,Fair,0.20994176928133437,171699.0,1.0,New Gary,WA,Tuvalu,4.0,1,Alto,0
43,Non-binary,PhD,Widowed,76395.0,692.0,29491.0,Personal,Unemployed,17,Good,0.3432363200178956,110356.0,4.0,Hernandezburgh,KS,Gambia,4.0,0,Alto,0
19,Male,High School,Widowed,117305.0,621.0,44227.0,Home,Employed,19,Fair,0.3170162754096624,202118.0,2.0,Davisberg,PW,Malta,4.0,1,Alto,0
19,Non-binary,PhD,Single,38242.0,725.0,31451.0,Personal,Self-employed,12,Excellent,0.34793084035007116,176217.0,3.0,East Jennamouth,VA,Kiribati,1.0,2,Alto,0
47,Non-binary,PhD,Single,101986.0,752.0,19843.0,Personal,Unemployed,8,Fair,0.30168894789551814,293328.0,3.0,Benderside,IA,Cocos (Keeling) Islands,3.0,1,Alto,0
52,Male,Bachelor's,Single,56214.0,637.0,36432.0,Auto,Self-employed,1,Good,0.5375632018018107,266803.0,0.0,Smithshire,NH,Guinea-Bissau,4.0,1,Alto,0
64,Female,High School,Divorced,37344.0,683.0,14890.0,Home,Employed,2,Excellent,0.23473414512639565,299810.0,4.0,Michaelhaven,IA,Jersey,3.0,1,Alto,0
68,Non-binary,PhD,Divorced,82726.0,781.0,25677.0,Personal,Employed,2,Excellent,0.2968662506423826,84110.0,1.0,Joelstad,NJ,Palestinian Territory,1.0,0,Bajo,1
30,Non-binary,Bachelor's,Widowed,116490.0,727.0,32521.0,Personal,Unemployed,19,Poor,0.5067963453537971,42304.0,3.0,Trevorview,FM,Gabon,1.0,2,Bajo,1
57,Non-binary,Master's,Divorced,68988.0,747.0,28119.0,Home,Self-employed,9,Good,0.3914089328011525,42666.0,4.0,Lake Kathryn,MS,Montserrat,4.0,0,Alto,0
68,Female,Bachelor's,Divorced,59899.0,743.0,44581.0,Business,Self-employed,2,Poor,0.4139274610139565,287416.0,1.0,North Lance,MT,Norway,4.0,2,Alto,0
40,Male,High School,Divorced,70061.0,736.0,8487.0,Personal,Unemployed,10,Poor,0.3736128949873918,235972.0,0.0,Port Kelsey,WA,Burkina Faso,4.0,0,Alto,0
66,Non-binary,Bachelor's,Single,117955.0,778.0,37155.0,Personal,Employed,4,Fair,0.41057774548771275,241391.0,0.0,Port Justin,ID,Martinique,4.0,0,Alto,0
59,Female,Master's,Married,88456.0,718.0,12647.0,Business,Employed,11,Poor,0.3110442825880225,174835.0,0.0,Courtneyfort,TN,Norway,1.0,0,Bajo,1
56,Non-binary,High School,Single,35554.0,620.0,9705.0,Personal,Unemployed,11,Excellent,0.32719290881164365,222721.0,3.0,West Codyport,ID,Jersey,2.0,2,Alto,0
48,Male,Master's,Widowed,93809.0,723.0,10101.0,Home,Unemployed,13,Excellent,0.5166331268113447,118027.0,0.0,South Gabriellehaven,AR,Bhutan,3.0,0,Alto,0
19,Non-binary,PhD,Divorced,85039.0,783.0,47733.0,Personal,Unemployed,16,Fair,0.4781301812764289,247054.0,1.0,Lisahaven,WI,Israel,1.0,1,Bajo,1
64,Non-binary,High School,Single,90775.0,766.0,11077.0,Home,Employed,6,Poor,0.34840107531312103,143660.0,4.0,Lake Deborahfurt,CA,Aruba,3.0,1,Alto,0
21,Female,PhD,Married,35169.0,638.0,38057.0,Auto,Self-employed,19,Fair,0.2186616229241781,259681.0,3.0,Smithchester,MA,Antarctica (the territory South of 60 deg S),3.0,1,Alto,0
48,Male,PhD,Widowed,97818.0,756.0,30999.0,Personal,Self-employed,0,Good,0.5133962456435242,142952.0,1.0,North Williamton,AZ,Tunisia,4.0,0,Alto,0
63,Female,Bachelor's,Divorced,103312.0,606.0,11947.0,Personal,Self-employed,11,Fair,0.25546201399293433,110286.0,1.0,Kevinland,NE,Bermuda,1.0,1,Medio,2
67,Male,PhD,Widowed,71481.0,788.0,36790.0,Auto,Self-employed,9,Excellent,0.28198803392634464,292983.0,2.0,Lake Elizabethtown,NJ,Korea,0.0,1,Bajo,1
35,Non-binary,Master's,Single,95902.0,710.0,7215.0,Home,Self-employed,3,Excellent,0.21082592143465842,247412.0,3.0,New Jeremyland,VA,Micronesia,4.0,2,Alto,0
64,Non-binary,High School,Divorced,95866.0,674.0,45229.0,Personal,Self-employed,13,Excellent,0.4591781946432111,138642.0,0.0,Pamelaland,PA,Andorra,3.0,1,Alto,0
28,Non-binary,Master's,Married,69830.0,611.0,41271.0,Personal,Self-employed,3,Poor,0.5447133847946138,153780.0,3.0,Darrelltown,MT,Canada,0.0,2,Medio,2
58,Female,High School,Married,58913.0,685.0,9176.0,Auto,Self-employed,5,Fair,0.14150796851075179,72032.0,0.0,Ianton,UT,Dominica,3.0,1,Alto,0
27,Male,Master's,Single,103994.0,654.0,14036.0,Auto,Self-employed,3,Poor,0.1970671199659604,119157.0,1.0,West Stanley,RI,Lesotho,4.0,2,Alto,0
42,Male,High School,Widowed,54314.0,629.0,6188.0,Auto,Unemployed,5,Fair,0.290132266620193,93901.0,1.0,Roberttown,PW,Nepal,3.0,0,Alto,0
30,Male,Master's,Single,37839.0,795.0,6625.0,Business,Unemployed,8,Fair,0.5254703785527982,99793.0,1.0,South Amandastad,NE,Belize,2.0,1,Alto,0
25,Female,Bachelor's,Single,119790.0,707.0,27093.0,Business,Employed,1,Poor,0.5729960973704216,236010.0,4.0,Jocelynborough,NY,Macao,0.0,2,Bajo,1
61,Male,Bachelor's,Divorced,110216.0,711.0,47211.0,Home,Self-employed,9,Fair,0.44838851389113143,45880.0,1.0,Michaelhaven,DE,Belize,3.0,2,Alto,0
36,Male,Bachelor's,Widowed,61401.0,712.0,8109.0,Home,Employed,2,Excellent,0.2438679188442587,160049.0,2.0,West Brandonport,MN,Taiwan,4.0,0,Alto,0
29,Non-binary,High School,Widowed,65440.0,682.0,43010.0,Personal,Employed,0,Good,0.12735813692052914,156659.0,0.0,West Brandy,NJ,Kuwait,1.0,2,Bajo,1
64,Non-binary,PhD,Married,96310.0,768.0,31273.0,Home,Self-employed,16,Fair,0.304868876576998,89193.0,3.0,Adamsshire,VT,American Samoa,3.0,2,Alto,0
53,Female,High School,Single,38615.0,726.0,49396.0,Personal,Employed,6,Poor,0.4001764405287911,129150.0,3.0,Lake Nicholas,ID,Burundi,3.0,0,Alto,0
41,Male,Bachelor's,Single,37916.0,716.0,11458.0,Personal,Self-employed,0,Excellent,0.4493194226783124,212673.0,4.0,Curtisland,VT,Dominican Republic,3.0,2,Alto,0
24,Non-binary,Bachelor's,Divorced,119132.0,648.0,10749.0,Auto,Self-employed,2,Good,0.34033268632831026,50682.0,1.0,Lindseyberg,PR,Uganda,4.0,1,Alto,0
21,Male,Master's,Divorced,115637.0,641.0,15662.0,Home,Self-employed,18,Good,0.35136686788389904,176811.0,2.0,Gabriellebury,PA,Tuvalu,1.0,0,Medio,2
44,Female,Master's,Divorced,52963.0,758.0,21322.0,Business,Employed,3,Excellent,0.32792977052437966,210173.0,3.0,South Debraland,SD,Brunei Darussalam,2.0,2,Bajo,1
41,Female,Bachelor's,Married,51886.0,766.0,19685.0,Personal,Self-employed,5,Good,0.3872755390232847,298243.0,3.0,West Kimside,CA,Central African Republic,0.0,2,Bajo,1
44,Female,Bachelor's,Widowed,42592.0,610.0,26103.0,Home,Employed,4,Excellent,0.301752200188,109419.0,4.0,Campbellstad,GA,Burkina Faso,0.0,1,Medio,2
20,Non-binary,High School,Single,42995.0,611.0,39612.0,Auto,Unemployed,5,Fair,0.4264014611687498,212161.0,4.0,Natalieshire,CO,Vietnam,4.0,2,Alto,0
30,Non-binary,Bachelor's,Divorced,97661.0,615.0,31736.0,Auto,Employed,1,Fair,0.17917309475517126,259346.0,4.0,Michaelberg,KY,Ecuador,1.0,1,Medio,2
35,Non-binary,Master's,Single,103750.0,699.0,22924.0,Home,Self-employed,3,Good,0.5565810857014036,234201.0,2.0,Brownmouth,DC,Turkey,3.0,1,Alto,0
36,Male,Master's,Married,63327.0,617.0,10375.0,Business,Self-employed,6,Excellent,0.4863394387483232,227446.0,2.0,Lake Johnton,DC,Sierra Leone,2.0,1,Medio,2
45,Male,PhD,Married,44687.0,772.0,32866.0,Home,Unemployed,12,Fair,0.20418970529432687,286486.0,1.0,South Nicole,CO,Austria,2.0,1,Bajo,1
61,Male,Bachelor's,Married,102203.0,794.0,28054.0,Home,Unemployed,10,Fair,0.5643500786758546,166523.0,2.0,Lake Coreyville,MP,Malaysia,2.0,1,Bajo,1
32,Non-binary,Master's,Married,52343.0,618.0,44428.0,Home,Unemployed,18,Poor,0.44158563146314267,188678.0,4.0,Lucasside,MT,Belarus,3.0,0,Alto,0
61,Female,Bachelor's,Married,53400.0,783.0,19687.0,Business,Unemployed,3,Fair,0.30265134617262834,165965.0,3.0,East Anthony,GU,Panama,1.0,1,Bajo,1
27,Non-binary,Master's,Divorced,46188.0,723.0,46286.0,Home,Unemployed,11,Excellent,0.49902291908862917,91193.0,4.0,South Cassandramouth,KY,Bosnia and Herzegovina,0.0,0,Bajo,1
31,Non-binary,PhD,Single,65291.0,617.0,49121.0,Auto,Unemployed,17,Good,0.14539192282586974,52968.0,0.0,East Cody,RI,Latvia,1.0,0,Medio,2
42,Female,PhD,Single,81897.0,791.0,35700.0,Home,Unemployed,13,Good,0.3184774389400288,218244.0,0.0,Conwaybury,MP,Tonga,4.0,1,Alto,0
49,Non-binary,Master's,Widowed,95350.0,732.0,32575.0,Home,Employed,1,Poor,0.24752540220541572,102424.0,2.0,Pachecobury,GA,Sierra Leone,2.0,2,Bajo,1
20,Non-binary,Bachelor's,Divorced,28631.0,640.0,27879.0,Auto,Unemployed,4,Good,0.4470182372431657,203802.0,4.0,Petersburgh,GA,Chile,4.0,0,Alto,0
38,Female,High School,Single,54536.0,768.0,23015.0,Home,Self-employed,16,Poor,0.19717554706224685,22378.0,0.0,Davidville,KS,French Southern Territories,1.0,1,Bajo,1
21,Male,Master's,Widowed,61992.0,690.0,22527.0,Business,Self-employed,3,Good,0.2856702288616353,34034.0,2.0,West Jeffery,GU,Sri Lanka,0.0,0,Bajo,1
38,Male,High School,Widowed,65955.0,698.0,23559.0,Home,Self-employed,13,Good,0.21878031551395735,145270.0,0.0,Lopeztown,LA,Austria,0.0,2,Bajo,1
25,Female,High School,Widowed,107787.0,609.0,32653.0,Business,Unemployed,15,Poor,0.5637147547071846,205232.0,2.0,Mahoneyfurt,MP,Cook Islands,2.0,1,Medio,2
46,Female,High School,Widowed,96625.0,748.0,28597.0,Business,Self-employed,15,Poor,0.21829009348310804,140649.0,1.0,South Williamview,UT,Korea,1.0,1,Bajo,1
63,Non-binary,Bachelor's,Married,33123.0,646.0,21854.0,Personal,Self-employed,7,Poor,0.23431039354009922,199315.0,4.0,South Daniel,VA,Honduras,0.0,1,Alto,0
42,Non-binary,PhD,Single,115063.0,763.0,13149.0,Home,Unemployed,10,Fair,0.4341014902878547,24254.0,4.0,South Jamesmouth,MA,Wallis and Futuna,4.0,1,Alto,0
66,Female,Bachelor's,Single,73906.0,766.0,33647.0,Auto,Employed,6,Excellent,0.4615409571385126,23522.0,1.0,West Lisa,ID,Martinique,1.0,2,Bajo,1
43,Male,Bachelor's,Married,61835.0,694.0,31761.0,Home,Employed,16,Poor,0.4921811438992294,152029.0,0.0,North Michaelville,CT,Belarus,2.0,2,Bajo,1
49,Male,Bachelor's,Widowed,54162.0,666.0,32955.0,Home,Unemployed,19,Good,0.3535992492225021,283602.0,4.0,New Dawn,TN,Italy,3.0,2,Alto,0
48,Female,Master's,Widowed,114303.0,701.0,27791.0,Business,Employed,0,Good,0.5194466374750111,91119.0,4.0,South Andrew,LA,Thailand,1.0,2,Bajo,1
49,Non-binary,PhD,Single,28299.0,686.0,19135.0,Personal,Self-employed,9,Excellent,0.4026559488128826,144260.0,1.0,Rhondaland,KS,Faroe Islands,0.0,0,Alto,0
42,Male,Master's,Single,43003.0,630.0,39687.0,Auto,Employed,4,Fair,0.19645670329096124,34906.0,3.0,Masonhaven,CA,Australia,2.0,2,Medio,2
46,Female,High School,Married,65897.0,688.0,20855.0,Home,Employed,4,Excellent,0.16304829695403936,122770.0,4.0,Annaport,VT,Netherlands,0.0,1,Bajo,1
57,Male,High School,Single,68899.0,723.0,35664.0,Auto,Unemployed,5,Good,0.2858244152117433,162861.0,3.0,Mullenbury,AS,Japan,4.0,2,Alto,0
45,Male,Bachelor's,Divorced,61585.0,633.0,6565.0,Home,Employed,6,Good,0.15048438188114574,63831.0,1.0,Daltonport,IN,Mali,1.0,0,Medio,2
23,Female,High School,Married,44718.0,779.0,46897.0,Auto,Employed,9,Excellent,0.42025102994045493,44211.0,2.0,Melissaborough,WV,Suriname,1.0,0,Bajo,1
60,Non-binary,PhD,Single,115379.0,617.0,32837.0,Home,Self-employed,6,Fair,0.2430761391470568,215003.0,0.0,South Christyshire,TX,Malaysia,4.0,1,Alto,0
43,Female,Master's,Divorced,104719.0,624.0,25583.0,Home,Employed,13,Fair,0.4298290427798942,273390.0,3.0,North Robert,NC,Fiji,2.0,0,Medio,2
22,Female,Master's,Single,23139.0,786.0,11500.0,Home,Self-employed,9,Good,0.4832153642759256,127898.0,1.0,North Luisbury,MN,Burundi,1.0,1,Alto,0
34,Non-binary,Master's,Married,117123.0,710.0,30275.0,Personal,Employed,6,Poor,0.5350076149919455,77091.0,1.0,Woodview,ME,Botswana,4.0,2,Alto,0
29,Female,PhD,Married,32197.0,792.0,29360.0,Personal,Unemployed,12,Excellent,0.520790381702345,94662.0,4.0,Edwinville,MO,Monaco,1.0,1,Alto,0
18,Female,PhD,Married,73884.0,628.0,31782.0,Home,Self-employed,0,Fair,0.45861538486425746,167618.0,2.0,Russellview,OR,Trinidad and Tobago,2.0,0,Medio,2
54,Male,PhD,Divorced,49000.0,752.0,45435.0,Home,Employed,2,Excellent,0.2653303089587479,266413.0,4.0,Aguirrestad,MT,Qatar,3.0,0,Alto,0
47,Non-binary,High School,Divorced,50161.0,716.0,20031.0,Business,Employed,1,Fair,0.5811125975334359,218269.0,3.0,North Brittany,WI,Singapore,3.0,2,Alto,0
50,Non-binary,Bachelor's,Widowed,31394.0,648.0,9342.0,Auto,Self-employed,5,Excellent,0.5417072727833081,267356.0,3.0,North Katherine,NY,Mali,3.0,1,Alto,0
51,Female,Master's,Married,47195.0,636.0,36135.0,Auto,Unemployed,13,Excellent,0.3918478431203648,111621.0,0.0,Brittanytown,MH,Chad,2.0,1,Medio,2
49,Female,Master's,Married,50543.0,629.0,19055.0,Personal,Self-employed,8,Fair,0.3301890825247199,143254.0,3.0,Lake Victoriafurt,VA,Ethiopia,4.0,1,Alto,0
61,Non-binary,High School,Married,98206.0,617.0,34873.0,Personal,Self-employed,19,Fair,0.11656201687425624,269548.0,4.0,Meganfort,KY,Finland,3.0,2,Alto,0
31,Male,High School,Single,84551.0,627.0,36760.0,Home,Employed,1,Good,0.5308537547988283,171064.0,2.0,North Mercedes,WI,Oman,0.0,0,Medio,2
45,Female,Master's,Single,98961.0,651.0,31069.0,Home,Unemployed,9,Excellent,0.3517017849380213,99094.0,1.0,Weaverberg,MS,San Marino,4.0,2,Alto,0
50,Female,Bachelor's,Widowed,22781.0,695.0,49891.0,Auto,Unemployed,5,Good,0.4975724793984798,215151.0,4.0,Stephanieton,GA,Saint Vincent and the Grenadines,1.0,2,Alto,0
66,Non-binary,Master's,Married,34618.0,725.0,18483.0,Business,Self-employed,19,Fair,0.5465684627302962,96900.0,3.0,South Savannahchester,MT,Armenia,1.0,0,Alto,0
40,Non-binary,Master's,Single,58485.0,757.0,9541.0,Business,Self-employed,0,Poor,0.5123556817443328,99632.0,0.0,Chadview,ND,France,1.0,0,Bajo,1
26,Female,Master's,Divorced,108520.0,686.0,18746.0,Auto,Unemployed,8,Fair,0.493216707295558,178993.0,3.0,North Miketown,NV,North Macedonia,1.0,1,Bajo,1
61,Male,High School,Divorced,54129.0,703.0,15715.0,Auto,Self-employed,16,Excellent,0.5051666009594064,102450.0,3.0,Port Gregory,KY,Congo,1.0,1,Bajo,1
34,Male,Bachelor's,Single,111724.0,682.0,45638.0,Home,Employed,15,Good,0.48117839621073044,78859.0,2.0,South Joyceborough,NJ,Moldova,2.0,0,Bajo,1
32,Non-binary,Master's,Single,74254.0,689.0,42820.0,Personal,Unemployed,11,Excellent,0.5400561162489764,264850.0,0.0,East Evelyn,MS,Cyprus,3.0,0,Alto,0
63,Male,High School,Single,115619.0,636.0,34980.0,Personal,Self-employed,10,Fair,0.4970010361966468,104652.0,3.0,Amymouth,NY,Tonga,3.0,0,Alto,0
36,Male,Bachelor's,Divorced,49394.0,757.0,19274.0,Personal,Employed,6,Good,0.2872841099076141,76365.0,2.0,Gonzalesside,WY,Egypt,1.0,1,Bajo,1
38,Non-binary,Master's,Widowed,104860.0,609.0,17414.0,Home,Employed,13,Excellent,0.5090493854352166,162515.0,2.0,North Brenda,GU,Guinea-Bissau,1.0,1,Medio,2
62,Female,High School,Divorced,61150.0,794.0,35575.0,Auto,Self-employed,12,Excellent,0.591374841192135,275977.0,3.0,East Janetport,AR,Poland,0.0,2,Bajo,1
28,Female,PhD,Widowed,105965.0,625.0,19476.0,Home,Employed,13,Excellent,0.23804560002636152,33487.0,1.0,Christopherfort,MP,Austria,0.0,1,Medio,2
42,Female,PhD,Widowed,81068.0,744.0,8986.0,Auto,Self-employed,18,Good,0.5138903050719191,259896.0,1.0,West Ralphbury,NM,Ethiopia,2.0,0,Bajo,1
49,Female,High School,Single,29734.0,652.0,44356.0,Home,Self-employed,13,Excellent,0.5679283528137835,78123.0,3.0,Lamberttown,ME,Guadeloupe,2.0,0,Alto,0
35,Female,Master's,Married,108652.0,682.0,21953.0,Home,Self-employed,9,Excellent,0.5602023076602226,208538.0,0.0,West Gwendolyn,GA,Liechtenstein,1.0,1,Bajo,1
43,Male,Bachelor's,Married,110352.0,662.0,36790.0,Business,Self-employed,13,Good,0.4748024770256334,203890.0,2.0,New Catherine,RI,Cambodia,2.0,1,Medio,2
40,Male,High School,Married,43655.0,614.0,34565.0,Home,Unemployed,11,Poor,0.39990051100710033,32179.0,4.0,Curtismouth,IA,Uzbekistan,1.0,1,Medio,2
29,Non-binary,PhD,Married,46250.0,642.0,44369.0,Home,Unemployed,19,Excellent,0.593998998118904,196930.0,4.0,South Morganchester,LA,Palau,2.0,1,Medio,2
